"original_path","target_path","bucket","classification","git_state","extension","size_bytes","width","height","sha256","reference_locations","category","atlas_group","action","reason"
"assets/fx/爆炸影响_参考还原_v1/frames_rgba/frame_00.png","art_source/fx_references/爆炸影响_参考还原_v01/frames_rgba/frame_00.png","art_source","protected_source","tracked_or_staged",".png","13008","1226","1756","a95a3655fc7453fa5c380d2001fc65ebd4bfc995769e5777f83f74032dd7fc0b","","","","move_art_source","protected_new_fx_reference"
"assets/fx/爆炸影响_参考还原_v1/frames_rgba/frame_01.png","art_source/fx_references/爆炸影响_参考还原_v01/frames_rgba/frame_01.png","art_source","protected_source","tracked_or_staged",".png","62597","1226","1756","ad1092bece8a6c3863c7353b1238941567b0f687051df52e11e662bd36d945ac","","","","move_art_source","protected_new_fx_reference"
"assets/fx/爆炸影响_参考还原_v1/frames_rgba/frame_02.png","art_source/fx_references/爆炸影响_参考还原_v01/frames_rgba/frame_02.png","art_source","protected_source","tracked_or_staged",".png","94990","1226","1756","f8dbeb858591ba518ad888ea84a3d2254da373e2f2f10a7f6a5bbe637c23ae06","","","","move_art_source","protected_new_fx_reference"
"assets/fx/爆炸影响_参考还原_v1/frames_rgba/frame_03.png","art_source/fx_references/爆炸影响_参考还原_v01/frames_rgba/frame_03.png","art_source","protected_source","tracked_or_staged",".png","117443","1226","1756","2c01b0da71cde79558b8175b328a4d31bab15fa42da6319cde08e9592d2e4e32","","","","move_art_source","protected_new_fx_reference"
"assets/fx/爆炸影响_参考还原_v1/frames_rgba/frame_04.png","art_source/fx_references/爆炸影响_参考还原_v01/frames_rgba/frame_04.png","art_source","protected_source","tracked_or_staged",".png","123789","1226","1756","7c06c04a5450564e4541cd2790e03e9927646aeca60bd202f09511f81e70019e","","","","move_art_source","protected_new_fx_reference"
"assets/fx/爆炸影响_参考还原_v1/frames_rgba/frame_05.png","art_source/fx_references/爆炸影响_参考还原_v01/frames_rgba/frame_05.png","art_source","protected_source","tracked_or_staged",".png","123001","1226","1756","a7f169f8e50971a6fa5962e56983b5ff1bb8ca1ab65fd8157bbaad3250e74ed2","","","","move_art_source","protected_new_fx_reference"
"assets/fx/爆炸影响_参考还原_v1/frames_rgba/frame_06.png","art_source/fx_references/爆炸影响_参考还原_v01/frames_rgba/frame_06.png","art_source","protected_source","tracked_or_staged",".png","116613","1226","1756","24df9bc2d1d5139baf5f81ca1e6a96dd6919f7b2c991abe9b7cccc153970cb2d","","","","move_art_source","protected_new_fx_reference"
"assets/fx/爆炸影响_参考还原_v1/frames_rgba/frame_07.png","art_source/fx_references/爆炸影响_参考还原_v01/frames_rgba/frame_07.png","art_source","protected_source","tracked_or_staged",".png","109017","1226","1756","42aa1fd24626beeedf124d1ffc0e50efe49c409a8b6482d1d46576c6a6c69432","","","","move_art_source","protected_new_fx_reference"
"assets/fx/爆炸影响_参考还原_v1/frames_rgba/frame_08.png","art_source/fx_references/爆炸影响_参考还原_v01/frames_rgba/frame_08.png","art_source","protected_source","tracked_or_staged",".png","96535","1226","1756","0d7a8298845e624ca224fd3ff3448a5549403fbb4d9f007858610948be8e978e","","","","move_art_source","protected_new_fx_reference"
"assets/fx/爆炸影响_参考还原_v1/frames_rgba/frame_09.png","art_source/fx_references/爆炸影响_参考还原_v01/frames_rgba/frame_09.png","art_source","protected_source","tracked_or_staged",".png","82002","1226","1756","dcfd9dbd4055687d57008dddc5a510da3530db0841fc9f5027e5509094dc57dc","","","","move_art_source","protected_new_fx_reference"
"assets/fx/爆炸影响_参考还原_v1/frames_rgba/frame_10.png","art_source/fx_references/爆炸影响_参考还原_v01/frames_rgba/frame_10.png","art_source","protected_source","tracked_or_staged",".png","65756","1226","1756","cd4faff60326a59b841152458a2df40170f00270ac2e73fe980e67103eb593b9","","","","move_art_source","protected_new_fx_reference"
"assets/fx/爆炸影响_参考还原_v1/frames_rgba/frame_11.png","art_source/fx_references/爆炸影响_参考还原_v01/frames_rgba/frame_11.png","art_source","protected_source","tracked_or_staged",".png","52082","1226","1756","ce69c1764b94bfa950e02e8aabd11b13441f0ebc00e7db3de852dad71b68be85","","","","move_art_source","protected_new_fx_reference"
"assets/fx/爆炸影响_参考还原_v1/frames_rgba/frame_12.png","art_source/fx_references/爆炸影响_参考还原_v01/frames_rgba/frame_12.png","art_source","protected_source","tracked_or_staged",".png","47189","1226","1756","7e76cbc78d01ac7749db108a06be96bf085c4a3cc2167525eff615617eb2cf7b","","","","move_art_source","protected_new_fx_reference"
"assets/fx/爆炸影响_参考还原_v1/frames_rgba/frame_13.png","art_source/fx_references/爆炸影响_参考还原_v01/frames_rgba/frame_13.png","art_source","protected_source","tracked_or_staged",".png","37968","1226","1756","ffea7a963fa15a45abdf42529783f75b92e6915ba4d1d86ef9f48a9615558a81","","","","move_art_source","protected_new_fx_reference"
"assets/fx/爆炸影响_参考还原_v1/frames_rgba/frame_14.png","art_source/fx_references/爆炸影响_参考还原_v01/frames_rgba/frame_14.png","art_source","protected_source","tracked_or_staged",".png","25765","1226","1756","7f604abb4a1be2b95955456b76ea6ddd64e8b193ff30e5ade10c25c845ee765a","","","","move_art_source","protected_new_fx_reference"
"assets/fx/爆炸影响_参考还原_v1/frames_rgba/frame_15.png","art_source/fx_references/爆炸影响_参考还原_v01/frames_rgba/frame_15.png","art_source","protected_source","tracked_or_staged",".png","20354","1226","1756","2c0a2e0ed68e6079fd215e8d82294b56a4225e25e0f3171cf4448cb1f50df8e9","","","","move_art_source","protected_new_fx_reference"
"assets/fx/爆炸影响_参考还原_v1/frames_rgba/frame_16.png","art_source/fx_references/爆炸影响_参考还原_v01/frames_rgba/frame_16.png","art_source","protected_source","tracked_or_staged",".png","22382","1226","1756","e9c0cabd36b905e0f60ff3b4eb03bd2c0a4329994c4b5cfde426d2bbbffb684e","","","","move_art_source","protected_new_fx_reference"
"assets/fx/爆炸影响_参考还原_v1/frames_rgba/frame_17.png","art_source/fx_references/爆炸影响_参考还原_v01/frames_rgba/frame_17.png","art_source","protected_source","tracked_or_staged",".png","16170","1226","1756","3a3c0aa191592de4ba864c27f41f8dc1a90626b2eb896ea6e1b188013a37081a","","","","move_art_source","protected_new_fx_reference"
"assets/fx/爆炸影响_参考还原_v1/frames_rgba/frame_18.png","art_source/fx_references/爆炸影响_参考还原_v01/frames_rgba/frame_18.png","art_source","protected_source","tracked_or_staged",".png","15448","1226","1756","0effde0fdaf995b7c4da77e639f5d6ba936897f0fa0df01fd7007e58627937e4","","","","move_art_source","protected_new_fx_reference"
"assets/fx/爆炸影响_参考还原_v1/frames_rgba/frame_19.png","art_source/fx_references/爆炸影响_参考还原_v01/frames_rgba/frame_19.png","art_source","protected_source","tracked_or_staged",".png","13694","1226","1756","bcaf07832bbb51e157518c57970fb1b26a4264e323a9dffd04bc5323fdac5fc3","","","","move_art_source","protected_new_fx_reference"
"assets/fx/爆炸影响_参考还原_v1/frames_rgba/frame_20.png","art_source/fx_references/爆炸影响_参考还原_v01/frames_rgba/frame_20.png","art_source","protected_source","tracked_or_staged",".png","13306","1226","1756","91d8ee88cc3b343ae7dbbb43b05d42bca3abe3231f1e19b1382507ec64dc7561","","","","move_art_source","protected_new_fx_reference"
"assets/fx/爆炸影响_参考还原_v1/frames_rgba/frame_21.png","art_source/fx_references/爆炸影响_参考还原_v01/frames_rgba/frame_21.png","art_source","protected_source","tracked_or_staged",".png","13133","1226","1756","cfd37b85905ae71efc45cb32fe21682599d644da9bc4ffd23b33dd3a6e0f672d","","","","move_art_source","protected_new_fx_reference"
"assets/fx/爆炸影响_参考还原_v1/frames_rgba/frame_22.png","art_source/fx_references/爆炸影响_参考还原_v01/frames_rgba/frame_22.png","art_source","protected_source","tracked_or_staged",".png","13133","1226","1756","cfd37b85905ae71efc45cb32fe21682599d644da9bc4ffd23b33dd3a6e0f672d","","","","move_art_source","protected_new_fx_reference"
"assets/fx/爆炸影响_参考还原_v1/frames_rgba/frame_23.png","art_source/fx_references/爆炸影响_参考还原_v01/frames_rgba/frame_23.png","art_source","protected_source","tracked_or_staged",".png","13008","1226","1756","a95a3655fc7453fa5c380d2001fc65ebd4bfc995769e5777f83f74032dd7fc0b","","","","move_art_source","protected_new_fx_reference"
"assets/fx/爆炸影响_参考还原_v1/frames_rgba/frame_24.png","art_source/fx_references/爆炸影响_参考还原_v01/frames_rgba/frame_24.png","art_source","protected_source","tracked_or_staged",".png","13008","1226","1756","a95a3655fc7453fa5c380d2001fc65ebd4bfc995769e5777f83f74032dd7fc0b","","","","move_art_source","protected_new_fx_reference"
"assets/fx/爆炸影响_参考还原_v1/爆炸影响特效合集_参考还原_3秒循环.mp4","art_source/fx_references/爆炸影响_参考还原_v01/爆炸影响特效合集_参考还原_3秒循环.mp4","art_source","protected_source","tracked_or_staged",".mp4","1907186","","","49e5a4aaad5c8d5a409b8f480577246fb02b456b9f3350223cd66a1e29fe171e","","","","move_art_source","protected_new_fx_reference"
"assets/fx/爆炸影响_参考还原_v1/爆炸影响特效合集_关键帧检查.jpg","art_source/fx_references/爆炸影响_参考还原_v01/爆炸影响特效合集_关键帧检查.jpg","art_source","protected_source","tracked_or_staged",".jpg","346535","2452","1756","d4da8c25b0a9387bd98137a455c428b3d8a0cd00f35466bff7ce58b12152b987","","","","move_art_source","protected_new_fx_reference"
"assets/fx/爆炸影响_参考还原_v1/爆炸影响特效合集_透明循环.webp","art_source/fx_references/爆炸影响_参考还原_v01/爆炸影响特效合集_透明循环.webp","art_source","protected_source","tracked_or_staged",".webp","283778","","","c694e81cdb18edfca2210ec826c10ba5212c28a3662f1f0d7e48b7cda36e58a5","","","","move_art_source","protected_new_fx_reference"
"assets/fx/爆炸影响_参考还原_v1/爆炸影响特效合集_预览.gif","art_source/fx_references/爆炸影响_参考还原_v01/爆炸影响特效合集_预览.gif","art_source","protected_source","tracked_or_staged",".gif","367477","613","878","281471a0d8f6c50da52feee500ef66c8dd3c28a5fc96f0cb9bf5c675b77e782d","","","","move_art_source","protected_new_fx_reference"
"assets/fx/爆炸影响_参考还原_v2_严格保真/frames_rgba/frame_00.png","art_source/fx_references/爆炸影响_参考还原_v02_严格保真/frames_rgba/frame_00.png","art_source","protected_source","tracked_or_staged",".png","4978","613","878","4193ca8c265c8f368e36ee7081f776150f3b4361d9553b34178123a9ed12ad7c","","","","move_art_source","protected_new_fx_reference"
"assets/fx/爆炸影响_参考还原_v2_严格保真/frames_rgba/frame_01.png","art_source/fx_references/爆炸影响_参考还原_v02_严格保真/frames_rgba/frame_01.png","art_source","protected_source","tracked_or_staged",".png","43471","613","878","52c154ad4ca2e3d66674547480fb8b760e3aefe484ed6d3d8983578d6250ee26","","","","move_art_source","protected_new_fx_reference"
"assets/fx/爆炸影响_参考还原_v2_严格保真/frames_rgba/frame_02.png","art_source/fx_references/爆炸影响_参考还原_v02_严格保真/frames_rgba/frame_02.png","art_source","protected_source","tracked_or_staged",".png","68015","613","878","f95461c3ed2fc5a549214f4677998d06145659e5fd0b9f4bb8383a55caf82434","","","","move_art_source","protected_new_fx_reference"
"assets/fx/爆炸影响_参考还原_v2_严格保真/frames_rgba/frame_03.png","art_source/fx_references/爆炸影响_参考还原_v02_严格保真/frames_rgba/frame_03.png","art_source","protected_source","tracked_or_staged",".png","87318","613","878","42b0446943e29cc8903db76d9fdaaac5295e62237a01af26b32aa646a3115954","","","","move_art_source","protected_new_fx_reference"
"assets/fx/爆炸影响_参考还原_v2_严格保真/frames_rgba/frame_04.png","art_source/fx_references/爆炸影响_参考还原_v02_严格保真/frames_rgba/frame_04.png","art_source","protected_source","tracked_or_staged",".png","91086","613","878","f030458cb047f9c149db0478ebcc09a17912a8b14cba960b9127024f58ec13b5","","","","move_art_source","protected_new_fx_reference"
"assets/fx/爆炸影响_参考还原_v2_严格保真/frames_rgba/frame_05.png","art_source/fx_references/爆炸影响_参考还原_v02_严格保真/frames_rgba/frame_05.png","art_source","protected_source","tracked_or_staged",".png","89696","613","878","e04a03e167984a3b8fe30768668731c4a810bf3b501bbbd2d598b996e09edaf1","","","","move_art_source","protected_new_fx_reference"
"assets/fx/爆炸影响_参考还原_v2_严格保真/frames_rgba/frame_06.png","art_source/fx_references/爆炸影响_参考还原_v02_严格保真/frames_rgba/frame_06.png","art_source","protected_source","tracked_or_staged",".png","83273","613","878","581a476762bc662ca8f2172930e4006474df363a6781ed2e6ca0b3c077d7a5ef","","","","move_art_source","protected_new_fx_reference"
"assets/fx/爆炸影响_参考还原_v2_严格保真/frames_rgba/frame_07.png","art_source/fx_references/爆炸影响_参考还原_v02_严格保真/frames_rgba/frame_07.png","art_source","protected_source","tracked_or_staged",".png","77153","613","878","b24409e30de46982a6f7a490403d47a650e15fbaeae7eea8135630358a06412a","","","","move_art_source","protected_new_fx_reference"
"assets/fx/爆炸影响_参考还原_v2_严格保真/frames_rgba/frame_08.png","art_source/fx_references/爆炸影响_参考还原_v02_严格保真/frames_rgba/frame_08.png","art_source","protected_source","tracked_or_staged",".png","65490","613","878","46d15e60d7c0da9e6c1e4dabb2d89edc69ce2d866f198083cf4256d82030110a","","","","move_art_source","protected_new_fx_reference"
"assets/fx/爆炸影响_参考还原_v2_严格保真/frames_rgba/frame_09.png","art_source/fx_references/爆炸影响_参考还原_v02_严格保真/frames_rgba/frame_09.png","art_source","protected_source","tracked_or_staged",".png","54528","613","878","058b671e38ec706ad793fe59bc742a30754ebcac28fe35cd68e153de2bbc080d","","","","move_art_source","protected_new_fx_reference"
"assets/fx/爆炸影响_参考还原_v2_严格保真/frames_rgba/frame_10.png","art_source/fx_references/爆炸影响_参考还原_v02_严格保真/frames_rgba/frame_10.png","art_source","protected_source","tracked_or_staged",".png","42827","613","878","1572f2cef124eea63c2dd1d9b2468d63a3f1d0479d12c4a53552d0c3abe1be13","","","","move_art_source","protected_new_fx_reference"
"assets/fx/爆炸影响_参考还原_v2_严格保真/frames_rgba/frame_11.png","art_source/fx_references/爆炸影响_参考还原_v02_严格保真/frames_rgba/frame_11.png","art_source","protected_source","tracked_or_staged",".png","33095","613","878","2fb979c451171503bb15ffea86c57663f4bb44df802ff01beb2557c9ac6c6623","","","","move_art_source","protected_new_fx_reference"
"assets/fx/爆炸影响_参考还原_v2_严格保真/frames_rgba/frame_12.png","art_source/fx_references/爆炸影响_参考还原_v02_严格保真/frames_rgba/frame_12.png","art_source","protected_source","tracked_or_staged",".png","29977","613","878","41afad24d490502c1be898f2f644b6413daf71cdec07230b413b5f9ef5a716f9","","","","move_art_source","protected_new_fx_reference"
"assets/fx/爆炸影响_参考还原_v2_严格保真/frames_rgba/frame_13.png","art_source/fx_references/爆炸影响_参考还原_v02_严格保真/frames_rgba/frame_13.png","art_source","protected_source","tracked_or_staged",".png","23594","613","878","f34905786c42f7603e12616dccbf6dbb3715ae8551c53384244272a8c3992407","","","","move_art_source","protected_new_fx_reference"
"assets/fx/爆炸影响_参考还原_v2_严格保真/frames_rgba/frame_14.png","art_source/fx_references/爆炸影响_参考还原_v02_严格保真/frames_rgba/frame_14.png","art_source","protected_source","tracked_or_staged",".png","14152","613","878","c726066ab628ef475de45ee13f36ce8fc097563abc45d44933eeeceb441801c8","","","","move_art_source","protected_new_fx_reference"
"assets/fx/爆炸影响_参考还原_v2_严格保真/frames_rgba/frame_15.png","art_source/fx_references/爆炸影响_参考还原_v02_严格保真/frames_rgba/frame_15.png","art_source","protected_source","tracked_or_staged",".png","10552","613","878","30b79984cd1ea2689eec8f511f189cde5a5f0bff20cd5289e213bee0d3f30ada","","","","move_art_source","protected_new_fx_reference"
"assets/fx/爆炸影响_参考还原_v2_严格保真/frames_rgba/frame_16.png","art_source/fx_references/爆炸影响_参考还原_v02_严格保真/frames_rgba/frame_16.png","art_source","protected_source","tracked_or_staged",".png","12149","613","878","85ebe531bd7cdaac883464d940c78273b3cce222462919a01796d2f379797d3c","","","","move_art_source","protected_new_fx_reference"
"assets/fx/爆炸影响_参考还原_v2_严格保真/frames_rgba/frame_17.png","art_source/fx_references/爆炸影响_参考还原_v02_严格保真/frames_rgba/frame_17.png","art_source","protected_source","tracked_or_staged",".png","7360","613","878","846a6506af87f058d30d927d5dc1f8edeec9263b149453c8f2c2caaa4b3ffe41","","","","move_art_source","protected_new_fx_reference"
"assets/fx/爆炸影响_参考还原_v2_严格保真/frames_rgba/frame_18.png","art_source/fx_references/爆炸影响_参考还原_v02_严格保真/frames_rgba/frame_18.png","art_source","protected_source","tracked_or_staged",".png","6786","613","878","2ff4a02a08b1214516fc624185a27b3526864f427ff3634d34b22ae7f4557f7d","","","","move_art_source","protected_new_fx_reference"
"assets/fx/爆炸影响_参考还原_v2_严格保真/frames_rgba/frame_19.png","art_source/fx_references/爆炸影响_参考还原_v02_严格保真/frames_rgba/frame_19.png","art_source","protected_source","tracked_or_staged",".png","5449","613","878","b263d9dca0d81459a6450062cb7cf9296fc579a1314104cab3e1c5c0566d9d4f","","","","move_art_source","protected_new_fx_reference"
"assets/fx/爆炸影响_参考还原_v2_严格保真/frames_rgba/frame_20.png","art_source/fx_references/爆炸影响_参考还原_v02_严格保真/frames_rgba/frame_20.png","art_source","protected_source","tracked_or_staged",".png","5191","613","878","04cdb9efac38974616c58315b0aec54f7bf2e161007e4d30b0e8d4dee862db2b","","","","move_art_source","protected_new_fx_reference"
"assets/fx/爆炸影响_参考还原_v2_严格保真/frames_rgba/frame_21.png","art_source/fx_references/爆炸影响_参考还原_v02_严格保真/frames_rgba/frame_21.png","art_source","protected_source","tracked_or_staged",".png","5076","613","878","af61000eac9719386cae19e186ea8b20def8d30dbc096102a9406702e3cd304a","","","","move_art_source","protected_new_fx_reference"
"assets/fx/爆炸影响_参考还原_v2_严格保真/frames_rgba/frame_22.png","art_source/fx_references/爆炸影响_参考还原_v02_严格保真/frames_rgba/frame_22.png","art_source","protected_source","tracked_or_staged",".png","5076","613","878","af61000eac9719386cae19e186ea8b20def8d30dbc096102a9406702e3cd304a","","","","move_art_source","protected_new_fx_reference"
"assets/fx/爆炸影响_参考还原_v2_严格保真/frames_rgba/frame_23.png","art_source/fx_references/爆炸影响_参考还原_v02_严格保真/frames_rgba/frame_23.png","art_source","protected_source","tracked_or_staged",".png","4978","613","878","4193ca8c265c8f368e36ee7081f776150f3b4361d9553b34178123a9ed12ad7c","","","","move_art_source","protected_new_fx_reference"
"assets/fx/爆炸影响_参考还原_v2_严格保真/frames_rgba/frame_24.png","art_source/fx_references/爆炸影响_参考还原_v02_严格保真/frames_rgba/frame_24.png","art_source","protected_source","tracked_or_staged",".png","4978","613","878","4193ca8c265c8f368e36ee7081f776150f3b4361d9553b34178123a9ed12ad7c","","","","move_art_source","protected_new_fx_reference"
"assets/fx/爆炸影响_参考还原_v2_严格保真/爆炸影响特效合集_严格保真_3秒循环.mp4","art_source/fx_references/爆炸影响_参考还原_v02_严格保真/爆炸影响特效合集_严格保真_3秒循环.mp4","art_source","protected_source","tracked_or_staged",".mp4","1075981","","","ca85f0bc94a0435e1b8cbdb21314a5b8e7a95eaa8062625b6f16cfdaf3553028","","","","move_art_source","protected_new_fx_reference"
"assets/fx/爆炸影响_参考还原_v2_严格保真/爆炸影响特效合集_严格保真_透明循环.webp","art_source/fx_references/爆炸影响_参考还原_v02_严格保真/爆炸影响特效合集_严格保真_透明循环.webp","art_source","protected_source","tracked_or_staged",".webp","254010","","","134a90ce4ba2021a3b4c613104792666d7eb1c88ceff93a8274f16574be6bf44","","","","move_art_source","protected_new_fx_reference"
"assets/fx/爆炸影响_参考还原_v2_严格保真/爆炸影响特效合集_严格保真_预览.gif","art_source/fx_references/爆炸影响_参考还原_v02_严格保真/爆炸影响特效合集_严格保真_预览.gif","art_source","protected_source","tracked_or_staged",".gif","432531","613","878","55ac8a7b9e83a23cfc262e634e695a1b4815371f3e730c7821cc9a69c3fdf04f","","","","move_art_source","protected_new_fx_reference"
"assets/fx/爆炸影响_参考还原_v2_严格保真/验证说明.txt","art_source/fx_references/爆炸影响_参考还原_v02_严格保真/验证说明.txt","art_source","protected_source","tracked_or_staged",".txt","325","","","2f44a737632acd4c9db27230458d4a18b04771216085c632b8b6b018cd1ff8b7","","","","move_art_source","protected_new_fx_reference"
"assets/fx/爆炸影响_参考还原_v2_严格保真/原参考_vs_严格保真V2_关键帧对照.jpg","art_source/fx_references/爆炸影响_参考还原_v02_严格保真/原参考_vs_严格保真V2_关键帧对照.jpg","art_source","protected_source","tracked_or_staged",".jpg","638562","3065","1756","24386c48156aca1ddfe61fa2c2d72f76e4cc8984c55ba504b23c46e8d0064533","","","","move_art_source","protected_new_fx_reference"
"assets/fx/portal/portal_loop_16f_stable.gif","art_source/fx_references/传送门候选/portal_loop_16f_stable.gif","art_source","protected_source","tracked_or_staged",".gif","228928","256","256","8c176baf56a4bdf07b653f8c7d2873be74fed2464d0a961253194e32ccf18fdc","","","","move_art_source","protected_new_fx_reference"
"assets/fx/portal/portal_loop_16f_stable.webp","art_source/fx_references/传送门候选/portal_loop_16f_stable.webp","art_source","protected_source","tracked_or_staged",".webp","661028","","","34bfc4a52bb83d9ea83ec28061bd21c42b65736d25c757e66ac61958f036eb0d","","","","move_art_source","protected_new_fx_reference"
"assets/fx/portal/portal_loop_4x4_512.png","art_source/fx_references/传送门候选/portal_loop_4x4_512.png","art_source","protected_source","tracked_or_staged",".png","299176","512","512","a5ea56f19b4ef8ee6e9430e7831cd5ed62fdeec95b88cbb84e3a47fbc2a124ae","","","","move_art_source","protected_new_fx_reference"
"assets/fx/弹道效果全景图_v1/弹道效果全景图_3x5_v01.png","art_source/fx_references/弹道效果全景图_v01/弹道效果全景图_3x5_v01.png","art_source","protected_source","tracked_or_staged",".png","1362079","1672","941","2494750aaac10829cabf1817f606ea77f186cc707e4643b9bb0eb2c26d271aef","","","","move_art_source","protected_new_fx_reference"
"assets/fx/弹道效果全景循环_12帧_v1/frames/frame_00.png","art_source/fx_references/弹道效果全景循环_12帧_v01/frames/frame_00.png","art_source","protected_source","tracked_or_staged",".png","1260137","1672","941","6dbe0dacd0fbf24cb1a6c5105dda7e11150ce03a87e68707f2de84f2db4c85a8","","","","move_art_source","protected_new_fx_reference"
"assets/fx/弹道效果全景循环_12帧_v1/frames/frame_01.png","art_source/fx_references/弹道效果全景循环_12帧_v01/frames/frame_01.png","art_source","protected_source","tracked_or_staged",".png","1259385","1672","941","04c88cabd0cdc270e7b1595507e727efac6898aa288dbcc6ebfc4bdaa4d0867e","","","","move_art_source","protected_new_fx_reference"
"assets/fx/弹道效果全景循环_12帧_v1/frames/frame_02.png","art_source/fx_references/弹道效果全景循环_12帧_v01/frames/frame_02.png","art_source","protected_source","tracked_or_staged",".png","1257292","1672","941","a103fe03e7c2c8e8d5dd44cf0361925c2d2bc5afa32b12fc083d0a51cd7a583a","","","","move_art_source","protected_new_fx_reference"
"assets/fx/弹道效果全景循环_12帧_v1/frames/frame_03.png","art_source/fx_references/弹道效果全景循环_12帧_v01/frames/frame_03.png","art_source","protected_source","tracked_or_staged",".png","1256165","1672","941","b6ea6e869eac4c05bbec205474e24dfa578910315dc44528872acb677a531f70","","","","move_art_source","protected_new_fx_reference"
"assets/fx/弹道效果全景循环_12帧_v1/frames/frame_04.png","art_source/fx_references/弹道效果全景循环_12帧_v01/frames/frame_04.png","art_source","protected_source","tracked_or_staged",".png","1255500","1672","941","1e19dd60bb0fe903c7ff159fd09a603263d90264f70fae29cabfdedda5cc0e4c","","","","move_art_source","protected_new_fx_reference"
"assets/fx/弹道效果全景循环_12帧_v1/frames/frame_05.png","art_source/fx_references/弹道效果全景循环_12帧_v01/frames/frame_05.png","art_source","protected_source","tracked_or_staged",".png","1255431","1672","941","1f854eebd4d6e7e3b459274dd4bb5f8a5e545af1feb3415e885b33a497c9ce0c","","","","move_art_source","protected_new_fx_reference"
"assets/fx/弹道效果全景循环_12帧_v1/frames/frame_06.png","art_source/fx_references/弹道效果全景循环_12帧_v01/frames/frame_06.png","art_source","protected_source","tracked_or_staged",".png","1256340","1672","941","148614adcafa984c9f7e2000eafd8f97c99926abe837ab3ecbb35e9e0e3b9e29","","","","move_art_source","protected_new_fx_reference"
"assets/fx/弹道效果全景循环_12帧_v1/frames/frame_07.png","art_source/fx_references/弹道效果全景循环_12帧_v01/frames/frame_07.png","art_source","protected_source","tracked_or_staged",".png","1257119","1672","941","52fa3ab392f3001c88f5f4b05e857653af3f2602d9064ab419aebc4226c518c7","","","","move_art_source","protected_new_fx_reference"
"assets/fx/弹道效果全景循环_12帧_v1/frames/frame_08.png","art_source/fx_references/弹道效果全景循环_12帧_v01/frames/frame_08.png","art_source","protected_source","tracked_or_staged",".png","1256820","1672","941","e9a04a2fad0612ff05a984ba09351888f9f2cb13083f55a8d76967b300c5d7a4","","","","move_art_source","protected_new_fx_reference"
"assets/fx/弹道效果全景循环_12帧_v1/frames/frame_09.png","art_source/fx_references/弹道效果全景循环_12帧_v01/frames/frame_09.png","art_source","protected_source","tracked_or_staged",".png","1257234","1672","941","ef94cf4163ea642319896d65866e252f98332218db2c39636b250f4b499556bf","","","","move_art_source","protected_new_fx_reference"
"assets/fx/弹道效果全景循环_12帧_v1/frames/frame_10.png","art_source/fx_references/弹道效果全景循环_12帧_v01/frames/frame_10.png","art_source","protected_source","tracked_or_staged",".png","1258641","1672","941","dd255a8ffa0e420e0273d1116ff5636d891a9f62f79edd5ba48b073d697c67ce","","","","move_art_source","protected_new_fx_reference"
"assets/fx/弹道效果全景循环_12帧_v1/frames/frame_11.png","art_source/fx_references/弹道效果全景循环_12帧_v01/frames/frame_11.png","art_source","protected_source","tracked_or_staged",".png","1259519","1672","941","9c1aee5109fd9f21971bc075f45af98cfb7c78385d4955666a642ba7345ba4ee","","","","move_art_source","protected_new_fx_reference"
"assets/fx/弹道效果全景循环_12帧_v1/弹道效果全景循环_12帧.mp4","art_source/fx_references/弹道效果全景循环_12帧_v01/弹道效果全景循环_12帧.mp4","art_source","protected_source","tracked_or_staged",".mp4","437626","","","2a1b47f6efd78db2422d4c2ef1d130022ecc32fe7ea240ea548be7fcb9cdbd0f","","","","move_art_source","protected_new_fx_reference"
"assets/fx/弹道效果全景循环_12帧_v1/弹道效果全景循环_12帧_预览.gif","art_source/fx_references/弹道效果全景循环_12帧_v01/弹道效果全景循环_12帧_预览.gif","art_source","protected_source","tracked_or_staged",".gif","2369366","1114","628","e8adf48caf6a6b46a00745dc4c0aaec5cd42507ede652e3c9ee6e233ea4c9136","","","","move_art_source","protected_new_fx_reference"
"assets/fx/弹道效果全景循环_12帧_v1/弹道效果全景循环_四相位检查图.jpg","art_source/fx_references/弹道效果全景循环_12帧_v01/弹道效果全景循环_四相位检查图.jpg","art_source","protected_source","tracked_or_staged",".jpg","472227","1672","940","064629580979aca5eb5534763d60d08d5cd5c98798bbe3e915c821b8b9fda826","","","","move_art_source","protected_new_fx_reference"
"assets/fx/弹道效果全景主体循环_12帧_v2/frames/frame_00.png","art_source/fx_references/弹道效果全景主体循环_12帧_v02/frames/frame_00.png","art_source","protected_source","tracked_or_staged",".png","1080374","1672","941","2383ff2d52bc1b5db9c5cecdc866f2843d037c5e20f0374d80a05c952859874c","","","","move_art_source","protected_new_fx_reference"
"assets/fx/弹道效果全景主体循环_12帧_v2/frames/frame_01.png","art_source/fx_references/弹道效果全景主体循环_12帧_v02/frames/frame_01.png","art_source","protected_source","tracked_or_staged",".png","1080819","1672","941","e4879db3951812d9566b7eb42cf06a7f0d15ff508f12cc48738cb145ed45c22d","","","","move_art_source","protected_new_fx_reference"
"assets/fx/弹道效果全景主体循环_12帧_v2/frames/frame_02.png","art_source/fx_references/弹道效果全景主体循环_12帧_v02/frames/frame_02.png","art_source","protected_source","tracked_or_staged",".png","1080132","1672","941","1c1eadc3e2f3e68a8d15e7f15ad75133b865a1e2692fcaefa9665db9715fb272","","","","move_art_source","protected_new_fx_reference"
"assets/fx/弹道效果全景主体循环_12帧_v2/frames/frame_03.png","art_source/fx_references/弹道效果全景主体循环_12帧_v02/frames/frame_03.png","art_source","protected_source","tracked_or_staged",".png","1079193","1672","941","bb4fb09afec37b4bd0307d8a97f93aba6e35a8f01e8587549c0c5b17939274b3","","","","move_art_source","protected_new_fx_reference"
"assets/fx/弹道效果全景主体循环_12帧_v2/frames/frame_04.png","art_source/fx_references/弹道效果全景主体循环_12帧_v02/frames/frame_04.png","art_source","protected_source","tracked_or_staged",".png","1079547","1672","941","2cbadbadfb7d07f3a9c4ec985beb129baabf525028c032acb78279a2f5b6d8b7","","","","move_art_source","protected_new_fx_reference"
"assets/fx/弹道效果全景主体循环_12帧_v2/frames/frame_05.png","art_source/fx_references/弹道效果全景主体循环_12帧_v02/frames/frame_05.png","art_source","protected_source","tracked_or_staged",".png","1079314","1672","941","dcf6213a8b455682569ad72b724f562d4fe1a889373e5a6be2a6890065649be9","","","","move_art_source","protected_new_fx_reference"
"assets/fx/弹道效果全景主体循环_12帧_v2/frames/frame_06.png","art_source/fx_references/弹道效果全景主体循环_12帧_v02/frames/frame_06.png","art_source","protected_source","tracked_or_staged",".png","1079840","1672","941","4b2c63cd4e42f10543cb8788d867a3302214e2bff7c5e664205381fef9d251f0","","","","move_art_source","protected_new_fx_reference"
"assets/fx/弹道效果全景主体循环_12帧_v2/frames/frame_07.png","art_source/fx_references/弹道效果全景主体循环_12帧_v02/frames/frame_07.png","art_source","protected_source","tracked_or_staged",".png","1080510","1672","941","0d7dd26d86830c0ff8a59ce98b2a5e4595bcd10175acb5290e74cc561db549a6","","","","move_art_source","protected_new_fx_reference"
"assets/fx/弹道效果全景主体循环_12帧_v2/frames/frame_08.png","art_source/fx_references/弹道效果全景主体循环_12帧_v02/frames/frame_08.png","art_source","protected_source","tracked_or_staged",".png","1081028","1672","941","9e1624a35973a3b62301f86a3e7c68f7bb59417dc15e15c47a98f8605760b265","","","","move_art_source","protected_new_fx_reference"
"assets/fx/弹道效果全景主体循环_12帧_v2/frames/frame_09.png","art_source/fx_references/弹道效果全景主体循环_12帧_v02/frames/frame_09.png","art_source","protected_source","tracked_or_staged",".png","1080522","1672","941","94b8030394c39c43d9b8e319cc35075b50240b5c3ffd5c8f05db807d1d79cbab","","","","move_art_source","protected_new_fx_reference"
"assets/fx/弹道效果全景主体循环_12帧_v2/frames/frame_10.png","art_source/fx_references/弹道效果全景主体循环_12帧_v02/frames/frame_10.png","art_source","protected_source","tracked_or_staged",".png","1080200","1672","941","52eb73f3c681c6b92eeeb13d8b3283da25bd7f4de18bba606f3fadca7f18c334","","","","move_art_source","protected_new_fx_reference"
"assets/fx/弹道效果全景主体循环_12帧_v2/frames/frame_11.png","art_source/fx_references/弹道效果全景主体循环_12帧_v02/frames/frame_11.png","art_source","protected_source","tracked_or_staged",".png","1079933","1672","941","6ee1705d5c5981ce6a68c67e5217bdaa8e25aecf535239990a8a5f3a3b545ead","","","","move_art_source","protected_new_fx_reference"
"assets/fx/弹道效果全景主体循环_12帧_v2/弹道效果全景主体循环_12帧.mp4","art_source/fx_references/弹道效果全景主体循环_12帧_v02/弹道效果全景主体循环_12帧.mp4","art_source","protected_source","tracked_or_staged",".mp4","494949","","","fcffb5578827167c3893771197535eca6d2a488ae14cdce56695a1794a5f70d5","","","","move_art_source","protected_new_fx_reference"
"assets/fx/弹道效果全景主体循环_12帧_v2/弹道效果全景主体循环_12帧_预览.gif","art_source/fx_references/弹道效果全景主体循环_12帧_v02/弹道效果全景主体循环_12帧_预览.gif","art_source","protected_source","tracked_or_staged",".gif","3219871","1114","628","d0f1fb77010a774821c7adc6bf6e33acc71a5d6bfe454af5517de574d5136ac2","","","","move_art_source","protected_new_fx_reference"
"assets/fx/弹道效果全景主体循环_12帧_v2/弹道效果全景主体循环_四相位检查图.jpg","art_source/fx_references/弹道效果全景主体循环_12帧_v02/弹道效果全景主体循环_四相位检查图.jpg","art_source","protected_source","tracked_or_staged",".jpg","474745","1672","940","4c16e315c8fcc7074c4edef9047d9c7e8d45f0d8fa1661c045e66ef9f1744051","","","","move_art_source","protected_new_fx_reference"
"assets/fx/di_轮廓锁定重制_v1/di_轮廓锁定重制_512_绿底.png","art_source/generated_sets/di_轮廓锁定重制_v01/di_轮廓锁定重制_512_绿底.png","art_source","protected_source","tracked_or_staged",".png","97784","512","512","1841ed6e0eab7a0d5cfc27d57e33cf36168c6e42ea04c5cd985e5202640373e4","","","","move_art_source","protected_post_commit_generated_set"
"assets/fx/di_轮廓锁定重制_v1/di_轮廓锁定重制_512_透明.png","art_source/generated_sets/di_轮廓锁定重制_v01/di_轮廓锁定重制_512_透明.png","art_source","protected_source","tracked_or_staged",".png","125343","512","512","540bf1165ff173dc3e647e20ec4412ac5d20a2741e62448de1e2893ac93ba4c5","","","","move_art_source","protected_post_commit_generated_set"
"assets/fx/di_轮廓锁定重制_v1/di_原图与轮廓锁定重制_对比.png","art_source/generated_sets/di_轮廓锁定重制_v01/di_原图与轮廓锁定重制_对比.png","art_source","protected_source","tracked_or_staged",".png","131097","1024","512","c73c6962d7a3bfef949d8958d8348de2dd4fab3c03c816508ecb5d2cbdb2293d","","","","move_art_source","protected_post_commit_generated_set"
"assets/UI/图标合集/塔防道具图标_Q版块面化_第二组_8件_4x2_2048x1024.png","art_source/generated_sets/图标合集/塔防道具图标_Q版块面化_第二组_8件_4x2_2048x1024.png","art_source","protected_source","tracked_or_staged",".png","1562103","2048","1024","7576a6f663f9d44833f388f7d92855e67fe3dc3606f5c1e56fc68a0c1422883e","","","","move_art_source","new_generated_set"
"assets/UI/图标合集/塔防道具图标_Q版圆润剪影_第二组_8件_4x2_2048x1024_v02.png","art_source/generated_sets/图标合集/塔防道具图标_Q版圆润剪影_第二组_8件_4x2_2048x1024_v02.png","art_source","protected_source","tracked_or_staged",".png","1591424","2048","1024","7902953add02360aae4a097f58e219ed7c88d4f2e0b68f124221d36366b72b4c","","","","move_art_source","new_generated_set"
"assets/UI/图标合集/塔防机械魔法图标_8件_4x2_v02.png","art_source/generated_sets/图标合集/塔防机械魔法图标_8件_4x2_v02.png","art_source","protected_source","tracked_or_staged",".png","1208784","1672","941","4f129494026ea60c6829b040130259fae3667b530f7bcd46e7147a1b602de54d","","","","move_art_source","new_generated_set"
"assets/UI/图标合集/塔防机械魔法图标_Q版块面化_8件_4x2_v04.png","art_source/generated_sets/图标合集/塔防机械魔法图标_Q版块面化_8件_4x2_v04.png","art_source","protected_source","tracked_or_staged",".png","891664","1461","1076","e79cb5a7609cd369523ff5d7210edefd1543a5bfb66a4ac461d6c3365caf6673","","","","move_art_source","new_generated_set"
"assets/UI/图标合集/塔防机械魔法图标_Q版重绘_8件_4x2_v03.png","art_source/generated_sets/图标合集/塔防机械魔法图标_Q版重绘_8件_4x2_v03.png","art_source","protected_source","tracked_or_staged",".png","887675","1462","1076","6eb5ffc0c52e28547554493bec03ab17657f86ace83a2241ea17f7a5197e1be1","","","","move_art_source","new_generated_set"
"assets/UI/card/C-7.png","art_source/legacy_unclassified/cards/c_7.png","art_source","protected_source","tracked_or_staged",".png","37261","335","58","c086936ae3e1e11389532cd5b72d6514f96b1e00451d2bece42c6281f3966eea","","","","move_art_source","protected_new_unclassified"
"assets/UI/登录页/拆分素材_v1/Logo_晶核守卫.png","art_source/source_sheets/登录页/拆分素材_v01/Logo_晶核守卫.png","art_source","protected_source","tracked_or_staged",".png","261752","517","330","2800ba6bed95ea4a5bfe961059cea62b0594752d6de4a7ee3a1ddc7bd7564077","","","","move_art_source","new_source_sheet"
"assets/UI/登录页/拆分素材_v1/按钮_开始游戏.png","art_source/source_sheets/登录页/拆分素材_v01/按钮_开始游戏.png","art_source","protected_source","tracked_or_staged",".png","140978","560","180","c4d4f419759da04c79cf1b559b73b9df0287f516131c8152945cef31655fd426","","","","move_art_source","new_source_sheet"
"assets/UI/登录页/拆分素材_v1/按钮_设置.png","art_source/source_sheets/登录页/拆分素材_v01/按钮_设置.png","art_source","protected_source","tracked_or_staged",".png","28357","131","139","59ff3ab7f3424afd70b854c01ac50c4fac30565454dd6ea9e376285d1070ab52","","","","move_art_source","new_source_sheet"
"assets/UI/登录页/拆分素材_v1/按钮_账号.png","art_source/source_sheets/登录页/拆分素材_v01/按钮_账号.png","art_source","protected_source","tracked_or_staged",".png","27484","133","139","023e53f2fd236190f13a2a171ba8f4bcd8402d3cff27067d71254b3e3509a7da","","","","move_art_source","new_source_sheet"
"assets/UI/登录页/拆分素材_v1/背景_浅紫城堡地砖.png","art_source/source_sheets/登录页/拆分素材_v01/背景_浅紫城堡地砖.png","art_source","protected_source","tracked_or_staged",".png","1495784","967","1626","becae3014a549390902d8418464b30f6eb526ddfdc07c5520ef796e4501a4196","","","","move_art_source","new_source_sheet"
"assets/UI/登录页/拆分素材_v1/拆分素材_深色底检查图.jpg","art_source/source_sheets/登录页/拆分素材_v01/拆分素材_深色底检查图.jpg","art_source","protected_source","tracked_or_staged",".jpg","73976","760","700","b71be97a522af101b7b669cb73d408c999131a3667f5bd2e8a0f236a035be061","","","","move_art_source","new_source_sheet"
"assets/UI/登录页/拆分素材_v1/中心元素_城堡传送门.png","art_source/source_sheets/登录页/拆分素材_v01/中心元素_城堡传送门.png","art_source","protected_source","tracked_or_staged",".png","460219","745","405","fdb6f3cf24f4e4b14efe51934d0c79027428fa8e2dfcf7f6233d8ddb37381b3b","","","","move_art_source","new_source_sheet"
"assets/UI/结算界面/拆分素材_v2/标记_新纪录.png","art_source/source_sheets/结算界面/拆分素材_v02/标记_新纪录.png","art_source","protected_source","tracked_or_staged",".png","111565","256","231","01bf318338101fdb345bcac97d420db76ef5a2d9bb0cbedea8ed241b5fb5305c","","","","move_art_source","new_source_sheet_and_mockups"
"assets/UI/结算界面/拆分素材_v2/标题_胜利失败_合集.png","art_source/source_sheets/结算界面/拆分素材_v02/标题_胜利失败_合集.png","art_source","protected_source","tracked_or_staged",".png","474740","1920","819","e012c98b0bba7745063fa4240efee087724a6b0e8cf1c624b44e83b0eae31cc9","","","","move_art_source","new_source_sheet_and_mockups"
"assets/UI/结算界面/拆分素材_v2/拆分素材_v02_检查图.jpg","art_source/source_sheets/结算界面/拆分素材_v02/拆分素材_v02_检查图.jpg","art_source","protected_source","tracked_or_staged",".jpg","77419","900","900","de8f4d12fad11392f8eee5ed586d4b7e789a70c49a1be7d06ee58e8e2e620477","","","","move_art_source","new_source_sheet_and_mockups"
"assets/UI/结算界面/拆分素材_v2/奖励_宝箱.png","art_source/source_sheets/结算界面/拆分素材_v02/奖励_宝箱.png","art_source","protected_source","tracked_or_staged",".png","125089","296","230","214e76bbcbfe2e52364c9c5d6784bf47b077e1b3f084f6dcf77e9291a6821ce4","","","","move_art_source","new_source_sheet_and_mockups"
"assets/UI/结算界面/拆分素材_v2/奖励_金币.png","art_source/source_sheets/结算界面/拆分素材_v02/奖励_金币.png","art_source","protected_source","tracked_or_staged",".png","80884","212","223","877c28a322b7f0eedc8f73e74dcd3748ae2aaab3622397f854649ef9bfa37ff6","","","","move_art_source","new_source_sheet_and_mockups"
"assets/UI/结算界面/拆分素材_v2/奖励_绿色晶体.png","art_source/source_sheets/结算界面/拆分素材_v02/奖励_绿色晶体.png","art_source","protected_source","tracked_or_staged",".png","61826","166","233","a32811b6078374b466654f1a965c5f788ad8c0eb5480d1deb9361ec918dba370","","","","move_art_source","new_source_sheet_and_mockups"
"assets/UI/结算界面/拆分素材_v2/通用_金色星星.png","art_source/source_sheets/结算界面/拆分素材_v02/通用_金色星星.png","art_source","protected_source","tracked_or_staged",".png","72030","225","217","aaac2572f81602934e0601f20c882f5f6aa915095cf56ef98dad3b136634e543","","","","move_art_source","new_source_sheet_and_mockups"
"assets/UI/结算界面/拆分素材_v2/通用_蓝色晶体.png","art_source/source_sheets/结算界面/拆分素材_v02/通用_蓝色晶体.png","art_source","protected_source","tracked_or_staged",".png","52738","156","230","2c67cee3f99be6cb526a4918ac60e80a83685a947a1888b590ced49b78533332","","","","move_art_source","new_source_sheet_and_mockups"
"assets/UI/结算界面/拆分素材_v2/通用_紫色晶体.png","art_source/source_sheets/结算界面/拆分素材_v02/通用_紫色晶体.png","art_source","protected_source","tracked_or_staged",".png","57436","158","234","b983446a8ce5bbd06bcf6c6b1907e395ac5a678a69232199516b78a52a67bb1f","","","","move_art_source","new_source_sheet_and_mockups"
"assets/UI/结算界面/拆分素材_v2/图标_城堡耐久.png","art_source/source_sheets/结算界面/拆分素材_v02/图标_城堡耐久.png","art_source","protected_source","tracked_or_staged",".png","101769","246","246","399a2a69f78470b67f733d375f0452a199790e8ef22c7f6f4d230a19e1fd2e56","","","","move_art_source","new_source_sheet_and_mockups"
"assets/UI/结算界面/拆分素材_v2/图标_道具技能伤害.png","art_source/source_sheets/结算界面/拆分素材_v02/图标_道具技能伤害.png","art_source","protected_source","tracked_or_staged",".png","91297","238","238","67c629fdb2209d9efff7dfd979eb578e08599abed5aa39c15c1b82d8b527e68c","","","","move_art_source","new_source_sheet_and_mockups"
"assets/UI/结算界面/拆分素材_v2/图标_合成次数.png","art_source/source_sheets/结算界面/拆分素材_v02/图标_合成次数.png","art_source","protected_source","tracked_or_staged",".png","65511","249","162","470db696f75e9ed849cd67327865e511d1af97dcffa7c12f8ef694ef197021f1","","","","move_art_source","new_source_sheet_and_mockups"
"assets/UI/结算界面/拆分素材_v2/图标_击杀怪物.png","art_source/source_sheets/结算界面/拆分素材_v02/图标_击杀怪物.png","art_source","protected_source","tracked_or_staged",".png","105144","253","225","bd2fffec4fbd0727177a533548ab967bcf77c3c6c655d58270590b32683ed202","","","","move_art_source","new_source_sheet_and_mockups"
"assets/UI/结算界面/拆分素材_v2/图标_漏怪.png","art_source/source_sheets/结算界面/拆分素材_v02/图标_漏怪.png","art_source","protected_source","tracked_or_staged",".png","114032","260","249","7b02a9d0d90fa07c97daabea39265fde773f3e6508865b3d198e0dff37a80172","","","","move_art_source","new_source_sheet_and_mockups"
"assets/UI/结算界面/拆分素材_v2/图标_棋盘合成伤害.png","art_source/source_sheets/结算界面/拆分素材_v02/图标_棋盘合成伤害.png","art_source","protected_source","tracked_or_staged",".png","97859","261","247","2c9007d9705a0a1e251671091a1eba16093d8692dd48c9154b88f1bb4e6c96a0","","","","move_art_source","new_source_sheet_and_mockups"
"assets/UI/结算界面/拆分素材_v2/图标_水晶塔伤害.png","art_source/source_sheets/结算界面/拆分素材_v02/图标_水晶塔伤害.png","art_source","protected_source","tracked_or_staged",".png","97966","257","275","6ba4b6d4c91cc8f5baeffbc57b9e554c95ae3a076d220619a34a33b9783c1328","","","","move_art_source","new_source_sheet_and_mockups"
"assets/UI/结算界面/拆分素材_v2/图标_最大单次合成.png","art_source/source_sheets/结算界面/拆分素材_v02/图标_最大单次合成.png","art_source","protected_source","tracked_or_staged",".png","81212","249","223","afa49ffcf3ddfe3c484095bd069a87f163edabe8168d6ec70d912865594e4d9e","","","","move_art_source","new_source_sheet_and_mockups"
"assets/UI/结算界面/拆分素材_v2/图标_最高数字.png","art_source/source_sheets/结算界面/拆分素材_v02/图标_最高数字.png","art_source","protected_source","tracked_or_staged",".png","59856","202","230","1c00cd0e19b55d0f835079a8d8f292ffa1924028c9ec9f3600e392f3ddaad334","","","","move_art_source","new_source_sheet_and_mockups"
"assets/UI/结算界面/拆分素材_v2/图标资源合集_4x4_透明.png","art_source/source_sheets/结算界面/拆分素材_v02/图标资源合集_4x4_透明.png","art_source","protected_source","tracked_or_staged",".png","1878598","1254","1254","798d0221116f2c5b2eb07d2e3676c38c6e3dc2071131ef372eb6cadd0bfbde3b","","","","move_art_source","new_source_sheet_and_mockups"
"assets/UI/结算界面/拆分素材_v2/图标资源合集_4x4_透明_标准格.png","art_source/source_sheets/结算界面/拆分素材_v02/图标资源合集_4x4_透明_标准格.png","art_source","protected_source","tracked_or_staged",".png","915435","1024","1024","8307528db159a3049943ea76fb8ce529b3ed50fb735b1219a8dd6d18c229bc6e","","","","move_art_source","new_source_sheet_and_mockups"
"assets/UI/结算界面/拆分素材_v2/图标资源合集_检查图.jpg","art_source/source_sheets/结算界面/拆分素材_v02/图标资源合集_检查图.jpg","art_source","protected_source","tracked_or_staged",".jpg","257636","1024","1024","db5cdd8da07c42caee2383ee0f305da8ebcf4334609111569264e1dc6aa83023","","","","move_art_source","new_source_sheet_and_mockups"
"assets/UI/结算界面/拆分素材_v3_原图对齐/底板_本局奖励_空白_高清.png","art_source/source_sheets/结算界面/拆分素材_v03_原图对齐/底板_本局奖励_空白_高清.png","art_source","protected_source","tracked_or_staged",".png","990829","1608","717","7f32b645155c7c01efb2a56bd9460062a5433ff611e9f36db64521237fb8ed52","","","","move_art_source","new_source_sheet_and_mockups"
"assets/UI/结算界面/拆分素材_v3_原图对齐/底板_本局奖励_空白_检查图.jpg","art_source/source_sheets/结算界面/拆分素材_v03_原图对齐/底板_本局奖励_空白_检查图.jpg","art_source","protected_source","tracked_or_staged",".jpg","30181","720","350","752832bec227f4401d3e9650fcd1fc39d933e2e8b4acb8cad050ad81d3182577","","","","move_art_source","new_source_sheet_and_mockups"
"assets/UI/结算界面/拆分素材_v3_原图对齐/底板_本局奖励_空白_原始透明.png","art_source/source_sheets/结算界面/拆分素材_v03_原图对齐/底板_本局奖励_空白_原始透明.png","art_source","protected_source","tracked_or_staged",".png","1008158","1798","875","9fee73aa6ded744f8f6650df81c5bd3fdaf564d4c005875e7dfe757258c0e6e9","","","","move_art_source","new_source_sheet_and_mockups"
"assets/UI/结算界面/拆分素材_v3_原图对齐/底块_红色空白.png","art_source/source_sheets/结算界面/拆分素材_v03_原图对齐/底块_红色空白.png","art_source","protected_source","tracked_or_staged",".png","44526","203","205","cc7e3484ee0ea3d50343a9a9c28be0382ef12967ace4bdfd87212c15e75ce238","","","","move_art_source","new_source_sheet_and_mockups"
"assets/UI/结算界面/拆分素材_v3_原图对齐/底块_蓝色空白.png","art_source/source_sheets/结算界面/拆分素材_v03_原图对齐/底块_蓝色空白.png","art_source","protected_source","tracked_or_staged",".png","45468","208","206","57d7af67c9d5c385046058805e9dc56425654c8583bf929b0782cdde5e9f3f0e","","","","move_art_source","new_source_sheet_and_mockups"
"assets/UI/结算界面/拆分素材_v3_原图对齐/底块_绿色空白.png","art_source/source_sheets/结算界面/拆分素材_v03_原图对齐/底块_绿色空白.png","art_source","protected_source","tracked_or_staged",".png","44050","201","205","3b94092a954b35dbf9abe2f6e331bffed3952bd3dee3c8b59faa7a6002c5cab5","","","","move_art_source","new_source_sheet_and_mockups"
"assets/UI/结算界面/拆分素材_v3_原图对齐/结算图标合集_4x4_透明.png","art_source/source_sheets/结算界面/拆分素材_v03_原图对齐/结算图标合集_4x4_透明.png","art_source","protected_source","tracked_or_staged",".png","1695702","1254","1254","476137932a217f052b6c5bf99b695c87db2d9cfd32acc3a5c7bbbfbcdfd45842","","","","move_art_source","new_source_sheet_and_mockups"
"assets/UI/结算界面/拆分素材_v3_原图对齐/结算图标合集_4x4_透明_标准格.png","art_source/source_sheets/结算界面/拆分素材_v03_原图对齐/结算图标合集_4x4_透明_标准格.png","art_source","protected_source","tracked_or_staged",".png","703798","1024","1024","59bef7c2cda835acaf8cd3bf5634e45c8d721f0ffebe1e85c01089706e0ef711","","","","move_art_source","new_source_sheet_and_mockups"
"assets/UI/结算界面/拆分素材_v3_原图对齐/结算图标合集_检查图.jpg","art_source/source_sheets/结算界面/拆分素材_v03_原图对齐/结算图标合集_检查图.jpg","art_source","protected_source","tracked_or_staged",".jpg","202312","1024","1024","57f6aa38286e3587a46fb269ae5662222578e07a11e9726832e9f1654f5015f3","","","","move_art_source","new_source_sheet_and_mockups"
"assets/UI/结算界面/结算界面_胜利_本局卡组_v01.png","art_source/source_sheets/结算界面/结算界面_胜利_本局卡组_v01.png","art_source","protected_source","tracked_or_staged",".png","1594166","941","1672","49c1bc0d7bae8d37630ef23efc670aabb00ab5e3140cc8136c79e49d4b6cd4fc","","","","move_art_source","new_source_sheet_and_mockups"
"assets/UI/结算界面/结算界面_胜利_本局战绩_v01.png","art_source/source_sheets/结算界面/结算界面_胜利_本局战绩_v01.png","art_source","protected_source","tracked_or_staged",".png","1480907","941","1672","5577b71ba622ef92c0915fa86ed4ada1219941d4e4d9f93cb7bf54afceceff56","","","","move_art_source","new_source_sheet_and_mockups"
"assets/UI/结算界面/结算界面_胜利_本局战绩_层级重构_v02.png","art_source/source_sheets/结算界面/结算界面_胜利_本局战绩_层级重构_v02.png","art_source","protected_source","tracked_or_staged",".png","1632479","941","1672","74a74568abde75bfe6c4f1975196062880884df5635de994989a0e83bf278697","","","","move_art_source","new_source_sheet_and_mockups"
"assets/UI/结算界面/结算界面_失败_本局战绩_v01.png","art_source/source_sheets/结算界面/结算界面_失败_本局战绩_v01.png","art_source","protected_source","tracked_or_staged",".png","1559574","941","1672","00755f8ba91bf136c3f39bb3ffe5bf741475e58b0167c4e07101597516124a59","","","","move_art_source","new_source_sheet_and_mockups"
"assets/UI/素材合集/ui_card_button_panel_sheet_green.png","art_source/source_sheets/卡牌素材合集/ui_card_button_panel_sheet_green.png","art_source","protected_source","tracked_or_staged",".png","1537986","1536","1024","7d209a5f930292b397337c4b4668985c3aa7489f50a78311b573f459cb18b2e4","","","","move_art_source","new_source_sheet"
"assets/UI/素材合集/ui_card_decorations_stars_banners_icons_green.png","art_source/source_sheets/卡牌素材合集/ui_card_decorations_stars_banners_icons_green.png","art_source","protected_source","tracked_or_staged",".png","1482260","1536","1024","53bacdb72a0ebf58ab5bfb240b9369efda0538f41090243e53a6704576faa665","","","","move_art_source","new_source_sheet"
"assets/UI/波次选择/效果图.png","art_source/ui_mockups/波次选择/效果图.png","art_source","protected_source","tracked_or_staged",".png","1370989","967","1627","0d89baf03d17057153825a25d6c8200f0564154f02062cae21c7d0b6b6f4a876","","","","move_art_source","current_mockup"
"assets/UI/顶部UI/效果图.png","art_source/ui_mockups/顶部UI/效果图.png","art_source","protected_source","tracked_or_staged",".png","531264","1681","377","9bb190ee18115470fc844e478eabafec04a37d8198f78772945633276babf274","","","","move_art_source","current_mockup"
"assets/UI/技能选择/效果图.png","art_source/ui_mockups/技能选择/效果图.png","art_source","protected_source","tracked_or_staged",".png","582074","540","938","fb16dbd88bd4e0f192b4475ef5ec49fce37f59f2e894e2935d1fdd982dd9029b","","","","move_art_source","current_mockup"
"assets/UI/棋盘印记/效果图.png","art_source/ui_mockups/棋盘印记/效果图.png","art_source","protected_source","tracked_or_staged",".png","380701","515","635","84000be726a7e86127a068c8be39dad9324cddc5b5dfcb03341186cf7f438e7d","","","","move_art_source","reference_mockup"
"assets/UI/游戏核心/底部功能栏_轻量细化_v03.png","art_source/ui_mockups/游戏核心/底部功能栏_轻量细化_v03.png","art_source","protected_source","tracked_or_staged",".png","950051","2172","724","1fd726be4943cf1344d3620541f0ded25c3ace04b0f2b47250ca2bd564f05d52","","","","move_art_source","new_mockups_and_candidates"
"assets/UI/游戏核心/顶部HUD_第8波_游戏计时_981x213_v02.png","art_source/ui_mockups/游戏核心/顶部HUD_第8波_游戏计时_981x213_v02.png","art_source","protected_source","tracked_or_staged",".png","211812","981","213","05b6c3931739a78322c2539ae44a1419a189fbd6a6bfb2361ad498770ffa8949","","","","move_art_source","new_mockups_and_candidates"
"assets/UI/游戏核心/顶部HUD_第8波_游戏计时_效果图_v02.png","art_source/ui_mockups/游戏核心/顶部HUD_第8波_游戏计时_效果图_v02.png","art_source","protected_source","tracked_or_staged",".png","850214","2117","473","72c99e93919f84981ae394767fb883fef820c7abe362b677ef35d71436200394","","","","move_art_source","new_mockups_and_candidates"
"assets/UI/游戏核心/攻击属性提示_冰冻攻击_效果图_v01.png","art_source/ui_mockups/游戏核心/攻击属性提示_冰冻攻击_效果图_v01.png","art_source","protected_source","tracked_or_staged",".png","1625389","941","1672","7bb414753c844a02c1db4d24e46c654be5372569db41bc4d4d08903bec09f33a","","","","move_art_source","new_mockups_and_candidates"
"assets/UI/游戏核心/攻击属性提示条_冰冻攻击_透明_v01.png","art_source/ui_mockups/游戏核心/攻击属性提示条_冰冻攻击_透明_v01.png","art_source","protected_source","tracked_or_staged",".png","341897","1776","254","ba62dc96c0f53f1cb79b77a09e6b797d480f880a5b1f3c7075c15e05e9ef2285","","","","move_art_source","new_mockups_and_candidates"
"assets/UI/游戏核心/技能选择UI绿幕素材合集.png","art_source/ui_mockups/游戏核心/技能选择UI绿幕素材合集.png","art_source","protected_source","tracked_or_staged",".png","1314685","1536","1024","a54d6343cb8ab1f9d90a8f35e88e6feb4d775ad49b5f795e78ad61d2fad98595","","","","move_art_source","new_mockups_and_candidates"
"assets/UI/游戏核心/技能选择统一效果图.png","art_source/ui_mockups/游戏核心/技能选择统一效果图.png","art_source","protected_source","tracked_or_staged",".png","1408977","937","1678","249bafc4fe46b6fe7961c2ca0e3e205ce687f7819191b461fdd1cb9cd560bc32","","","","move_art_source","new_mockups_and_candidates"
"assets/UI/游戏核心/卡牌金紫双等级方案.png","art_source/ui_mockups/游戏核心/卡牌金紫双等级方案.png","art_source","protected_source","tracked_or_staged",".png","2147705","1536","1024","1357a95d4c7a1e6798e72ddd0dc12ff781248a4f883be9305a976caba4b5c42e","","","","move_art_source","new_mockups_and_candidates"
"assets/UI/游戏核心/卡牌金紫双等级轻量方案.png","art_source/ui_mockups/游戏核心/卡牌金紫双等级轻量方案.png","art_source","protected_source","tracked_or_staged",".png","1895292","1536","1024","d667a2a4030f070d93dceabf7a0a1a6caff19ac11c27f16a675ea4ac94223d2d","","","","move_art_source","new_mockups_and_candidates"
"assets/UI/游戏核心/属性攻击图标_毒雷火暴击冰冻_五件合集_v01.png","art_source/ui_mockups/游戏核心/属性攻击图标_毒雷火暴击冰冻_五件合集_v01.png","art_source","protected_source","tracked_or_staged",".png","681923","1983","793","11bff3fa6de6cf37d0c9e21e3e6792411e71013964874b2ddcea4ebf822b962e","","","","move_art_source","new_mockups_and_candidates"
"assets/UI/游戏核心/游戏核心_UI细化效果图_v02.png","art_source/ui_mockups/游戏核心/游戏核心_UI细化效果图_v02.png","art_source","protected_source","tracked_or_staged",".png","1867635","967","1626","9072ea395856444a94a5993149354c678817d42b738b902c0d740e81d31f4355","","","","move_art_source","new_mockups_and_candidates"
"assets/UI/游戏核心/游戏核心效果图.png","art_source/ui_mockups/游戏核心/游戏核心效果图.png","art_source","protected_source","tracked_or_staged",".png","1646671","960","1725","6a1398d3561df9a98e508ab8d1deeedee87c033c5ad1a66138bcd4073cea9bf0","","","","move_art_source","new_mockups_and_candidates"
"assets/art_split/arena_layers_sheet.png","asset_review_delete/2026-07-21/legacy_cocos/assets/art_split/arena_layers_sheet.png","review_delete","pending_user_review","tracked_or_staged",".png","1374498","1254","1254","5e7b029e073c9fcbe53ae04ea0ad34536713da8891d16cbfc0c6e64b5e2de5a7","","","","move_review","legacy_cocos_resource"
"assets/art_split/path_open_clean_green.png","asset_review_delete/2026-07-21/legacy_cocos/assets/art_split/path_open_clean_green.png","review_delete","pending_user_review","tracked_or_staged",".png","1184923","941","1672","6e7069b4339deb032657bbcb020165b77084bbadd119151e9d68a516384ff1c1","","","","move_review","legacy_cocos_resource"
"assets/effest.meta","asset_review_delete/2026-07-21/legacy_cocos/assets/effest.meta","review_delete","pending_user_review","tracked_or_staged",".meta","137","","","f312e3221a28ddf3a772f43524e5baec33cecd0f2339c5aa86cb4c68dd73a5e0","","","","move_review","legacy_cocos_metadata"
"assets/effest/anima.meta","asset_review_delete/2026-07-21/legacy_cocos/assets/effest/anima.meta","review_delete","pending_user_review","tracked_or_staged",".meta","137","","","c0cd7854c8ef37a8691752cfd397c1cb4bbf7172473c79681c4a550460f39506","","","","move_review","legacy_cocos_resource"
"assets/effest/anima/BGanimation.anim","asset_review_delete/2026-07-21/legacy_cocos/assets/effest/anima/BGanimation.anim","review_delete","pending_user_review","tracked_or_staged",".anim","2221","","","1498964c88bf0d56ee223f55a0d0a2f2fad49ec019af8ce44b6f79ef64d99f31","","","","move_review","legacy_cocos_resource"
"assets/effest/anima/BGanimation.anim.meta","asset_review_delete/2026-07-21/legacy_cocos/assets/effest/anima/BGanimation.anim.meta","review_delete","pending_user_review","tracked_or_staged",".meta","88","","","d20d3cbe92fb1f4480699d08b208f814f3df2f5342d24826c8003ab3d1eb86b3","","","","move_review","legacy_cocos_resource"
"assets/effest/anima/couple.anim","asset_review_delete/2026-07-21/legacy_cocos/assets/effest/anima/couple.anim","review_delete","pending_user_review","tracked_or_staged",".anim","2567","","","986b26608614189c44cd747c4d1e8722272f4bf3e64298fe8862e187679a33c9","","","","move_review","legacy_cocos_resource"
"assets/effest/anima/couple.anim.meta","asset_review_delete/2026-07-21/legacy_cocos/assets/effest/anima/couple.anim.meta","review_delete","pending_user_review","tracked_or_staged",".meta","88","","","c6b9c4bf903fd7db6c13fdc5d1bfc19fb6194031317f478f05145ca0ebf3dbd4","","","","move_review","legacy_cocos_resource"
"assets/effest/anima/Mainanim.anim","asset_review_delete/2026-07-21/legacy_cocos/assets/effest/anima/Mainanim.anim","review_delete","pending_user_review","tracked_or_staged",".anim","2880","","","5e5ecfad0c610a60acc1f2eb835608b593a49de431c53438a1f6db438013b798","","","","move_review","legacy_cocos_resource"
"assets/effest/anima/Mainanim.anim.meta","asset_review_delete/2026-07-21/legacy_cocos/assets/effest/anima/Mainanim.anim.meta","review_delete","pending_user_review","tracked_or_staged",".meta","88","","","47431e1bc9aef485b5bb8e7efe5142c1bdae7481d788155bf48fd4c54cede465","","","","move_review","legacy_cocos_resource"
"assets/effest/anima/slake.anim","asset_review_delete/2026-07-21/legacy_cocos/assets/effest/anima/slake.anim","review_delete","pending_user_review","tracked_or_staged",".anim","8104","","","c129264db3c54073bb15de260ddc874f0609f19c39bc2becb7118eaab695edff","","","","move_review","legacy_cocos_resource"
"assets/effest/anima/slake.anim.meta","asset_review_delete/2026-07-21/legacy_cocos/assets/effest/anima/slake.anim.meta","review_delete","pending_user_review","tracked_or_staged",".meta","88","","","9cc5800d33a39c272c14bbcc0c743a19abd8d4d111ad7e0a95a8090546548f2c","","","","move_review","legacy_cocos_resource"
"assets/effest/anima/UILight.anim","asset_review_delete/2026-07-21/legacy_cocos/assets/effest/anima/UILight.anim","review_delete","pending_user_review","tracked_or_staged",".anim","721","","","180db56e996be4d419ba78db85a13a0358f0928ef6fa641e14f5532464478ef8","","","","move_review","legacy_cocos_resource"
"assets/effest/anima/UILight.anim.meta","asset_review_delete/2026-07-21/legacy_cocos/assets/effest/anima/UILight.anim.meta","review_delete","pending_user_review","tracked_or_staged",".meta","88","","","e65f9928b6ff981adb32c18393b2320cd8614cdfe1da686de041f357606c87d4","","","","move_review","legacy_cocos_resource"
"assets/effest/particle.meta","asset_review_delete/2026-07-21/legacy_cocos/assets/effest/particle.meta","review_delete","pending_user_review","tracked_or_staged",".meta","137","","","741296d5dee9b9b75ecf84fdc4fc85287c9fe745bd3fa2b5c90975b2c531b8e6","","","","move_review","legacy_cocos_resource"
"assets/effest/particle/cloud.plist","asset_review_delete/2026-07-21/legacy_cocos/assets/effest/particle/cloud.plist","review_delete","pending_user_review","tracked_or_staged",".plist","3426","","","9173d8a8e3ae180287e96bae6cb08ec06955d65ade2dd04a65eebe39c6062da6","","","","move_review","legacy_cocos_resource"
"assets/effest/particle/cloud.plist.meta","asset_review_delete/2026-07-21/legacy_cocos/assets/effest/particle/cloud.plist.meta","review_delete","pending_user_review","tracked_or_staged",".meta","88","","","99bc17dffa26d9a675cb0c3743bd0a1eb997d2a17ef23fdcebb7ba6a0b6d9248","","","","move_review","legacy_cocos_resource"
"assets/effest/particle/cloud_a.plist","asset_review_delete/2026-07-21/legacy_cocos/assets/effest/particle/cloud_a.plist","review_delete","pending_user_review","tracked_or_staged",".plist","3426","","","303c45925c7fe232ef6353c3a9cc986f91f407dff41f80462c9cba164035c5c6","","","","move_review","legacy_cocos_resource"
"assets/effest/particle/cloud_a.plist.meta","asset_review_delete/2026-07-21/legacy_cocos/assets/effest/particle/cloud_a.plist.meta","review_delete","pending_user_review","tracked_or_staged",".meta","88","","","55d035ba4bdcf35d8ebbca68a3063d6e72bec160672998f10c19c9d8ed89f9aa","","","","move_review","legacy_cocos_resource"
"assets/effest/particle/slake.prefab","asset_review_delete/2026-07-21/legacy_cocos/assets/effest/particle/slake.prefab","review_delete","pending_user_review","tracked_or_staged",".prefab","21046","","","81461f369015cc663f02ada7430c06e53bd3984893b0cdacfef67e0258a3ffdf","","","","move_review","legacy_cocos_resource"
"assets/effest/particle/slake.prefab.meta","asset_review_delete/2026-07-21/legacy_cocos/assets/effest/particle/slake.prefab.meta","review_delete","pending_user_review","tracked_or_staged",".meta","169","","","95a12707f8ae00241f3431f8b37997f6df8dcf11bf4796f2ac5cd8095daf23e4","","","","move_review","legacy_cocos_resource"
"assets/effest/texture.meta","asset_review_delete/2026-07-21/legacy_cocos/assets/effest/texture.meta","review_delete","pending_user_review","tracked_or_staged",".meta","137","","","697f4accb4b4a11beff6909f191f0832f5cfa3cee9309cc510a1d5098893abda","","","","move_review","legacy_cocos_resource"
"assets/effest/texture/AutoAtlas.pac","asset_review_delete/2026-07-21/legacy_cocos/assets/effest/texture/AutoAtlas.pac","review_delete","pending_user_review","tracked_or_staged",".pac","36","","","2aaf8682231fbb00299d92acb0b3745c5737e799ff8ca548f636d792022c92a3","","","","move_review","legacy_cocos_resource"
"assets/effest/texture/AutoAtlas.pac.meta","asset_review_delete/2026-07-21/legacy_cocos/assets/effest/texture/AutoAtlas.pac.meta","review_delete","pending_user_review","tracked_or_staged",".meta","458","","","336ea82aaa2b7a1ffce8a5d44eedc70f22db9037941c7b805f2281dbfe4c01a6","","","","move_review","legacy_cocos_resource"
"assets/effest/texture/couple-0001.png.meta","asset_review_delete/2026-07-21/legacy_cocos/assets/effest/texture/couple-0001.png.meta","review_delete","pending_user_review","tracked_or_staged",".meta","816","","","31ff8cdf318eccec8c6cf1f6e69d6e6a4c1f8e40502aaa74f61bf918d0b8605c","","","","move_review","legacy_cocos_resource"
"assets/effest/texture/couple-0002.png.meta","asset_review_delete/2026-07-21/legacy_cocos/assets/effest/texture/couple-0002.png.meta","review_delete","pending_user_review","tracked_or_staged",".meta","816","","","68073000a3a29d993b90a117e34fe194295f12ec2cd2ed343351b5aa96ed9e49","","","","move_review","legacy_cocos_resource"
"assets/effest/texture/couple-0003.png.meta","asset_review_delete/2026-07-21/legacy_cocos/assets/effest/texture/couple-0003.png.meta","review_delete","pending_user_review","tracked_or_staged",".meta","816","","","a416322e5fd8366203a7c2664873818621fc1ad05d9237ce08bff7e34cc761b3","","","","move_review","legacy_cocos_resource"
"assets/effest/texture/couple-0004.png.meta","asset_review_delete/2026-07-21/legacy_cocos/assets/effest/texture/couple-0004.png.meta","review_delete","pending_user_review","tracked_or_staged",".meta","816","","","86cb3c856e95a8e08a48026433d72f2f505c845fcffc8c03128f08d78ffd60c1","","","","move_review","legacy_cocos_resource"
"assets/effest/texture/couple-0005.png.meta","asset_review_delete/2026-07-21/legacy_cocos/assets/effest/texture/couple-0005.png.meta","review_delete","pending_user_review","tracked_or_staged",".meta","820","","","ee42fb5de4e1416bb7eb2f799f508bdf60a4835c04587959a34499bbb3f937c1","","","","move_review","legacy_cocos_resource"
"assets/effest/texture/couple-0006.png.meta","asset_review_delete/2026-07-21/legacy_cocos/assets/effest/texture/couple-0006.png.meta","review_delete","pending_user_review","tracked_or_staged",".meta","816","","","50cbc667dabb7ada3fd3131aafb55a1474ccecd86a693bcde7884227cf62e828","","","","move_review","legacy_cocos_resource"
"assets/effest/texture/couple-0007.png.meta","asset_review_delete/2026-07-21/legacy_cocos/assets/effest/texture/couple-0007.png.meta","review_delete","pending_user_review","tracked_or_staged",".meta","820","","","5c46e9665f9439601f7b0595c2db78f03dfeaf63dfd4f57fefc4b21dabd03428","","","","move_review","legacy_cocos_resource"
"assets/effest/texture/couple-0008.png.meta","asset_review_delete/2026-07-21/legacy_cocos/assets/effest/texture/couple-0008.png.meta","review_delete","pending_user_review","tracked_or_staged",".meta","817","","","ebb114518b7b3c2a9e8e2e9b8682bcced20cfee908cac4000a1b7e2423989602","","","","move_review","legacy_cocos_resource"
"assets/effest/texture/couple-0009.png.meta","asset_review_delete/2026-07-21/legacy_cocos/assets/effest/texture/couple-0009.png.meta","review_delete","pending_user_review","tracked_or_staged",".meta","822","","","835f9990da9f0e5ea47373273bd33e8aa9fd2062d903f043b9be69e4c38d3c9a","","","","move_review","legacy_cocos_resource"
"assets/effest/texture/couple-0010.png.meta","asset_review_delete/2026-07-21/legacy_cocos/assets/effest/texture/couple-0010.png.meta","review_delete","pending_user_review","tracked_or_staged",".meta","818","","","9cb42a15c18ec6ddceb282b66beae09c3e409d89036e0860ed76fcd82aa47a52","","","","move_review","legacy_cocos_resource"
"assets/effest/texture/couple-0011.png.meta","asset_review_delete/2026-07-21/legacy_cocos/assets/effest/texture/couple-0011.png.meta","review_delete","pending_user_review","tracked_or_staged",".meta","818","","","6c3dd7fd6812aa14bd37ec8a714941079153cd243e2c03b09eaa8f9aefb1fa16","","","","move_review","legacy_cocos_resource"
"assets/effest/texture/couple-0012.png.meta","asset_review_delete/2026-07-21/legacy_cocos/assets/effest/texture/couple-0012.png.meta","review_delete","pending_user_review","tracked_or_staged",".meta","818","","","a20dd88fc257fcda5daef28d156eee438d809713b377421768805804441eed41","","","","move_review","legacy_cocos_resource"
"assets/effest/texture/couple-0013.png.meta","asset_review_delete/2026-07-21/legacy_cocos/assets/effest/texture/couple-0013.png.meta","review_delete","pending_user_review","tracked_or_staged",".meta","822","","","317ca114d146da98b30bcdd4581df897f771f75c7186bb2875287bf3912ec4c5","","","","move_review","legacy_cocos_resource"
"assets/font.meta","asset_review_delete/2026-07-21/legacy_cocos/assets/font.meta","review_delete","pending_user_review","tracked_or_staged",".meta","137","","","9e037f64665c88c55c1d55141d8e5fc09e7611dc4117b2924c8ecd9435ed39a7","","","","move_review","legacy_cocos_metadata"
"assets/font/jiesuanFont.fnt","asset_review_delete/2026-07-21/legacy_cocos/assets/font/jiesuanFont.fnt","review_delete","pending_user_review","tracked_or_staged",".fnt","1435","","","1b407fcde9edeff71af9acc69980ae0546ab6502017e4cefc6efdc3a6c34a2bc","","","","move_review","legacy_cocos_resource"
"assets/font/jiesuanFont.fnt.meta","asset_review_delete/2026-07-21/legacy_cocos/assets/font/jiesuanFont.fnt.meta","review_delete","pending_user_review","tracked_or_staged",".meta","163","","","c058d5098dd1c1f42df61c27713ed6c9fd25ac1fa3396263b0c7b5d7583e8b77","","","","move_review","legacy_cocos_resource"
"assets/font/jiesuanFont_0.png","asset_review_delete/2026-07-21/legacy_cocos/assets/font/jiesuanFont_0.png","review_delete","pending_user_review","tracked_or_staged",".png","10911","256","256","81c64b52620081e09470f862e91a4e475086c9d2044c482412f0622df3fb6fd9","","","","move_review","legacy_cocos_resource"
"assets/font/jiesuanFont_0.png.meta","asset_review_delete/2026-07-21/legacy_cocos/assets/font/jiesuanFont_0.png.meta","review_delete","pending_user_review","tracked_or_staged",".meta","821","","","98fd307d834274652ec5cce58341c66eacb92da4429ea848f59fb1be5f8072f0","","","","move_review","legacy_cocos_resource"
"assets/font/scoreFont.fnt","asset_review_delete/2026-07-21/legacy_cocos/assets/font/scoreFont.fnt","review_delete","pending_user_review","tracked_or_staged",".fnt","1433","","","c2fa18690380285bb2c670238e91071873a55528ca298e7b1710b90298a73258","","","","move_review","legacy_cocos_resource"
"assets/font/scoreFont.fnt.meta","asset_review_delete/2026-07-21/legacy_cocos/assets/font/scoreFont.fnt.meta","review_delete","pending_user_review","tracked_or_staged",".meta","163","","","a6fb115a5b2bd4935153340b1bbee58545ecdb47f628ef47e7302b85951ec03f","","","","move_review","legacy_cocos_resource"
"assets/font/scoreFont_0.png","asset_review_delete/2026-07-21/legacy_cocos/assets/font/scoreFont_0.png","review_delete","pending_user_review","tracked_or_staged",".png","27510","256","256","ae173ac62a055db780b5328619cd99bd58fc17c0ad66f27e149e4273a0c1d3cd","","","","move_review","legacy_cocos_resource"
"assets/font/scoreFont_0.png.meta","asset_review_delete/2026-07-21/legacy_cocos/assets/font/scoreFont_0.png.meta","review_delete","pending_user_review","tracked_or_staged",".meta","822","","","0a0afdd07aaa59b32417cf8a484e5596e59fe209c0eb86f355e49a0d4cbdc867","","","","move_review","legacy_cocos_resource"
"assets/migration.meta","asset_review_delete/2026-07-21/legacy_cocos/assets/migration.meta","review_delete","pending_user_review","tracked_or_staged",".meta","137","","","1c1812386a790466a8222585e9078f3c540043f9d25416d3ded5b882e0d55636","","","","move_review","legacy_cocos_metadata"
"assets/migration/use_v2.1-2.2.1_cc.Toggle_event.js","asset_review_delete/2026-07-21/legacy_cocos/assets/migration/use_v2.1-2.2.1_cc.Toggle_event.js","review_delete","pending_user_review","tracked_or_staged",".js","979","","","6d366aec532bc8337e228f06f96bd6fdff959c3b4e77f86b157690109ab5c07e","","","","move_review","legacy_cocos_resource"
"assets/migration/use_v2.1-2.2.1_cc.Toggle_event.js.meta","asset_review_delete/2026-07-21/legacy_cocos/assets/migration/use_v2.1-2.2.1_cc.Toggle_event.js.meta","review_delete","pending_user_review","tracked_or_staged",".meta","197","","","5b458b1f31456077fe0aa995c4db1f6ae01c7ed524f30d87529a42f26f1177bb","","","","move_review","legacy_cocos_resource"
"assets/resources.meta","asset_review_delete/2026-07-21/legacy_cocos/assets/resources.meta","review_delete","pending_user_review","tracked_or_staged",".meta","137","","","5757b67ce18fed0ca0ed3c5fc22a3792a1f446a2c50a1e72d1af9442773dd1de","","","","move_review","legacy_cocos_metadata"
"assets/resources/prefab.meta","asset_review_delete/2026-07-21/legacy_cocos/assets/resources/prefab.meta","review_delete","pending_user_review","tracked_or_staged",".meta","137","","","e2fd6969455e4c582f585f3064ef6371d3c707e73a45ec8afdc55e140ebb5062","","","","move_review","legacy_cocos_resource"
"assets/resources/prefab/block.prefab","asset_review_delete/2026-07-21/legacy_cocos/assets/resources/prefab/block.prefab","review_delete","pending_user_review","tracked_or_staged",".prefab","27088","","","ad788451b4cb6bd2580f295f378b9860fdf36b6f4b6e8ff34d6a665a87447bf4","","","","move_review","legacy_cocos_resource"
"assets/resources/prefab/block.prefab.meta","asset_review_delete/2026-07-21/legacy_cocos/assets/resources/prefab/block.prefab.meta","review_delete","pending_user_review","tracked_or_staged",".meta","169","","","851504a3b08b2824beb78293c3ab226bd64bfd125fb7755cb4005ef8662fb647","","","","move_review","legacy_cocos_resource"
"assets/resources/prefab/SoundManager.prefab","asset_review_delete/2026-07-21/legacy_cocos/assets/resources/prefab/SoundManager.prefab","review_delete","pending_user_review","tracked_or_staged",".prefab","8496","","","3614e528232f57b4273ea7dbd3ec5e8b693839adb300e23a8edfebd901b6ce88","","","","move_review","legacy_cocos_resource"
"assets/resources/prefab/SoundManager.prefab.meta","asset_review_delete/2026-07-21/legacy_cocos/assets/resources/prefab/SoundManager.prefab.meta","review_delete","pending_user_review","tracked_or_staged",".meta","169","","","5e9ad9ec600e96642129f37e1d7adc27aba5d4f0f4981c9df45d4674fc17a3ac","","","","move_review","legacy_cocos_resource"
"assets/resources/prefab/view.meta","asset_review_delete/2026-07-21/legacy_cocos/assets/resources/prefab/view.meta","review_delete","pending_user_review","tracked_or_staged",".meta","137","","","47786f8933385bc737769253468dc95c043713728bb6aa0ae85a4d61d2db701f","","","","move_review","legacy_cocos_resource"
"assets/resources/prefab/view/AccountView.prefab","asset_review_delete/2026-07-21/legacy_cocos/assets/resources/prefab/view/AccountView.prefab","review_delete","pending_user_review","tracked_or_staged",".prefab","35371","","","7049a0d58885b8b5580b44ff8812b9c9dda0cf1878c9cdb9c658127cec17c4e8","","","","move_review","legacy_cocos_resource"
"assets/resources/prefab/view/AccountView.prefab.meta","asset_review_delete/2026-07-21/legacy_cocos/assets/resources/prefab/view/AccountView.prefab.meta","review_delete","pending_user_review","tracked_or_staged",".meta","169","","","3041d2d07c8148f7557be5ea20ef8ecaee549ad4ce2b9d8c307d3928688ae3ad","","","","move_review","legacy_cocos_resource"
"assets/resources/prefab/view/SuccessShowView.prefab","asset_review_delete/2026-07-21/legacy_cocos/assets/resources/prefab/view/SuccessShowView.prefab","review_delete","pending_user_review","tracked_or_staged",".prefab","15365","","","8991ad332521effb85506b530965c68eb21a0bc46e82c746b8b3cdcba59ce95c","","","","move_review","legacy_cocos_resource"
"assets/resources/prefab/view/SuccessShowView.prefab.meta","asset_review_delete/2026-07-21/legacy_cocos/assets/resources/prefab/view/SuccessShowView.prefab.meta","review_delete","pending_user_review","tracked_or_staged",".meta","169","","","ec888ad4b1656231fabf849241cc3babf2b6f33917348c109d55b28c58f29b3c","","","","move_review","legacy_cocos_resource"
"assets/scenes.meta","asset_review_delete/2026-07-21/legacy_cocos/assets/scenes.meta","review_delete","pending_user_review","tracked_or_staged",".meta","137","","","3460f3c89dad4b823b5f4c0ba4e0b0a62246baff3d717e9fadc569530453c7ac","","","","move_review","legacy_cocos_metadata"
"assets/scenes/game.fire","asset_review_delete/2026-07-21/legacy_cocos/assets/scenes/game.fire","review_delete","pending_user_review","tracked_or_staged",".fire","73773","","","96afb612f12db08875a24b2449ff151ebe1f321aba776d4904cec531b9df3984","","","","move_review","legacy_cocos_resource"
"assets/scenes/game.fire.meta","asset_review_delete/2026-07-21/legacy_cocos/assets/scenes/game.fire.meta","review_delete","pending_user_review","tracked_or_staged",".meta","146","","","1318216b37073d76c0c19160c4496436496c9b7abf7ca3fb828274e6a652ffe7","","","","move_review","legacy_cocos_resource"
"assets/scenes/Loading.fire","asset_review_delete/2026-07-21/legacy_cocos/assets/scenes/Loading.fire","review_delete","pending_user_review","tracked_or_staged",".fire","14507","","","19816c84755431e6f1417c6119bdaded55518ba3439b3f23fb697af0fe86c567","","","","move_review","legacy_cocos_resource"
"assets/scenes/Loading.fire.meta","asset_review_delete/2026-07-21/legacy_cocos/assets/scenes/Loading.fire.meta","review_delete","pending_user_review","tracked_or_staged",".meta","146","","","b100d24aa03f4d92cc1cd2d92a590968e3f0028d5f1d239b8754d75f03354663","","","","move_review","legacy_cocos_resource"
"assets/scripts.meta","asset_review_delete/2026-07-21/legacy_cocos/assets/scripts.meta","review_delete","pending_user_review","tracked_or_staged",".meta","137","","","31d6920c669462d33e4621dd7d7efaef8025adb9ef505773327d44ae536936b1","","","","move_review","legacy_cocos_metadata"
"assets/scripts/auto.meta","asset_review_delete/2026-07-21/legacy_cocos/assets/scripts/auto.meta","review_delete","pending_user_review","tracked_or_staged",".meta","137","","","be8afbcbce3e5931706c7ce34e71de004bcac1efbdd0779c9cb0d6ab725ff45d","","","","move_review","legacy_cocos_resource"
"assets/scripts/auto/BgSoundClio.ts","asset_review_delete/2026-07-21/legacy_cocos/assets/scripts/auto/BgSoundClio.ts","review_delete","pending_user_review","tracked_or_staged",".ts","419","","","d4245063cc760b33f5701926d60a2d96626967eb5c6814cad34d8a983d2cccac","","","","move_review","legacy_cocos_resource"
"assets/scripts/auto/BgSoundClio.ts.meta","asset_review_delete/2026-07-21/legacy_cocos/assets/scripts/auto/BgSoundClio.ts.meta","review_delete","pending_user_review","tracked_or_staged",".meta","197","","","2731ba43287ae266dac545cc6f94a500cb7bcd1eee0ef045677b093c42f052c6","","","","move_review","legacy_cocos_resource"
"assets/scripts/auto/SoundClip.ts","asset_review_delete/2026-07-21/legacy_cocos/assets/scripts/auto/SoundClip.ts","review_delete","pending_user_review","tracked_or_staged",".ts","422","","","c0eebed015f72af8532d735888ed420248e44030783828f7ce87726d17dc5e31","","","","move_review","legacy_cocos_resource"
"assets/scripts/auto/SoundClip.ts.meta","asset_review_delete/2026-07-21/legacy_cocos/assets/scripts/auto/SoundClip.ts.meta","review_delete","pending_user_review","tracked_or_staged",".meta","197","","","bd9a2475c490d9f3762d9557fbe504b7f325f34a40104e05262a5d1b6b3155dd","","","","move_review","legacy_cocos_resource"
"assets/scripts/core.meta","asset_review_delete/2026-07-21/legacy_cocos/assets/scripts/core.meta","review_delete","pending_user_review","tracked_or_staged",".meta","137","","","4e83488803005c299c1ccf2073e262dc14d8ad753d99c1c729c2520ce521d3e9","","","","move_review","legacy_cocos_resource"
"assets/scripts/core/DataManager.ts","asset_review_delete/2026-07-21/legacy_cocos/assets/scripts/core/DataManager.ts","review_delete","pending_user_review","tracked_or_staged",".ts","5017","","","d67b67cba789b741dbc56e6fa8360d1b6ac8df7b0b6d9582aff01b05e9ab80fa","","","","move_review","legacy_cocos_resource"
"assets/scripts/core/DataManager.ts.meta","asset_review_delete/2026-07-21/legacy_cocos/assets/scripts/core/DataManager.ts.meta","review_delete","pending_user_review","tracked_or_staged",".meta","197","","","d48bda4d3bc6aae4233d29b9b991ef5810cc031f23d85c41eb0b6205ccfd3b33","","","","move_review","legacy_cocos_resource"
"assets/scripts/core/DataStorage.ts","asset_review_delete/2026-07-21/legacy_cocos/assets/scripts/core/DataStorage.ts","review_delete","pending_user_review","tracked_or_staged",".ts","2711","","","67779762cb2845b055dd2aa0f8ede560b6da543f962c603258453ce66ed31ce1","","","","move_review","legacy_cocos_resource"
"assets/scripts/core/DataStorage.ts.meta","asset_review_delete/2026-07-21/legacy_cocos/assets/scripts/core/DataStorage.ts.meta","review_delete","pending_user_review","tracked_or_staged",".meta","197","","","b3fca1125d07dd0bec06d4285f14e8ed3b542ccdefa7f3d046d2fd7f20e53aba","","","","move_review","legacy_cocos_resource"
"assets/scripts/core/GameManager.ts","asset_review_delete/2026-07-21/legacy_cocos/assets/scripts/core/GameManager.ts","review_delete","pending_user_review","tracked_or_staged",".ts","1248","","","82f656e358338d28cc292def09caaef66bec29b634d6537768f70d268b7bcd48","","","","move_review","legacy_cocos_resource"
"assets/scripts/core/GameManager.ts.meta","asset_review_delete/2026-07-21/legacy_cocos/assets/scripts/core/GameManager.ts.meta","review_delete","pending_user_review","tracked_or_staged",".meta","197","","","a8c16e9f059c09d0e4f19d3240bfc013dfd790f259b429671e6a1ea2511a9b6c","","","","move_review","legacy_cocos_resource"
"assets/scripts/core/ResourcePool.ts","asset_review_delete/2026-07-21/legacy_cocos/assets/scripts/core/ResourcePool.ts","review_delete","pending_user_review","tracked_or_staged",".ts","2113","","","2f38413d40b9975f63cd0eaf34eecf96591518e0c21ba7f09e0ee76275e71732","","","","move_review","legacy_cocos_resource"
"assets/scripts/core/ResourcePool.ts.meta","asset_review_delete/2026-07-21/legacy_cocos/assets/scripts/core/ResourcePool.ts.meta","review_delete","pending_user_review","tracked_or_staged",".meta","197","","","f969de791c10e16d746197f37523a76f21456addde309ae64495a175eeb4661d","","","","move_review","legacy_cocos_resource"
"assets/scripts/core/ResourcesManager.ts","asset_review_delete/2026-07-21/legacy_cocos/assets/scripts/core/ResourcesManager.ts","review_delete","pending_user_review","tracked_or_staged",".ts","5739","","","e1a72e83c7c903df19295026f6edc9637b3369f3568d998ad5fa4033363d56a8","","","","move_review","legacy_cocos_resource"
"assets/scripts/core/ResourcesManager.ts.meta","asset_review_delete/2026-07-21/legacy_cocos/assets/scripts/core/ResourcesManager.ts.meta","review_delete","pending_user_review","tracked_or_staged",".meta","197","","","1b42a31335d31ef75089c318a960ee9fb9ccd3ac1a9f016cfc01aefd9ec74853","","","","move_review","legacy_cocos_resource"
"assets/scripts/core/SoundManager.ts","asset_review_delete/2026-07-21/legacy_cocos/assets/scripts/core/SoundManager.ts","review_delete","pending_user_review","tracked_or_staged",".ts","4996","","","e0140942bfab4b29ef78f4cfb239fbad72117d9e452191101457f2f097d5a4ea","","","","move_review","legacy_cocos_resource"
"assets/scripts/core/SoundManager.ts.meta","asset_review_delete/2026-07-21/legacy_cocos/assets/scripts/core/SoundManager.ts.meta","review_delete","pending_user_review","tracked_or_staged",".meta","197","","","c37f96a537e4511914c8131778b2aa1537324ae0f67a9b82663f059a939bab5a","","","","move_review","legacy_cocos_resource"
"assets/scripts/coreFight.meta","asset_review_delete/2026-07-21/legacy_cocos/assets/scripts/coreFight.meta","review_delete","pending_user_review","tracked_or_staged",".meta","137","","","68b53d2319a27020512df1f5df99608f1b501c3ed6b3a5c0173d77011de7d41c","","","","move_review","legacy_cocos_resource"
"assets/scripts/coreFight/Block.ts","asset_review_delete/2026-07-21/legacy_cocos/assets/scripts/coreFight/Block.ts","review_delete","pending_user_review","tracked_or_staged",".ts","3786","","","61ec5143ef9c87e8596cf9bcde8155e31cf901fa6c0acedf98241b3c7330b2d0","","","","move_review","legacy_cocos_resource"
"assets/scripts/coreFight/Block.ts.meta","asset_review_delete/2026-07-21/legacy_cocos/assets/scripts/coreFight/Block.ts.meta","review_delete","pending_user_review","tracked_or_staged",".meta","197","","","6fbf07b3c346fe3b59552c376d7d4b63bd2346c8d7dbbfbb8c71e784ea981e9e","","","","move_review","legacy_cocos_resource"
"assets/scripts/data.meta","asset_review_delete/2026-07-21/legacy_cocos/assets/scripts/data.meta","review_delete","pending_user_review","tracked_or_staged",".meta","137","","","6fa51c4ce7f34d4ac004e7a4a4bdebf85bca131c06f1e788516c8fba915c3e54","","","","move_review","legacy_cocos_resource"
"assets/scripts/data/PlayerData.ts","asset_review_delete/2026-07-21/legacy_cocos/assets/scripts/data/PlayerData.ts","review_delete","pending_user_review","tracked_or_staged",".ts","603","","","92b4d2e4f3860d4488e1c4010515bcf668ebae349eedd87749c003d34e01c3d4","","","","move_review","legacy_cocos_resource"
"assets/scripts/data/PlayerData.ts.meta","asset_review_delete/2026-07-21/legacy_cocos/assets/scripts/data/PlayerData.ts.meta","review_delete","pending_user_review","tracked_or_staged",".meta","197","","","d22c1a07a9f3427378702b2174898e7a1e8effaab28cba860d40f858453844d4","","","","move_review","legacy_cocos_resource"
"assets/scripts/event.meta","asset_review_delete/2026-07-21/legacy_cocos/assets/scripts/event.meta","review_delete","pending_user_review","tracked_or_staged",".meta","137","","","5f620ce91760c1c73e6e1334d3a1e8acf729d0cacbf9b33a4c51db3d3a24d5b9","","","","move_review","legacy_cocos_resource"
"assets/scripts/event/CustomEventType.ts","asset_review_delete/2026-07-21/legacy_cocos/assets/scripts/event/CustomEventType.ts","review_delete","pending_user_review","tracked_or_staged",".ts","585","","","1bb0b44cf9f9f75ae4d846627cf547b9c1f20dd9d0eff3f5aafdd9c099b8a163","","","","move_review","legacy_cocos_resource"
"assets/scripts/event/CustomEventType.ts.meta","asset_review_delete/2026-07-21/legacy_cocos/assets/scripts/event/CustomEventType.ts.meta","review_delete","pending_user_review","tracked_or_staged",".meta","197","","","6912d2d81e31c44845dd71b045871416aaee90d9d4fa550d0eb726d00b067657","","","","move_review","legacy_cocos_resource"
"assets/scripts/gameScene.meta","asset_review_delete/2026-07-21/legacy_cocos/assets/scripts/gameScene.meta","review_delete","pending_user_review","tracked_or_staged",".meta","137","","","1a1673bbae5aad2f2a2cbfd304dc311aa76433b851abaf5e3aa6a5b785a29c05","","","","move_review","legacy_cocos_resource"
"assets/scripts/gameScene/GameScene.ts","asset_review_delete/2026-07-21/legacy_cocos/assets/scripts/gameScene/GameScene.ts","review_delete","pending_user_review","tracked_or_staged",".ts","15307","","","42e82a2a33bbea65a32880a55c32fd6cd73cf29a9e24f284a128a6a8682d4c9d","","","","move_review","legacy_cocos_resource"
"assets/scripts/gameScene/GameScene.ts.meta","asset_review_delete/2026-07-21/legacy_cocos/assets/scripts/gameScene/GameScene.ts.meta","review_delete","pending_user_review","tracked_or_staged",".meta","197","","","4ad37a392570e320961710ef6f78ac9868ecd0dec9aea757d0537e3c45efd399","","","","move_review","legacy_cocos_resource"
"assets/scripts/gameScene/Player.ts","asset_review_delete/2026-07-21/legacy_cocos/assets/scripts/gameScene/Player.ts","review_delete","pending_user_review","tracked_or_staged",".ts","790","","","567c2d42992ffb6e28fb56ca09a03d9a55f1524b278360de0d98c1a09378e764","","","","move_review","legacy_cocos_resource"
"assets/scripts/gameScene/Player.ts.meta","asset_review_delete/2026-07-21/legacy_cocos/assets/scripts/gameScene/Player.ts.meta","review_delete","pending_user_review","tracked_or_staged",".meta","197","","","9599a0d499768accb06b64439c3d182d555a1e2af89d330c555a074b9e225b0b","","","","move_review","legacy_cocos_resource"
"assets/scripts/gameScene/PlayerControl.ts","asset_review_delete/2026-07-21/legacy_cocos/assets/scripts/gameScene/PlayerControl.ts","review_delete","pending_user_review","tracked_or_staged",".ts","1495","","","34c596467b5337550596db4be1686ab8a30b29d9aab2f7e74e3ee46a6ed443fa","","","","move_review","legacy_cocos_resource"
"assets/scripts/gameScene/PlayerControl.ts.meta","asset_review_delete/2026-07-21/legacy_cocos/assets/scripts/gameScene/PlayerControl.ts.meta","review_delete","pending_user_review","tracked_or_staged",".meta","197","","","9c49beb57a3e4d76b51e1513fe680416fca145e9206cb22bd67b84b7062b2b96","","","","move_review","legacy_cocos_resource"
"assets/scripts/Loading.ts","asset_review_delete/2026-07-21/legacy_cocos/assets/scripts/Loading.ts","review_delete","pending_user_review","tracked_or_staged",".ts","3030","","","64f8aee7db1aecb5c997cf1b02e72ff58470a44ff62ba54721bfb89ca42de67e","","","","move_review","legacy_cocos_resource"
"assets/scripts/Loading.ts.meta","asset_review_delete/2026-07-21/legacy_cocos/assets/scripts/Loading.ts.meta","review_delete","pending_user_review","tracked_or_staged",".meta","197","","","48793b3ad6fffc2889a33d59bf9fcbf2a11a5d42d44a58760ba89eab35bb83e8","","","","move_review","legacy_cocos_resource"
"assets/scripts/Main.ts","asset_review_delete/2026-07-21/legacy_cocos/assets/scripts/Main.ts","review_delete","pending_user_review","tracked_or_staged",".ts","1028","","","efa3ba28bf198e5e77292d8227baffe52eda1bbabc00239dfd7a673182e99777","","","","move_review","legacy_cocos_resource"
"assets/scripts/Main.ts.meta","asset_review_delete/2026-07-21/legacy_cocos/assets/scripts/Main.ts.meta","review_delete","pending_user_review","tracked_or_staged",".meta","197","","","ed2b918b943be996c68220e0ce2a1c16e1ebd99608bd25640c93f39b5a7dced2","","","","move_review","legacy_cocos_resource"
"assets/scripts/ui.meta","asset_review_delete/2026-07-21/legacy_cocos/assets/scripts/ui.meta","review_delete","pending_user_review","tracked_or_staged",".meta","137","","","b1cdc91a2bbd8f956f21fa36a0b0f5b2c2f5e5f317ebc5ebba58a63f2d502741","","","","move_review","legacy_cocos_resource"
"assets/scripts/ui/account.meta","asset_review_delete/2026-07-21/legacy_cocos/assets/scripts/ui/account.meta","review_delete","pending_user_review","tracked_or_staged",".meta","137","","","827ee02f72f23c5bef5fc4952392b3c03ee58a12d743077de1bacb6ac8e18072","","","","move_review","legacy_cocos_resource"
"assets/scripts/ui/account/AccountView.ts","asset_review_delete/2026-07-21/legacy_cocos/assets/scripts/ui/account/AccountView.ts","review_delete","pending_user_review","tracked_or_staged",".ts","3047","","","d924277b02ed5d7d67b993b280f4664ac536a45ad91017d8e8a139162935d291","","","","move_review","legacy_cocos_resource"
"assets/scripts/ui/account/AccountView.ts.meta","asset_review_delete/2026-07-21/legacy_cocos/assets/scripts/ui/account/AccountView.ts.meta","review_delete","pending_user_review","tracked_or_staged",".meta","197","","","e34b601d9c3ca9a7063bcb9ab57b32da92281cf96d3ddae514379c4263ce237f","","","","move_review","legacy_cocos_resource"
"assets/scripts/ui/mainUI.meta","asset_review_delete/2026-07-21/legacy_cocos/assets/scripts/ui/mainUI.meta","review_delete","pending_user_review","tracked_or_staged",".meta","137","","","1c3f80d8ce36c2bc1b065e60a1e831e0ae339723602a26ad8ca79eae70df11bd","","","","move_review","legacy_cocos_resource"
"assets/scripts/ui/mainUI/GameUI.ts","asset_review_delete/2026-07-21/legacy_cocos/assets/scripts/ui/mainUI/GameUI.ts","review_delete","pending_user_review","tracked_or_staged",".ts","1268","","","d00af8360679c048d022ca8b6c2a8a00711fdcfa51038976c0e40f14ba556859","","","","move_review","legacy_cocos_resource"
"assets/scripts/ui/mainUI/GameUI.ts.meta","asset_review_delete/2026-07-21/legacy_cocos/assets/scripts/ui/mainUI/GameUI.ts.meta","review_delete","pending_user_review","tracked_or_staged",".meta","197","","","e2422fa03812d0bedc7a65ac6226d96adc478c84fd7c3b3de0a5b65d07fa14d6","","","","move_review","legacy_cocos_resource"
"assets/scripts/ui/mainUI/MainUI.ts","asset_review_delete/2026-07-21/legacy_cocos/assets/scripts/ui/mainUI/MainUI.ts","review_delete","pending_user_review","tracked_or_staged",".ts","2426","","","93bc3b1a5edb82be75be1720b31abfd61e608ab230edbf50b4813049b3f719b0","","","","move_review","legacy_cocos_resource"
"assets/scripts/ui/mainUI/MainUI.ts.meta","asset_review_delete/2026-07-21/legacy_cocos/assets/scripts/ui/mainUI/MainUI.ts.meta","review_delete","pending_user_review","tracked_or_staged",".meta","197","","","7ab5692ac7c646888b88ee8a7ba8229a42a5175126a8e9265b22c6692b04d978","","","","move_review","legacy_cocos_resource"
"assets/scripts/ui/successShow.meta","asset_review_delete/2026-07-21/legacy_cocos/assets/scripts/ui/successShow.meta","review_delete","pending_user_review","tracked_or_staged",".meta","137","","","e0e5b323e5233285e007c24a198a153d399ead1a98bc37842aef0a6d9339c0b8","","","","move_review","legacy_cocos_resource"
"assets/scripts/ui/successShow/SuccessShowView.ts","asset_review_delete/2026-07-21/legacy_cocos/assets/scripts/ui/successShow/SuccessShowView.ts","review_delete","pending_user_review","tracked_or_staged",".ts","1351","","","b9b1166481f1d22d8242c3eed9f278339ba7685451f49193e6df30328e46ee6e","","","","move_review","legacy_cocos_resource"
"assets/scripts/ui/successShow/SuccessShowView.ts.meta","asset_review_delete/2026-07-21/legacy_cocos/assets/scripts/ui/successShow/SuccessShowView.ts.meta","review_delete","pending_user_review","tracked_or_staged",".meta","197","","","381c6bb1d952f071e85b082e98ad0f7f0cf27e2f5fc074cef5f182c775e6ed1f","","","","move_review","legacy_cocos_resource"
"assets/scripts/ui/UIManager.ts","asset_review_delete/2026-07-21/legacy_cocos/assets/scripts/ui/UIManager.ts","review_delete","pending_user_review","tracked_or_staged",".ts","3650","","","d960c0a191bed371c390e297ed1724018fb6597efdd5b92a597db124991aa606","","","","move_review","legacy_cocos_resource"
"assets/scripts/ui/UIManager.ts.meta","asset_review_delete/2026-07-21/legacy_cocos/assets/scripts/ui/UIManager.ts.meta","review_delete","pending_user_review","tracked_or_staged",".meta","197","","","2dfdc82c7ba9a058467277c236e0d4002336d4521a2245354d0b26d10f3241d3","","","","move_review","legacy_cocos_resource"
"assets/scripts/ui/View.ts","asset_review_delete/2026-07-21/legacy_cocos/assets/scripts/ui/View.ts","review_delete","pending_user_review","tracked_or_staged",".ts","2627","","","f51876b503ab6c5e68cf21a47dafbc45a9e3e3479b185e7e978d5d9b92e73f88","","","","move_review","legacy_cocos_resource"
"assets/scripts/ui/View.ts.meta","asset_review_delete/2026-07-21/legacy_cocos/assets/scripts/ui/View.ts.meta","review_delete","pending_user_review","tracked_or_staged",".meta","197","","","c6f89bae74b9731b73e7785a3935ed3a637512c19bdc3cb11499ce2e3c3146e2","","","","move_review","legacy_cocos_resource"
"assets/scripts/util.meta","asset_review_delete/2026-07-21/legacy_cocos/assets/scripts/util.meta","review_delete","pending_user_review","tracked_or_staged",".meta","137","","","f4272ee6a10dddda3879d149f414a0e14fdae294a4f81fa066e27bc75a3db281","","","","move_review","legacy_cocos_resource"
"assets/scripts/util/CountdownLunch.ts","asset_review_delete/2026-07-21/legacy_cocos/assets/scripts/util/CountdownLunch.ts","review_delete","pending_user_review","tracked_or_staged",".ts","451","","","2c3d0dbe3462a20f4a2e810bfe4fbaa1c6a63565f0be0321b7519fffef2c8436","","","","move_review","legacy_cocos_resource"
"assets/scripts/util/CountdownLunch.ts.meta","asset_review_delete/2026-07-21/legacy_cocos/assets/scripts/util/CountdownLunch.ts.meta","review_delete","pending_user_review","tracked_or_staged",".meta","197","","","fa52536fdffb21a77aff11c2f6c02bc3ffb622326f6b5794a66545572d182798","","","","move_review","legacy_cocos_resource"
"assets/scripts/util/DMAdsSDKMgr.ts","asset_review_delete/2026-07-21/legacy_cocos/assets/scripts/util/DMAdsSDKMgr.ts","review_delete","pending_user_review","tracked_or_staged",".ts","6183","","","317b372dadf20f5c32dd28bcc2dad855524a69a93fb564cdbf58a97f812d9fe9","","","","move_review","legacy_cocos_resource"
"assets/scripts/util/DMAdsSDKMgr.ts.meta","asset_review_delete/2026-07-21/legacy_cocos/assets/scripts/util/DMAdsSDKMgr.ts.meta","review_delete","pending_user_review","tracked_or_staged",".meta","197","","","8d475c32918e019fa4c6f573e612d0d8f721ddd00cd091f74fcd9b793f4339de","","","","move_review","legacy_cocos_resource"
"assets/scripts/util/LongNumberUtils.ts","asset_review_delete/2026-07-21/legacy_cocos/assets/scripts/util/LongNumberUtils.ts","review_delete","pending_user_review","tracked_or_staged",".ts","20647","","","4070b596a991764c03f5090a744a7376bf20059e016c4b3fa8618208fcebe15a","","","","move_review","legacy_cocos_resource"
"assets/scripts/util/LongNumberUtils.ts.meta","asset_review_delete/2026-07-21/legacy_cocos/assets/scripts/util/LongNumberUtils.ts.meta","review_delete","pending_user_review","tracked_or_staged",".meta","197","","","a05a9ee6c56280b501c3c69d38cf05bc119d1fd9dfea9d41e8849feeaf258df2","","","","move_review","legacy_cocos_resource"
"assets/scripts/util/Mathf.ts","asset_review_delete/2026-07-21/legacy_cocos/assets/scripts/util/Mathf.ts","review_delete","pending_user_review","tracked_or_staged",".ts","4578","","","d99d3de4189949b50475c5bf4f4f4249a45d5486d6bec68bda213f526296d43f","","","","move_review","legacy_cocos_resource"
"assets/scripts/util/Mathf.ts.meta","asset_review_delete/2026-07-21/legacy_cocos/assets/scripts/util/Mathf.ts.meta","review_delete","pending_user_review","tracked_or_staged",".meta","197","","","b71171e29d20c3f1df2af92bcceb5c7465e2739469257dd7c9ef9c105fb5afda","","","","move_review","legacy_cocos_resource"
"assets/scripts/util/Random.ts","asset_review_delete/2026-07-21/legacy_cocos/assets/scripts/util/Random.ts","review_delete","pending_user_review","tracked_or_staged",".ts","1369","","","2a22b39bbd3a0d53e877885cef851e36a346dd8cfbd35a0d661b048f7804d1ea","","","","move_review","legacy_cocos_resource"
"assets/scripts/util/Random.ts.meta","asset_review_delete/2026-07-21/legacy_cocos/assets/scripts/util/Random.ts.meta","review_delete","pending_user_review","tracked_or_staged",".meta","197","","","40050a34b048bfc5938b84cb0bdfd08a7f235ea04b4130d42f59c548ac058fbc","","","","move_review","legacy_cocos_resource"
"assets/scripts/util/Vector2.ts","asset_review_delete/2026-07-21/legacy_cocos/assets/scripts/util/Vector2.ts","review_delete","pending_user_review","tracked_or_staged",".ts","4032","","","095ef5be946337b2cfeab90303f91da2c40e3640d48ca5fedbf7161007dafb49","","","","move_review","legacy_cocos_resource"
"assets/scripts/util/Vector2.ts.meta","asset_review_delete/2026-07-21/legacy_cocos/assets/scripts/util/Vector2.ts.meta","review_delete","pending_user_review","tracked_or_staged",".meta","197","","","5135334116e392add9c75ab60f39837eedd9c01e4d9a94a2e0d3a7cd9cdd312a","","","","move_review","legacy_cocos_resource"
"assets/scripts/util/Vector3.ts","asset_review_delete/2026-07-21/legacy_cocos/assets/scripts/util/Vector3.ts","review_delete","pending_user_review","tracked_or_staged",".ts","2691","","","5e8c0850b0cded2f07ecb05a9dc18756750c78dc548cad1566d6b145087da542","","","","move_review","legacy_cocos_resource"
"assets/scripts/util/Vector3.ts.meta","asset_review_delete/2026-07-21/legacy_cocos/assets/scripts/util/Vector3.ts.meta","review_delete","pending_user_review","tracked_or_staged",".meta","197","","","8c87c8f638c9644ce6c487476544793ac6fa0e6b0a3fffde035c7bb12e3bc36f","","","","move_review","legacy_cocos_resource"
"assets/sound.meta","asset_review_delete/2026-07-21/legacy_cocos/assets/sound.meta","review_delete","pending_user_review","tracked_or_staged",".meta","137","","","e3f7b50dd8653384422036b484db247b0ffb72b00b5fd2ad7263a6dbfb1a3be5","","","","move_review","legacy_cocos_metadata"
"assets/sound/click.mp3.meta","asset_review_delete/2026-07-21/legacy_cocos/assets/sound/click.mp3.meta","review_delete","pending_user_review","tracked_or_staged",".meta","109","","","3b918e005e42f1362c478dbaf3a30961353e47c483ce55e2ec9df9f4531721a1","","","","move_review","legacy_cocos_resource"
"assets/sound/mergen.mp3.meta","asset_review_delete/2026-07-21/legacy_cocos/assets/sound/mergen.mp3.meta","review_delete","pending_user_review","tracked_or_staged",".meta","109","","","0f3b9b17547a59078840281a2d69d685d471f1e0c08794986dfafedb58d9d737","","","","move_review","legacy_cocos_resource"
"assets/textrues.meta","asset_review_delete/2026-07-21/legacy_cocos/assets/textrues.meta","review_delete","pending_user_review","tracked_or_staged",".meta","137","","","d8ed620a38494be7a8dafbd65549cda7e7aaabda4922d16c6b5c8cabac36c13d","","","","move_review","legacy_cocos_metadata"
"assets/textrues/bg.meta","asset_review_delete/2026-07-21/legacy_cocos/assets/textrues/bg.meta","review_delete","pending_user_review","tracked_or_staged",".meta","137","","","301d150088da2d3ae2cef851014373fec0874385f49b6c9c206dae2aceb62a8e","","","","move_review","legacy_cocos_resource"
"assets/textrues/bg/bg_01.jpg","asset_review_delete/2026-07-21/legacy_cocos/assets/textrues/bg/bg_01.jpg","review_delete","pending_user_review","tracked_or_staged",".jpg","44849","720","1564","6eb2fa97d0bac24d54302b5446053b60d392de166cdfc758b8bc82baff0b66c2","","","","move_review","legacy_cocos_resource"
"assets/textrues/bg/bg_01.jpg.meta","asset_review_delete/2026-07-21/legacy_cocos/assets/textrues/bg/bg_01.jpg.meta","review_delete","pending_user_review","tracked_or_staged",".meta","812","","","6faf7d2b28b0333c09398afe13972f76e11f30924fbc74654154508e1fc761a4","","","","move_review","legacy_cocos_resource"
"assets/textrues/bg/bg_03.png.meta","asset_review_delete/2026-07-21/legacy_cocos/assets/textrues/bg/bg_03.png.meta","review_delete","pending_user_review","tracked_or_staged",".meta","809","","","8102b3acee2c6d027af1b5e33920ce88bc457e93ff91bbb5197b6e094c39b856","","","","move_review","legacy_cocos_resource"
"assets/textrues/bg/bg_04.png.meta","asset_review_delete/2026-07-21/legacy_cocos/assets/textrues/bg/bg_04.png.meta","review_delete","pending_user_review","tracked_or_staged",".meta","811","","","a4933fd4f7d573aec9c2e32837a563a79deb5352d06c65878baef92ceba0ab9e","","","","move_review","legacy_cocos_resource"
"assets/textrues/bg/bg_05.png.meta","asset_review_delete/2026-07-21/legacy_cocos/assets/textrues/bg/bg_05.png.meta","review_delete","pending_user_review","tracked_or_staged",".meta","809","","","acc257486048ff110fa9405f7a64d1d66283be9e704d39c6a9899b9ff8ed721a","","","","move_review","legacy_cocos_resource"
"assets/textrues/mian.meta","asset_review_delete/2026-07-21/legacy_cocos/assets/textrues/mian.meta","review_delete","pending_user_review","tracked_or_staged",".meta","137","","","2830777e40a6db4184dcdceed6aaf6a39abf49c0821d6ffc0924b0cb9aa35b1f","","","","move_review","legacy_cocos_resource"
"assets/textrues/mian/back.png.meta","asset_review_delete/2026-07-21/legacy_cocos/assets/textrues/mian/back.png.meta","review_delete","pending_user_review","tracked_or_staged",".meta","802","","","8a6617dcc20e7b5d5ad9817596222e175f0a63f8b33b140ddb68cd5544b3083f","","","","move_review","legacy_cocos_resource"
"assets/textrues/mian/bg_02.png.meta","asset_review_delete/2026-07-21/legacy_cocos/assets/textrues/mian/bg_02.png.meta","review_delete","pending_user_review","tracked_or_staged",".meta","809","","","2248511617ad3951173ea6af17f0d4a8486bb158fad946249d02ef0f6eceb501","","","","move_review","legacy_cocos_resource"
"assets/textrues/mian/Block Puzzle the number to 10.png","asset_review_delete/2026-07-21/legacy_cocos/assets/textrues/mian/Block Puzzle the number to 10.png","review_delete","pending_user_review","tracked_or_staged",".png","3905","550","27","20d2733a41906aeb3ef5c305c4ea03d2fa9487bc1d438f71b6157190f49f862a","","","","move_review","legacy_cocos_resource"
"assets/textrues/mian/Block Puzzle the number to 10.png.meta","asset_review_delete/2026-07-21/legacy_cocos/assets/textrues/mian/Block Puzzle the number to 10.png.meta","review_delete","pending_user_review","tracked_or_staged",".meta","830","","","9de5d9306fb253785eb281a433800db61620f7e991830b5c30afbece17fa845e","","","","move_review","legacy_cocos_resource"
"assets/textrues/mian/Continue.png.meta","asset_review_delete/2026-07-21/legacy_cocos/assets/textrues/mian/Continue.png.meta","review_delete","pending_user_review","tracked_or_staged",".meta","812","","","f5cf894bc0d2b0c4977adef597f2aed1cea2ac075e3ed9ba8ccbbe879dc2e2a2","","","","move_review","legacy_cocos_resource"
"assets/textrues/mian/Crown.png.meta","asset_review_delete/2026-07-21/legacy_cocos/assets/textrues/mian/Crown.png.meta","review_delete","pending_user_review","tracked_or_staged",".meta","803","","","7c77fd3ea52b3f317b997baf21b41fb98cddb489e1c0242715b35b3fce0d2f33","","","","move_review","legacy_cocos_resource"
"assets/textrues/mian/esc.png.meta","asset_review_delete/2026-07-21/legacy_cocos/assets/textrues/mian/esc.png.meta","review_delete","pending_user_review","tracked_or_staged",".meta","801","","","280302c8d6fe05baffbe13b0ed98f660141d1540fd0a37b84982c52e21bc57ea","","","","move_review","legacy_cocos_resource"
"assets/textrues/mian/font_01.png","asset_review_delete/2026-07-21/legacy_cocos/assets/textrues/mian/font_01.png","review_delete","pending_user_review","tracked_or_staged",".png","14190","397","60","e501e060b17c88bdbf8cf0308ad79f19fe64bb9f857b380e3e9ceb8748f05e2f","","","","move_review","legacy_cocos_resource"
"assets/textrues/mian/font_01.png.meta","asset_review_delete/2026-07-21/legacy_cocos/assets/textrues/mian/font_01.png.meta","review_delete","pending_user_review","tracked_or_staged",".meta","808","","","4b4680b6321448f2e04f4b3d2fbf28dc9a339ce908385e17ba6dc634d6150c68","","","","move_review","legacy_cocos_resource"
"assets/textrues/mian/help.png","asset_review_delete/2026-07-21/legacy_cocos/assets/textrues/mian/help.png","review_delete","pending_user_review","tracked_or_staged",".png","10231","112","105","0e9fe191239028ea32cf5a59909bb6e067f7e22b2d147b5a1b9fab0abf6c080f","","","","move_review","legacy_cocos_resource"
"assets/textrues/mian/help.png.meta","asset_review_delete/2026-07-21/legacy_cocos/assets/textrues/mian/help.png.meta","review_delete","pending_user_review","tracked_or_staged",".meta","808","","","5d659d14a906c3c18d113c94a506f267740e5591e784c852da32f8a6bc595fc3","","","","move_review","legacy_cocos_resource"
"assets/textrues/mian/jiesuan.png.meta","asset_review_delete/2026-07-21/legacy_cocos/assets/textrues/mian/jiesuan.png.meta","review_delete","pending_user_review","tracked_or_staged",".meta","811","","","c3a3090ec1898ec3609b07d27c79ebbe971605cdd90ceb2e5f8a422573cdf0ea","","","","move_review","legacy_cocos_resource"
"assets/textrues/mian/Light.png.meta","asset_review_delete/2026-07-21/legacy_cocos/assets/textrues/mian/Light.png.meta","review_delete","pending_user_review","tracked_or_staged",".meta","809","","","8923bab796b7507a7392f72c7d99eda7883f557863cfce09b459b287dd8d9717","","","","move_review","legacy_cocos_resource"
"assets/textrues/mian/logo.png.meta","asset_review_delete/2026-07-21/legacy_cocos/assets/textrues/mian/logo.png.meta","review_delete","pending_user_review","tracked_or_staged",".meta","813","","","5bc1ea8370d19f3e9422b9c4a8a2f5244db01128eb4eb5016e7b0b431ca50ec2","","","","move_review","legacy_cocos_resource"
"assets/textrues/mian/mainAtlas.pac","asset_review_delete/2026-07-21/legacy_cocos/assets/textrues/mian/mainAtlas.pac","review_delete","pending_user_review","tracked_or_staged",".pac","36","","","2aaf8682231fbb00299d92acb0b3745c5737e799ff8ca548f636d792022c92a3","","","","move_review","legacy_cocos_resource"
"assets/textrues/mian/mainAtlas.pac.meta","asset_review_delete/2026-07-21/legacy_cocos/assets/textrues/mian/mainAtlas.pac.meta","review_delete","pending_user_review","tracked_or_staged",".meta","458","","","f7f733f54232414a8dc6591e579fbf314e59a1fab0ef48c8417b6d71d030262c","","","","move_review","legacy_cocos_resource"
"assets/textrues/mian/Mask.png","asset_review_delete/2026-07-21/legacy_cocos/assets/textrues/mian/Mask.png","review_delete","pending_user_review","tracked_or_staged",".png","1078","100","100","34889f85b01b639587cfba771277cb3590c4b6ea4ad56048410056414cd57c4b","","","","move_review","legacy_cocos_resource"
"assets/textrues/mian/Mask.png.meta","asset_review_delete/2026-07-21/legacy_cocos/assets/textrues/mian/Mask.png.meta","review_delete","pending_user_review","tracked_or_staged",".meta","808","","","b9b65dd5976a09c8cffacfe47a2c56072311214310d80a54c699369e36239ff4","","","","move_review","legacy_cocos_resource"
"assets/textrues/mian/music.png.meta","asset_review_delete/2026-07-21/legacy_cocos/assets/textrues/mian/music.png.meta","review_delete","pending_user_review","tracked_or_staged",".meta","809","","","a0a024a01dd5b62e4532f088fd2c194bb14de59ac1c85317f0ca870d7d95939e","","","","move_review","legacy_cocos_resource"
"assets/textrues/mian/newrecord.png.meta","asset_review_delete/2026-07-21/legacy_cocos/assets/textrues/mian/newrecord.png.meta","review_delete","pending_user_review","tracked_or_staged",".meta","810","","","f52caa26a1f45df2b219d8715f3a5f38c3d4a288025f4a94a781bde9be0aa0ab","","","","move_review","legacy_cocos_resource"
"assets/textrues/mian/Panel.png.meta","asset_review_delete/2026-07-21/legacy_cocos/assets/textrues/mian/Panel.png.meta","review_delete","pending_user_review","tracked_or_staged",".meta","809","","","d322ef10977cb57ee1e740483f89da6abd631c5b80f2e00bd3f2067cac0631f2","","","","move_review","legacy_cocos_resource"
"assets/textrues/mian/plate_01_down.png","asset_review_delete/2026-07-21/legacy_cocos/assets/textrues/mian/plate_01_down.png","review_delete","pending_user_review","tracked_or_staged",".png","1499","96","96","2b542c4bc4466e40cd2113f98ad2bd5357ee1b7a0ddf8fe88d6efc67c8bdfc04","","","","move_review","legacy_cocos_resource"
"assets/textrues/mian/plate_01_down.png.meta","asset_review_delete/2026-07-21/legacy_cocos/assets/textrues/mian/plate_01_down.png.meta","review_delete","pending_user_review","tracked_or_staged",".meta","818","","","e8278eb3f837418013f8b1cc12f0d043247ab9576555da24cafad284124f849f","","","","move_review","legacy_cocos_resource"
"assets/textrues/mian/plate_01_up.png","asset_review_delete/2026-07-21/legacy_cocos/assets/textrues/mian/plate_01_up.png","review_delete","pending_user_review","tracked_or_staged",".png","8984","96","96","2e7b9d34b2939ec832d3afbb1915f14a3be65ec489db54174d34087b03710bb7","","","","move_review","legacy_cocos_resource"
"assets/textrues/mian/plate_01_up.png.meta","asset_review_delete/2026-07-21/legacy_cocos/assets/textrues/mian/plate_01_up.png.meta","review_delete","pending_user_review","tracked_or_staged",".meta","815","","","bd6c3cb19924329535bfd9eee107c85a0cb3a6a52c014bcf3262c487f82941e2","","","","move_review","legacy_cocos_resource"
"assets/textrues/mian/plate_02_down.png","asset_review_delete/2026-07-21/legacy_cocos/assets/textrues/mian/plate_02_down.png","review_delete","pending_user_review","tracked_or_staged",".png","1746","96","96","331a2eb6c78999fc21ab37218bdbcb1bf6330b4ba79c2fae8ef52e91dd4b982c","","","","move_review","legacy_cocos_resource"
"assets/textrues/mian/plate_02_down.png.meta","asset_review_delete/2026-07-21/legacy_cocos/assets/textrues/mian/plate_02_down.png.meta","review_delete","pending_user_review","tracked_or_staged",".meta","817","","","9d2384661569ba5744ef4003ed19d03c51680c4a2407f476664daa7bbed8ff41","","","","move_review","legacy_cocos_resource"
"assets/textrues/mian/plate_02_up.png","asset_review_delete/2026-07-21/legacy_cocos/assets/textrues/mian/plate_02_up.png","review_delete","pending_user_review","tracked_or_staged",".png","7917","96","96","5f8d05179fd7a0e6d0457d9d4194507565ece46d3f267c8d437edcc465c5877f","","","","move_review","legacy_cocos_resource"
"assets/textrues/mian/plate_02_up.png.meta","asset_review_delete/2026-07-21/legacy_cocos/assets/textrues/mian/plate_02_up.png.meta","review_delete","pending_user_review","tracked_or_staged",".meta","815","","","5853aec820c0819c9ba3d6cbf7de8578b3acea1d752a6b66d08e3189ed9cd26f","","","","move_review","legacy_cocos_resource"
"assets/textrues/mian/plate_03_down.png","asset_review_delete/2026-07-21/legacy_cocos/assets/textrues/mian/plate_03_down.png","review_delete","pending_user_review","tracked_or_staged",".png","2038","96","96","b25c142703d01f95a2bee22e030e2d6dbd35787e14a8f6b12ce6a5ebd4866b36","","","","move_review","legacy_cocos_resource"
"assets/textrues/mian/plate_03_down.png.meta","asset_review_delete/2026-07-21/legacy_cocos/assets/textrues/mian/plate_03_down.png.meta","review_delete","pending_user_review","tracked_or_staged",".meta","817","","","adc419d9f33a5edc254a27de1467bd420f6ac0441fb932f3ccfe2c1b655c09fd","","","","move_review","legacy_cocos_resource"
"assets/textrues/mian/plate_03_up.png","asset_review_delete/2026-07-21/legacy_cocos/assets/textrues/mian/plate_03_up.png","review_delete","pending_user_review","tracked_or_staged",".png","8754","96","96","bebfdfbe1543375f28ca39171f7be722bdca55bece3dc3ac378cd5592c1161f6","","","","move_review","legacy_cocos_resource"
"assets/textrues/mian/plate_03_up.png.meta","asset_review_delete/2026-07-21/legacy_cocos/assets/textrues/mian/plate_03_up.png.meta","review_delete","pending_user_review","tracked_or_staged",".meta","815","","","aabe81c58a16fe34d29ac9cdf9681af9b98172036110f23d6acfcc488c8d8e30","","","","move_review","legacy_cocos_resource"
"assets/textrues/mian/plate_04_down.png","asset_review_delete/2026-07-21/legacy_cocos/assets/textrues/mian/plate_04_down.png","review_delete","pending_user_review","tracked_or_staged",".png","1848","96","96","48ff3e7d71d3dc4431f999f4f7fcb8f008e0e77bc83aa02d9239c54232689ca7","","","","move_review","legacy_cocos_resource"
"assets/textrues/mian/plate_04_down.png.meta","asset_review_delete/2026-07-21/legacy_cocos/assets/textrues/mian/plate_04_down.png.meta","review_delete","pending_user_review","tracked_or_staged",".meta","817","","","a3e364867ab3e3d18bbc4adf0936c5eb74a6cdd7d9f62eea8c2d9016042c3f60","","","","move_review","legacy_cocos_resource"
"assets/textrues/mian/plate_04_up.png","asset_review_delete/2026-07-21/legacy_cocos/assets/textrues/mian/plate_04_up.png","review_delete","pending_user_review","tracked_or_staged",".png","9115","96","96","983a808ebba38c8898086008c35148a1a706ba3fd88d646fdf5bb12adefef1ef","","","","move_review","legacy_cocos_resource"
"assets/textrues/mian/plate_04_up.png.meta","asset_review_delete/2026-07-21/legacy_cocos/assets/textrues/mian/plate_04_up.png.meta","review_delete","pending_user_review","tracked_or_staged",".meta","815","","","ed4f9c807e8e94b027973366be070466b90c02de03c978c20626441e97e36994","","","","move_review","legacy_cocos_resource"
"assets/textrues/mian/plate_05_down.png","asset_review_delete/2026-07-21/legacy_cocos/assets/textrues/mian/plate_05_down.png","review_delete","pending_user_review","tracked_or_staged",".png","1834","96","96","54c4869e3a69c8ad1e6bdc080c82d9d14f5bfaff5a23032a967485db2ced2c23","","","","move_review","legacy_cocos_resource"
"assets/textrues/mian/plate_05_down.png.meta","asset_review_delete/2026-07-21/legacy_cocos/assets/textrues/mian/plate_05_down.png.meta","review_delete","pending_user_review","tracked_or_staged",".meta","817","","","08a37a3542e7d87e85f77516f611a85876ab7a0ae6d9d1332d2b8f8256a42f9a","","","","move_review","legacy_cocos_resource"
"assets/textrues/mian/plate_05_up.png","asset_review_delete/2026-07-21/legacy_cocos/assets/textrues/mian/plate_05_up.png","review_delete","pending_user_review","tracked_or_staged",".png","9170","96","96","6928d4c710088d755e9d613b26fa1aac50481b44c39e2df8e4c63f47066c19ff","","","","move_review","legacy_cocos_resource"
"assets/textrues/mian/plate_05_up.png.meta","asset_review_delete/2026-07-21/legacy_cocos/assets/textrues/mian/plate_05_up.png.meta","review_delete","pending_user_review","tracked_or_staged",".meta","815","","","71d65fb7a56acd467dc306c750821a5b7d8d84d7d6b163819b07bcf6c8ed5690","","","","move_review","legacy_cocos_resource"
"assets/textrues/mian/plate_06_down.png","asset_review_delete/2026-07-21/legacy_cocos/assets/textrues/mian/plate_06_down.png","review_delete","pending_user_review","tracked_or_staged",".png","2285","96","96","4ac0f01d61f3ab7e023b0972a0ce14c32b3c957a1dca4576bffdf96736439f11","","","","move_review","legacy_cocos_resource"
"assets/textrues/mian/plate_06_down.png.meta","asset_review_delete/2026-07-21/legacy_cocos/assets/textrues/mian/plate_06_down.png.meta","review_delete","pending_user_review","tracked_or_staged",".meta","817","","","9d06c503f8871f05e01834b2627eda600c6b9a037f499a504726e5a50d4539d6","","","","move_review","legacy_cocos_resource"
"assets/textrues/mian/plate_06_up.png","asset_review_delete/2026-07-21/legacy_cocos/assets/textrues/mian/plate_06_up.png","review_delete","pending_user_review","tracked_or_staged",".png","9898","96","96","5bf1433261cd32834eae43cf2f9954f1e2fd2bd3e4016f097a8a460f6561fc88","","","","move_review","legacy_cocos_resource"
"assets/textrues/mian/plate_06_up.png.meta","asset_review_delete/2026-07-21/legacy_cocos/assets/textrues/mian/plate_06_up.png.meta","review_delete","pending_user_review","tracked_or_staged",".meta","815","","","15d1b0d527d99d8952aad78198e0a6a61a5e4a3222bfa1883b7b5383b57ce5c0","","","","move_review","legacy_cocos_resource"
"assets/textrues/mian/plate_07_down.png","asset_review_delete/2026-07-21/legacy_cocos/assets/textrues/mian/plate_07_down.png","review_delete","pending_user_review","tracked_or_staged",".png","1694","96","96","c787843309b6e0db4b0741c27c3e8e7e7f054d6b8401d35cff3c52f5863d76c0","","","","move_review","legacy_cocos_resource"
"assets/textrues/mian/plate_07_down.png.meta","asset_review_delete/2026-07-21/legacy_cocos/assets/textrues/mian/plate_07_down.png.meta","review_delete","pending_user_review","tracked_or_staged",".meta","817","","","c96020516aa7107f382483b2acc76ce5f77cb031d4615460e6cfb405356c8d7f","","","","move_review","legacy_cocos_resource"
"assets/textrues/mian/plate_07_up.png","asset_review_delete/2026-07-21/legacy_cocos/assets/textrues/mian/plate_07_up.png","review_delete","pending_user_review","tracked_or_staged",".png","8185","96","96","43acf8bd849f8fb84224214ee4d1301dc41bd4d446a3b8208492b6ed904810c6","","","","move_review","legacy_cocos_resource"
"assets/textrues/mian/plate_07_up.png.meta","asset_review_delete/2026-07-21/legacy_cocos/assets/textrues/mian/plate_07_up.png.meta","review_delete","pending_user_review","tracked_or_staged",".meta","815","","","ba42ef2b976b1da3e3aa788885104befc89d7dc7d109c903d8fc6db7b352164d","","","","move_review","legacy_cocos_resource"
"assets/textrues/mian/plate_08_down.png","asset_review_delete/2026-07-21/legacy_cocos/assets/textrues/mian/plate_08_down.png","review_delete","pending_user_review","tracked_or_staged",".png","2305","96","96","4656f68d6725e8bde95f4e48dc109c0f5859dc6c4ee109d3e7e84b3286d51310","","","","move_review","legacy_cocos_resource"
"assets/textrues/mian/plate_08_down.png.meta","asset_review_delete/2026-07-21/legacy_cocos/assets/textrues/mian/plate_08_down.png.meta","review_delete","pending_user_review","tracked_or_staged",".meta","817","","","506b8cb5039f70a467b0903b0a4c7762082e649370d16aa3bd81697343f309f3","","","","move_review","legacy_cocos_resource"
"assets/textrues/mian/plate_08_up.png","asset_review_delete/2026-07-21/legacy_cocos/assets/textrues/mian/plate_08_up.png","review_delete","pending_user_review","tracked_or_staged",".png","9284","96","96","e10d8d9a3eaa149603dc7efc8cbddb9b7aa40b69872206e5d02a41a70b2855eb","","","","move_review","legacy_cocos_resource"
"assets/textrues/mian/plate_08_up.png.meta","asset_review_delete/2026-07-21/legacy_cocos/assets/textrues/mian/plate_08_up.png.meta","review_delete","pending_user_review","tracked_or_staged",".meta","815","","","a88a9e25b174d81028f3c7c8ae228b67347fd5b4b5cea80acc69069735f3f2b5","","","","move_review","legacy_cocos_resource"
"assets/textrues/mian/plate_09_down.png","asset_review_delete/2026-07-21/legacy_cocos/assets/textrues/mian/plate_09_down.png","review_delete","pending_user_review","tracked_or_staged",".png","2149","96","96","5516c4432ff018d4b7be4df6c653b167c995cb4fb6b03ff9ce1cb04042f6456e","","","","move_review","legacy_cocos_resource"
"assets/textrues/mian/plate_09_down.png.meta","asset_review_delete/2026-07-21/legacy_cocos/assets/textrues/mian/plate_09_down.png.meta","review_delete","pending_user_review","tracked_or_staged",".meta","817","","","c5d2bf94f31d9a309bfc7a46eb041063fd752acbe609bfdd55ac02696c202f8a","","","","move_review","legacy_cocos_resource"
"assets/textrues/mian/plate_09_up.png","asset_review_delete/2026-07-21/legacy_cocos/assets/textrues/mian/plate_09_up.png","review_delete","pending_user_review","tracked_or_staged",".png","8902","96","96","ab0b9e2ac129a108c716332ed29b5dfbf06cbb52c40441cb106831012341508a","","","","move_review","legacy_cocos_resource"
"assets/textrues/mian/plate_09_up.png.meta","asset_review_delete/2026-07-21/legacy_cocos/assets/textrues/mian/plate_09_up.png.meta","review_delete","pending_user_review","tracked_or_staged",".meta","815","","","2f2720fd5eb07c1543916bfe68282f4fe55f07512eca3c654842c17207c01d0b","","","","move_review","legacy_cocos_resource"
"assets/textrues/mian/plate_10_down.png","asset_review_delete/2026-07-21/legacy_cocos/assets/textrues/mian/plate_10_down.png","review_delete","pending_user_review","tracked_or_staged",".png","2514","96","96","612098a5e673c955b297dccc72097d39b162dad4ec8ce60f55d20257ce5905bd","","","","move_review","legacy_cocos_resource"
"assets/textrues/mian/plate_10_down.png.meta","asset_review_delete/2026-07-21/legacy_cocos/assets/textrues/mian/plate_10_down.png.meta","review_delete","pending_user_review","tracked_or_staged",".meta","817","","","81abbc4b58ebf4915d46b44a80ca80f43aaf7c8bf5eb1cd68a98de138fb33735","","","","move_review","legacy_cocos_resource"
"assets/textrues/mian/plate_10_up.png","asset_review_delete/2026-07-21/legacy_cocos/assets/textrues/mian/plate_10_up.png","review_delete","pending_user_review","tracked_or_staged",".png","8373","96","96","4e6dded6aff085fe6e936b72f1b859b1caefe6b5989b8a23f5e716fa03c248e6","","","","move_review","legacy_cocos_resource"
"assets/textrues/mian/plate_10_up.png.meta","asset_review_delete/2026-07-21/legacy_cocos/assets/textrues/mian/plate_10_up.png.meta","review_delete","pending_user_review","tracked_or_staged",".meta","815","","","f09f050a2268ab440f5651b01a0ca29a692afeb515449173562c9e9aa1aa72d3","","","","move_review","legacy_cocos_resource"
"assets/textrues/mian/play.png","asset_review_delete/2026-07-21/legacy_cocos/assets/textrues/mian/play.png","review_delete","pending_user_review","tracked_or_staged",".png","41253","355","160","b006e459debbf25cf8067d3b7ac1a3b428f61ebafdd8768fd8756377476150f9","","","","move_review","legacy_cocos_resource"
"assets/textrues/mian/play.png.meta","asset_review_delete/2026-07-21/legacy_cocos/assets/textrues/mian/play.png.meta","review_delete","pending_user_review","tracked_or_staged",".meta","808","","","d579f052e27675aad6c0440034de53b3efbecdfea81ce9a9a1f94e8d2862e371","","","","move_review","legacy_cocos_resource"
"assets/textrues/mian/Refresh.png.meta","asset_review_delete/2026-07-21/legacy_cocos/assets/textrues/mian/Refresh.png.meta","review_delete","pending_user_review","tracked_or_staged",".meta","805","","","e80ee0b37d4e1a1de9671d0de06d6936fb14166e541bc953007cd6a1337165c1","","","","move_review","legacy_cocos_resource"
"assets/textrues/mian/Rstart.png.meta","asset_review_delete/2026-07-21/legacy_cocos/assets/textrues/mian/Rstart.png.meta","review_delete","pending_user_review","tracked_or_staged",".meta","815","","","5201c518bb0708987aef040d6fbfd444bad2376510e72092728a70b0d7e25744","","","","move_review","legacy_cocos_resource"
"assets/runtime/fx/elements/critical/hit_spritesheet.png","asset_review_delete/2026-07-21/replaced/current/assets/fx/elements/critical/hit_spritesheet_old.png","review_delete","pending_user_review","untracked",".png","798869","1254","1254","8bbf3215cd3f1fc2a1cbe32fcf70b3d91188438b4dc7454fe536d96f10a52014","","","","move_review","replaced_by_user_supplied_critical_hit_fx_20260722"
"assets/runtime/fx/elements/critical/projectile_core.png","asset_review_delete/2026-07-21/replaced/current/assets/fx/elements/critical/projectile_core_old.png","review_delete","pending_user_review","untracked",".png","690651","1254","1254","a11ca7ef4ec20e694f71408ffbe89cab6d7d5d6e8ce96bb2b7d17ce7887745d6","","","","move_review","replaced_by_user_supplied_critical_projectile_20260722"
"assets/runtime/fx/elements/fire/hit_spritesheet.png","asset_review_delete/2026-07-21/replaced/current/assets/fx/elements/fire/hit_spritesheet_old.png","review_delete","pending_user_review","untracked",".png","837921","1254","1254","551dc518c184c2754f5fc072ea487da0f6337874354ea62b0f873a01fc57c28f","","","","move_review","replaced_by_user_supplied_fire_hit_fx_20260722"
"assets/runtime/fx/elements/fire/projectile_core.png","asset_review_delete/2026-07-21/replaced/current/assets/fx/elements/fire/projectile_core_old.png","review_delete","pending_user_review","untracked",".png","734371","1254","1254","fd6bc4b63c6921be41cbcfc5593d3b3364bab01d1526b3012039524e147f2333","","","","move_review","replaced_by_user_supplied_fire_projectile_20260722"
"assets/fx/elements/ice/hit_spritesheet.png","asset_review_delete/2026-07-21/replaced/current/assets/fx/elements/ice/hit_spritesheet_old.png","review_delete","pending_user_review","tracked_or_staged",".png","733376","1254","1254","b02fe52b33e1b2a4eb44b7a8ad41300f49571fd4afea49df6aa9a5b5da1d103a","","","","move_review","replaced_by_user_supplied_10_frame_hit_spritesheet"
"assets/runtime/fx/elements/poison/hit_spritesheet.png","asset_review_delete/2026-07-21/replaced/current/assets/fx/elements/poison/hit_spritesheet_old.png","review_delete","pending_user_review","untracked",".png","631366","1254","1254","3afc7f6e39921952ffd80d65b1067681fcce43f77d7bdf71b20e953a7274e5da","","","","move_review","replaced_by_user_supplied_poison_hit_fx_20260722"
"assets/runtime/fx/elements/poison/projectile_core.png","asset_review_delete/2026-07-21/replaced/current/assets/fx/elements/poison/projectile_core_old.png","review_delete","pending_user_review","untracked",".png","422305","1254","1254","cc8a8e7bd8d90d63428833dcbd7498d73dabd7b9b20a91abb2219ea54b700824","","","","move_review","replaced_by_user_supplied_poison_projectile_20260722"
"assets/UI/card/棋盘卡_001.png","asset_review_delete/2026-07-21/replaced/current/assets/UI/card/棋盘卡_001.png","review_delete","pending_user_review","tracked_or_staged",".png","243873","331","620","e3a332f66308253be32f58ea08c9e00d4f82c2d73db70aec931716233787e9f2","","","","move_review","replaced_legacy_card_art"
"assets/UI/card/棋盘卡_002.png","asset_review_delete/2026-07-21/replaced/current/assets/UI/card/棋盘卡_002.png","review_delete","pending_user_review","tracked_or_staged",".png","250692","334","620","4f3d6cacb85901bf79dba654c918074a23d8ac00aacdb91b3b2d51180a614a47","","","","move_review","replaced_legacy_card_art"
"assets/UI/card/棋盘卡_003.png","asset_review_delete/2026-07-21/replaced/current/assets/UI/card/棋盘卡_003.png","review_delete","pending_user_review","tracked_or_staged",".png","239990","342","619","08f634316d555d9a074866efbf5aa7da3c3f09f8b8601967a955419758590dd2","","","","move_review","replaced_legacy_card_art"
"assets/UI/card/棋盘卡_004.png","asset_review_delete/2026-07-21/replaced/current/assets/UI/card/棋盘卡_004.png","review_delete","pending_user_review","tracked_or_staged",".png","276278","338","619","f485abfbb5ed857de4b986a78bc345de95d739123385c1525b1066bca1493994","","","","move_review","replaced_legacy_card_art"
"assets/UI/card/棋盘卡_005.png","asset_review_delete/2026-07-21/replaced/current/assets/UI/card/棋盘卡_005.png","review_delete","pending_user_review","tracked_or_staged",".png","262810","333","620","7d2cc966cc8396960aab986002a84634306695c1335fa1d15357c0577f2cff81","","","","move_review","replaced_legacy_card_art"
"assets/UI/card/水晶卡_001.png","asset_review_delete/2026-07-21/replaced/current/assets/UI/card/水晶卡_001.png","review_delete","pending_user_review","tracked_or_staged",".png","359989","398","707","8a0e1d0267eea7543518dae84a3c788a3b101ea8b5fe3a56f64e80cecebb162f","","","","move_review","replaced_legacy_card_art"
"assets/UI/card/水晶卡_002.png","asset_review_delete/2026-07-21/replaced/current/assets/UI/card/水晶卡_002.png","review_delete","pending_user_review","tracked_or_staged",".png","350636","398","706","e530222245498c3172f3acbccdeb376239a7298c253699ff27effd757c7b78b6","","","","move_review","replaced_legacy_card_art"
"assets/UI/card/水晶卡_003.png","asset_review_delete/2026-07-21/replaced/current/assets/UI/card/水晶卡_003.png","review_delete","pending_user_review","tracked_or_staged",".png","352192","397","707","a733a223449c758a0ff03a1f45eca33c9df8b1f24dd5c30f98670744264725f4","","","","move_review","replaced_legacy_card_art"
"assets/UI/card/水晶卡_004.png","asset_review_delete/2026-07-21/replaced/current/assets/UI/card/水晶卡_004.png","review_delete","pending_user_review","tracked_or_staged",".png","356888","396","706","cba554c36ed20184311b12da0e1fa1d07e9cbc90868e9f077f72360d2529e434","","","","move_review","replaced_legacy_card_art"
"assets/UI/merge_attack_banner_critical.png","asset_review_delete/2026-07-21/replaced/current/assets/UI/merge_attack_banner_critical.png","review_delete","pending_user_review","tracked_or_staged",".png","31735","340","35","407628aff23f17c68d97844730e56057e59ec2628ed192fc9d16bb8c70faf4ff","","","","move_review","replaced_element_prompt_banner"
"assets/UI/merge_attack_banner_fire.png","asset_review_delete/2026-07-21/replaced/current/assets/UI/merge_attack_banner_fire.png","review_delete","pending_user_review","tracked_or_staged",".png","33280","344","36","79b08472bdc70f8e8abe9c25c46268004792b0ebad55136533a72bec8a4510a7","","","","move_review","replaced_element_prompt_banner"
"assets/UI/merge_attack_banner_ice.png","asset_review_delete/2026-07-21/replaced/current/assets/UI/merge_attack_banner_ice.png","review_delete","pending_user_review","tracked_or_staged",".png","32036","342","35","816dac8084d09573ed21a8a29d10817c543e5b9b1f25dddb8a23a936024fabc7","","","","move_review","replaced_element_prompt_banner"
"assets/UI/merge_attack_banner_lightning.png","asset_review_delete/2026-07-21/replaced/current/assets/UI/merge_attack_banner_lightning.png","review_delete","pending_user_review","tracked_or_staged",".png","32188","340","34","d4edd569297741d667a54ecb1b14630149855432972a225f444a6161a5ca3819","","","","move_review","replaced_element_prompt_banner"
"assets/UI/merge_attack_banner_poison.png","asset_review_delete/2026-07-21/replaced/current/assets/UI/merge_attack_banner_poison.png","review_delete","pending_user_review","tracked_or_staged",".png","33597","340","38","85b265ee5f1003e9e9b463e4c7b229c18f566708ea1c1c7713d6fed238befad1","","","","move_review","replaced_element_prompt_banner"
"assets/UI/波次选择/layer_001.png","asset_review_delete/2026-07-21/replaced/current/assets/UI/波次选择/layer_001.png","review_delete","pending_user_review","tracked_or_staged",".png","611128","857","949","5ff77a41986e98e713f3324e2c19c3a1c3d19bc237a36a159df76376f45e00ac","","","","move_review","replaced_wave_choice_layers"
"assets/UI/波次选择/layer_002.png","asset_review_delete/2026-07-21/replaced/current/assets/UI/波次选择/layer_002.png","review_delete","pending_user_review","tracked_or_staged",".png","46863","332","93","5659c3550581045edabdcf230b442bce138915d4565870c1a415992e179250c0","","","","move_review","replaced_wave_choice_layers"
"assets/UI/底部UI/layer_001.png","asset_review_delete/2026-07-21/replaced/current/assets/UI/底部UI/layer_001.png","review_delete","pending_user_review","tracked_or_staged",".png","214542","911","261","f4c501d640263be059021d2c285c757781aa4a5ac61f97c4ae6eb6cd05b2e83a","","","","move_review","replaced_bottom_hud_layers"
"assets/UI/底部UI/layer_002.png","asset_review_delete/2026-07-21/replaced/current/assets/UI/底部UI/layer_002.png","review_delete","pending_user_review","tracked_or_staged",".png","95872","843","95","794e81e76ac83ea4f36a966dd7fbf9e247c3023a6622045d4e41118dedd8ba2f","","","","move_review","replaced_bottom_hud_layers"
"assets/UI/顶部UI/layer_001.png","asset_review_delete/2026-07-21/replaced/current/assets/UI/顶部UI/layer_001.png","review_delete","pending_user_review","tracked_or_staged",".png","47268","253","73","314b9317d29bb179263d142824028e037a1d0fc8dc7e09443b9208822b2bcd97","","","","move_review","replaced_top_hud_layer"
"assets/UI/技能及能量UI/layer_001.png","asset_review_delete/2026-07-21/replaced/current/assets/UI/技能及能量UI/layer_001.png","review_delete","pending_user_review","tracked_or_staged",".png","22979","114","45","e8e926c2756c2b17c7e0314247fdb1b6357962420a4e748fe431c09bad733b9e","","","","move_review","replaced_skill_energy_ui"
"assets/UI/技能及能量UI/layer_002.png","asset_review_delete/2026-07-21/replaced/current/assets/UI/技能及能量UI/layer_002.png","review_delete","pending_user_review","tracked_or_staged",".png","26065","257","56","6790ecddf3897cc3e3020336f9800f8070b3e1b784bde71414eda99a65b2156b","","","","move_review","replaced_skill_energy_ui"
"assets/UI/技能及能量UI/layer_003.png","asset_review_delete/2026-07-21/replaced/current/assets/UI/技能及能量UI/layer_003.png","review_delete","pending_user_review","tracked_or_staged",".png","42631","116","117","2dc4c5f300e15830bcc185ff5f13eba12ca141f7b7beb83f2eb993efab7d31cd","","","","move_review","replaced_skill_energy_ui"
"assets/UI/技能及能量UI/layer_004.png","asset_review_delete/2026-07-21/replaced/current/assets/UI/技能及能量UI/layer_004.png","review_delete","pending_user_review","tracked_or_staged",".png","40179","116","117","4b9bc395a31493ec5983ea0558c15d102b1386774f332fe8f1cb8e497c820a86","","","","move_review","replaced_skill_energy_ui"
"assets/UI/技能及能量UI/layer_005.png","asset_review_delete/2026-07-21/replaced/current/assets/UI/技能及能量UI/layer_005.png","review_delete","pending_user_review","tracked_or_staged",".png","41406","116","117","aae169c218d228356bfbdf94b7b3becafb17003183cc374b37071f191ed9e398","","","","move_review","replaced_skill_energy_ui"
"assets/UI/技能及能量UI/layer_006.png","asset_review_delete/2026-07-21/replaced/current/assets/UI/技能及能量UI/layer_006.png","review_delete","pending_user_review","tracked_or_staged",".png","82212","730","194","bf6c5fc7ad4db8eab65695fc27a384151127c91be700f7de390159aca37e8683","","","","move_review","replaced_skill_energy_ui"
"assets/UI/技能及能量UI/卡牌图标.png","asset_review_delete/2026-07-21/replaced/current/assets/UI/技能及能量UI/卡牌图标.png","review_delete","pending_user_review","tracked_or_staged",".png","18352","92","82","6b038f78ab8b0a18ebf225569bfa3addff9fc357dd76d0b11c60496c9419132f","","","","move_review","replaced_skill_energy_ui"
"assets/UI/技能及能量UI/效果图.png","asset_review_delete/2026-07-21/replaced/current/assets/UI/技能及能量UI/效果图.png","review_delete","pending_user_review","tracked_or_staged",".png","172879","730","197","b8241a29cbe05b266b6970c72366c2c30b23448ed8ce59a7ab0ca6a5aa95f2fe","","","","move_review","replaced_skill_energy_ui"
"assets/UI/棋盘印记/layer_003.png","asset_review_delete/2026-07-21/replaced/current/assets/UI/棋盘印记/layer_003.png","review_delete","pending_user_review","tracked_or_staged",".png","134585","313","326","9824750008e7eded7bf13afd5226a15b0444f82684699cfdce068265fc88d451","","","","move_review","replaced_imprint_layer"
"assets/sliced_20260703_172750/board_panel.png","asset_review_delete/2026-07-21/replaced/restored_from_git/assets/sliced_20260703_172750/board_panel.png","review_delete","pending_user_review","tracked_or_staged",".png","37507","252","192","929c1ec9aa3ff73f23385fd3a48bd94627f9adee234946d1ef52008758f45049","","","","restore_to_review","deleted_before_reorganization"
"assets/sliced_20260703_172750/core_blocks_split/_preview.png","asset_review_delete/2026-07-21/replaced/restored_from_git/assets/sliced_20260703_172750/core_blocks_split/_preview.png","review_delete","pending_user_review","tracked_or_staged",".png","456542","1400","900","5f5e53cb6801c78da9e9c30520920884031f208a3fecd58ba2c0756766a2561b","","","","restore_to_review","deleted_before_reorganization"
"assets/sliced_20260703_172750/core_blocks_split/blocks/block_blue.png","asset_review_delete/2026-07-21/replaced/restored_from_git/assets/sliced_20260703_172750/core_blocks_split/blocks/block_blue.png","review_delete","pending_user_review","tracked_or_staged",".png","91036","286","304","232cb1b6aa7030356d23f53da675064daa15083b8b989f317e53b8b34663bcc5","","","","restore_to_review","deleted_before_reorganization"
"assets/sliced_20260703_172750/core_blocks_split/blocks/block_green.png","asset_review_delete/2026-07-21/replaced/restored_from_git/assets/sliced_20260703_172750/core_blocks_split/blocks/block_green.png","review_delete","pending_user_review","tracked_or_staged",".png","90009","282","304","3e05c761b430daadd9d32fdfff3c8e50ed9fd62be5d2e401f9c99ad88e8f59ba","","","","restore_to_review","deleted_before_reorganization"
"assets/sliced_20260703_172750/core_blocks_split/blocks/block_purple.png","asset_review_delete/2026-07-21/replaced/restored_from_git/assets/sliced_20260703_172750/core_blocks_split/blocks/block_purple.png","review_delete","pending_user_review","tracked_or_staged",".png","92177","285","304","8137831dafe6a9ba03fa633dd35056decacfba3287e901ce2caccf74fcbd5693","","","","restore_to_review","deleted_before_reorganization"
"assets/sliced_20260703_172750/core_blocks_split/blocks/block_red.png","asset_review_delete/2026-07-21/replaced/restored_from_git/assets/sliced_20260703_172750/core_blocks_split/blocks/block_red.png","review_delete","pending_user_review","tracked_or_staged",".png","89886","278","304","94559497779186e6f399b383be5afdda75d70ac7c8ed047801262a6bb52e3fdb","","","","restore_to_review","deleted_before_reorganization"
"assets/sliced_20260703_172750/core_blocks_split/blocks/block_yellow.png","asset_review_delete/2026-07-21/replaced/restored_from_git/assets/sliced_20260703_172750/core_blocks_split/blocks/block_yellow.png","review_delete","pending_user_review","tracked_or_staged",".png","90683","286","303","b6991cee0a9e29a7c6df069ab68b1abcd9ca1e33ff06700fcfb15c0ae4f3f9ba","","","","restore_to_review","deleted_before_reorganization"
"assets/sliced_20260703_172750/core_blocks_split/blocks_304/block_blue.png","asset_review_delete/2026-07-21/replaced/restored_from_git/assets/sliced_20260703_172750/core_blocks_split/blocks_304/block_blue.png","review_delete","pending_user_review","tracked_or_staged",".png","90999","304","304","18700596829d0e8c04be03fd0df26f67f27091b63011aa94e57e7361d07e70a5","","","","restore_to_review","deleted_before_reorganization"
"assets/sliced_20260703_172750/core_blocks_split/blocks_304/block_green.png","asset_review_delete/2026-07-21/replaced/restored_from_git/assets/sliced_20260703_172750/core_blocks_split/blocks_304/block_green.png","review_delete","pending_user_review","tracked_or_staged",".png","90063","304","304","ca070af189ad5a474e6f40de18f5754337fbff56f5017372d4d19483497ec76d","","","","restore_to_review","deleted_before_reorganization"
"assets/sliced_20260703_172750/core_blocks_split/blocks_304/block_purple.png","asset_review_delete/2026-07-21/replaced/restored_from_git/assets/sliced_20260703_172750/core_blocks_split/blocks_304/block_purple.png","review_delete","pending_user_review","tracked_or_staged",".png","92242","304","304","f37115ed4eb6ce58fa8782b2447181411fb42813ec4cbe5d8de22c142ec3e3ab","","","","restore_to_review","deleted_before_reorganization"
"assets/sliced_20260703_172750/core_blocks_split/blocks_304/block_red.png","asset_review_delete/2026-07-21/replaced/restored_from_git/assets/sliced_20260703_172750/core_blocks_split/blocks_304/block_red.png","review_delete","pending_user_review","tracked_or_staged",".png","89965","304","304","ccf77f9bfa5585e0335e0571bdb27363b3931f28e97c02da8993855fb6da8583","","","","restore_to_review","deleted_before_reorganization"
"assets/sliced_20260703_172750/core_blocks_split/blocks_304/block_yellow.png","asset_review_delete/2026-07-21/replaced/restored_from_git/assets/sliced_20260703_172750/core_blocks_split/blocks_304/block_yellow.png","review_delete","pending_user_review","tracked_or_staged",".png","90748","304","304","c71d84db7b9b2e34cd153a456bebfbaa14777f5f5cc30f251e9d6e1903eff347","","","","restore_to_review","deleted_before_reorganization"
"assets/sliced_20260703_172750/core_blocks_split/manifest.json","asset_review_delete/2026-07-21/replaced/restored_from_git/assets/sliced_20260703_172750/core_blocks_split/manifest.json","review_delete","pending_user_review","tracked_or_staged",".json","2600","","","676a8e7e285aac4a71af22aa8a7243d2486d00c0c3a83ad73e83d72e65ed5a9d","","","","restore_to_review","deleted_before_reorganization"
"assets/sliced_20260703_172750/crystal_shield.png","asset_review_delete/2026-07-21/replaced/restored_from_git/assets/sliced_20260703_172750/crystal_shield.png","review_delete","pending_user_review","tracked_or_staged",".png","49401","194","198","b647e0750dd8d9d0f3040d5e8005a88aa191164e84dbf16668b34ddf4523a236","","","","restore_to_review","deleted_before_reorganization"
"assets/sliced_20260703_172750/crystal_tower.png","asset_review_delete/2026-07-21/replaced/restored_from_git/assets/sliced_20260703_172750/crystal_tower.png","review_delete","pending_user_review","tracked_or_staged",".png","238075","403","484","6d4f7564516d92a92c858e3b2d9fda8e7fe87042edaece8cee636819d57a0787","","","","restore_to_review","deleted_before_reorganization"
"assets/sliced_20260703_172750/decor_rock_01.png","asset_review_delete/2026-07-21/replaced/restored_from_git/assets/sliced_20260703_172750/decor_rock_01.png","review_delete","pending_user_review","tracked_or_staged",".png","3600","58","40","5c506064a093909183a36abda2a4804d98ced08f37f37bbe75ff61708bb0569d","","","","restore_to_review","deleted_before_reorganization"
"assets/sliced_20260703_172750/decor_rock_02.png","asset_review_delete/2026-07-21/replaced/restored_from_git/assets/sliced_20260703_172750/decor_rock_02.png","review_delete","pending_user_review","tracked_or_staged",".png","2698","47","34","707b7c6582e05ce8d13d8a7077db0c6c985450aca05f3c6e5dc301e52974369d","","","","restore_to_review","deleted_before_reorganization"
"assets/sliced_20260703_172750/decor_tree_02.png","asset_review_delete/2026-07-21/replaced/restored_from_git/assets/sliced_20260703_172750/decor_tree_02.png","review_delete","pending_user_review","tracked_or_staged",".png","6290","55","82","9dcce3dbeddb5296262b16acbbd53813f63015e5c072653717a37156a259d8f3","","","","restore_to_review","deleted_before_reorganization"
"assets/sliced_20260703_172750/endpoint_castle.png","asset_review_delete/2026-07-21/replaced/restored_from_git/assets/sliced_20260703_172750/endpoint_castle.png","review_delete","pending_user_review","tracked_or_staged",".png","34935","135","173","e9fe1730946919372eb86f07796edf336e9ef0f953a33c266ea5de48bb69453d","","","","restore_to_review","deleted_before_reorganization"
"assets/sliced_20260703_172750/endpoint_label.png","asset_review_delete/2026-07-21/replaced/restored_from_git/assets/sliced_20260703_172750/endpoint_label.png","review_delete","pending_user_review","tracked_or_staged",".png","11290","139","82","9cde206ef673826eb5a5258755ce8922a94de227442032c27cf1009162d81593","","","","restore_to_review","deleted_before_reorganization"
"assets/sliced_20260703_172750/entrance_gate.png","asset_review_delete/2026-07-21/replaced/restored_from_git/assets/sliced_20260703_172750/entrance_gate.png","review_delete","pending_user_review","tracked_or_staged",".png","25595","112","112","844ed15607640c76843d6bc358ba930ff905993d7364baf830cca04cc3aa4f12","","","","restore_to_review","deleted_before_reorganization"
"assets/sliced_20260703_172750/entrance_label.png","asset_review_delete/2026-07-21/replaced/restored_from_git/assets/sliced_20260703_172750/entrance_label.png","review_delete","pending_user_review","tracked_or_staged",".png","8080","100","32","38c11c44ca5ecd6e072fd9a75c6de2e10d7ac655c5f78906295b49793b4b4800","","","","restore_to_review","deleted_before_reorganization"
"assets/sliced_20260703_172750/game_scene_bg.jpg","asset_review_delete/2026-07-21/replaced/restored_from_git/assets/sliced_20260703_172750/game_scene_bg.jpg","review_delete","pending_user_review","tracked_or_staged",".jpg","208571","941","1672","67144abac4aab7e81cafa0563e4696b4ad87ef2ad8d9718e50fb236b040b7eaa","","","","restore_to_review","deleted_before_reorganization"
"assets/sliced_20260703_172750/heart_icon.png","asset_review_delete/2026-07-21/replaced/restored_from_git/assets/sliced_20260703_172750/heart_icon.png","review_delete","pending_user_review","tracked_or_staged",".png","3502","48","47","5e567e85a3b8cb89a5aa5a581851b1e791fb1beb8b3838eb2518eb1fecce0569","","","","restore_to_review","deleted_before_reorganization"
"assets/sliced_20260703_172750/merge_board_backplate.png","asset_review_delete/2026-07-21/replaced/restored_from_git/assets/sliced_20260703_172750/merge_board_backplate.png","review_delete","pending_user_review","tracked_or_staged",".png","1328631","1449","1416","e2cd0542a42c7c6f35961d03510c5f6ba55131bf5994666c5707ebd56e8d1bb2","","","","restore_to_review","deleted_before_reorganization"
"assets/sliced_20260703_172750/mini_castle_icon.png","asset_review_delete/2026-07-21/replaced/restored_from_git/assets/sliced_20260703_172750/mini_castle_icon.png","review_delete","pending_user_review","tracked_or_staged",".png","15945","73","124","d32509a64231fe5c07d4e45dd068aee934f97f8a532751369f6231538f10c26b","","","","restore_to_review","deleted_before_reorganization"
"assets/sliced_20260703_172750/monster_blue_idle.png","asset_review_delete/2026-07-21/replaced/restored_from_git/assets/sliced_20260703_172750/monster_blue_idle.png","review_delete","pending_user_review","tracked_or_staged",".png","6032","69","60","8258ebc6911a593d2be99ab706f225f281f561868450e2aee78956e6cc5ae581","","","","restore_to_review","deleted_before_reorganization"
"assets/sliced_20260703_172750/monster_die_effect.png","asset_review_delete/2026-07-21/replaced/restored_from_git/assets/sliced_20260703_172750/monster_die_effect.png","review_delete","pending_user_review","tracked_or_staged",".png","6288","82","58","b4fd3d5fa1dbd82cb650ebceed63b91b9aca18df487b865a570fbc40a9a6df05","","","","restore_to_review","deleted_before_reorganization"
"assets/sliced_20260703_172750/monster_green_idle.png","asset_review_delete/2026-07-21/replaced/restored_from_git/assets/sliced_20260703_172750/monster_green_idle.png","review_delete","pending_user_review","tracked_or_staged",".png","5657","68","59","16da69b6bd7f7949478141e0100129742ada59ac5f8ec0bcf81dadece1b36a64","","","","restore_to_review","deleted_before_reorganization"
"assets/sliced_20260703_172750/monster_hit_effect.png","asset_review_delete/2026-07-21/replaced/restored_from_git/assets/sliced_20260703_172750/monster_hit_effect.png","review_delete","pending_user_review","tracked_or_staged",".png","7840","70","66","47e4f650bcf59d297ec85b58eca84c14a7f3349568743137cba7ab644c231f00","","","","restore_to_review","deleted_before_reorganization"
"assets/sliced_20260703_172750/monster_red_idle.png","asset_review_delete/2026-07-21/replaced/restored_from_git/assets/sliced_20260703_172750/monster_red_idle.png","review_delete","pending_user_review","tracked_or_staged",".png","10693","80","71","8c28258e7ef3cdc5b3f93e667a3dba4b557d973b846e5f87abbc51073b8e39df","","","","restore_to_review","deleted_before_reorganization"
"assets/sliced_20260703_172750/monster_yellow_idle.png","asset_review_delete/2026-07-21/replaced/restored_from_git/assets/sliced_20260703_172750/monster_yellow_idle.png","review_delete","pending_user_review","tracked_or_staged",".png","5624","60","60","fcb1e2102b6d2a6c5b3d3c15b2b8f7882550f06375945644c3770bc7a9df3c9c","","","","restore_to_review","deleted_before_reorganization"
"assets/sliced_20260703_172750/monster_yellow_walk_01.png","asset_review_delete/2026-07-21/replaced/restored_from_git/assets/sliced_20260703_172750/monster_yellow_walk_01.png","review_delete","pending_user_review","tracked_or_staged",".png","5623","60","60","493658c25044d178eb4762b726b240cf9b20dfc18265a08cb399e853a4c3bcc5","","","","restore_to_review","deleted_before_reorganization"
"assets/sliced_20260703_172750/monster_yellow_walk_02.png","asset_review_delete/2026-07-21/replaced/restored_from_git/assets/sliced_20260703_172750/monster_yellow_walk_02.png","review_delete","pending_user_review","tracked_or_staged",".png","5718","60","60","ef20303f8d08ddeba75b275503ec54d5af7d4c8c642bf48012c0fd4268e8f1b5","","","","restore_to_review","deleted_before_reorganization"
"assets/sliced_20260703_172750/monster_yellow_walk_03.png","asset_review_delete/2026-07-21/replaced/restored_from_git/assets/sliced_20260703_172750/monster_yellow_walk_03.png","review_delete","pending_user_review","tracked_or_staged",".png","5578","60","60","6c07bf3848bcd09c1191ddf5db5055daef9467142035bff4d8c3decb3ce23111","","","","restore_to_review","deleted_before_reorganization"
"assets/sliced_20260703_172750/setting_button_bg.png","asset_review_delete/2026-07-21/replaced/restored_from_git/assets/sliced_20260703_172750/setting_button_bg.png","review_delete","pending_user_review","tracked_or_staged",".png","12310","125","119","1e656afe1d386106e2c3088e609b1de401b560ae9420c8237843183d144a306b","","","","restore_to_review","deleted_before_reorganization"
"assets/sliced_20260703_172750/setting_icon.png","asset_review_delete/2026-07-21/replaced/restored_from_git/assets/sliced_20260703_172750/setting_icon.png","review_delete","pending_user_review","tracked_or_staged",".png","11485","95","97","0a001a1dba84d6035087cff7db73b3bb2c14ed27e1306120e99195677b3282ab","","","","restore_to_review","deleted_before_reorganization"
"assets/sliced_20260703_172750/shield_icon.png","asset_review_delete/2026-07-21/replaced/restored_from_git/assets/sliced_20260703_172750/shield_icon.png","review_delete","pending_user_review","tracked_or_staged",".png","27477","117","130","35cd81ab3dfab70a81ec39ffa8fd04e1aba95a8408037ba5ba4eaf2def422022","","","","restore_to_review","deleted_before_reorganization"
"assets/sliced_20260703_172750/tile_empty_slot.png","asset_review_delete/2026-07-21/replaced/restored_from_git/assets/sliced_20260703_172750/tile_empty_slot.png","review_delete","pending_user_review","tracked_or_staged",".png","4788","66","75","5895d09d5e6a38c04b299d0015b62a3cd768196e42b3092e40dcf8736b6e5f7d","","","","restore_to_review","deleted_before_reorganization"
"assets/sliced_20260703_172750/tip_icon_bulb.png","asset_review_delete/2026-07-21/replaced/restored_from_git/assets/sliced_20260703_172750/tip_icon_bulb.png","review_delete","pending_user_review","tracked_or_staged",".png","4078","58","50","d44991ac57cadc0c16d7d8bdf2b275bc2ffd7f971ace4ee908328d0e8cdfab86","","","","restore_to_review","deleted_before_reorganization"
"assets/sliced_20260703_172750/tip_panel.png","asset_review_delete/2026-07-21/replaced/restored_from_git/assets/sliced_20260703_172750/tip_panel.png","review_delete","pending_user_review","tracked_or_staged",".png","11036","244","52","2121310a643b767aad26744d1b439f8c295ceaec54912c0190f41d27b1f1b8ab","","","","restore_to_review","deleted_before_reorganization"
"assets/sliced_20260703_172750/top_status_panel.png","asset_review_delete/2026-07-21/replaced/restored_from_git/assets/sliced_20260703_172750/top_status_panel.png","review_delete","pending_user_review","tracked_or_staged",".png","6046","181","45","62c10c4fe02193d672b21d906963d2d933e95dbb78738ef06cab2ec24904b8fd","","","","restore_to_review","deleted_before_reorganization"
"assets/sliced_20260703_172750/wave_banner.png","asset_review_delete/2026-07-21/replaced/restored_from_git/assets/sliced_20260703_172750/wave_banner.png","review_delete","pending_user_review","tracked_or_staged",".png","33316","271","97","ecf808586ce52852ffeb01b9e5d8948e6d68b24dc46e70ee17c9bc0193daabcd","","","","restore_to_review","deleted_before_reorganization"
"assets/sliced_20260703_172750/wave_text_1.png","asset_review_delete/2026-07-21/replaced/restored_from_git/assets/sliced_20260703_172750/wave_text_1.png","review_delete","pending_user_review","tracked_or_staged",".png","3823","106","33","acc018103631ce0786d50b4cffa4f7d1ec9bf4e5e8ce5d141e262bbc3323f560","","","","restore_to_review","deleted_before_reorganization"
"assets/UI/loading/loading_background.jpg","asset_review_delete/2026-07-21/replaced/restored_from_git/assets/UI/loading/loading_background.jpg","review_delete","pending_user_review","tracked_or_staged",".jpg","126206","768","1364","4f4b2462ad48f4440443b604352a8ac5a41024396ef8883417a052825716cdcc","","","","restore_to_review","deleted_before_reorganization"
"assets/UI/loading/loading_crystal.png","asset_review_delete/2026-07-21/replaced/restored_from_git/assets/UI/loading/loading_crystal.png","review_delete","pending_user_review","tracked_or_staged",".png","79890","141","336","1233ec7e82bd780971ea01dfeab738621916bbe7511a30c36a3c822dce1d5f06","","","","restore_to_review","deleted_before_reorganization"
"assets/UI/loading/loading_die_1.png","asset_review_delete/2026-07-21/replaced/restored_from_git/assets/UI/loading/loading_die_1.png","review_delete","pending_user_review","tracked_or_staged",".png","28064","147","138","4c2391cfbf9f0002e2fbe8f09c730457857e8ad3e925fd97f4c36ba90e86d51c","","","","restore_to_review","deleted_before_reorganization"
"assets/UI/loading/loading_die_2.png","asset_review_delete/2026-07-21/replaced/restored_from_git/assets/UI/loading/loading_die_2.png","review_delete","pending_user_review","tracked_or_staged",".png","32541","144","146","c5b871de4fca699f2995221e4e1d7d958b71e6ab970cd8aa08e761a67f2ed2e9","","","","restore_to_review","deleted_before_reorganization"
"assets/UI/loading/loading_die_3.png","asset_review_delete/2026-07-21/replaced/restored_from_git/assets/UI/loading/loading_die_3.png","review_delete","pending_user_review","tracked_or_staged",".png","29309","133","138","02953e890401edd226c39010ca25ea5beb23922bb4be1ad393ffdb93463b209a","","","","restore_to_review","deleted_before_reorganization"
"assets/UI/loading/loading_die_4.png","asset_review_delete/2026-07-21/replaced/restored_from_git/assets/UI/loading/loading_die_4.png","review_delete","pending_user_review","tracked_or_staged",".png","27960","131","156","a36fd2ae78290e187714cca2452ea1191cf62da01ca3a7a1587eeae9add94084","","","","restore_to_review","deleted_before_reorganization"
"assets/UI/loading/loading_die_5.png","asset_review_delete/2026-07-21/replaced/restored_from_git/assets/UI/loading/loading_die_5.png","review_delete","pending_user_review","tracked_or_staged",".png","38176","148","160","dbcc7bb8f46a310205eb8e1604f6ac016b7c0234f554eb954b105285a53c2e5d","","","","restore_to_review","deleted_before_reorganization"
"assets/UI/loading/loading_logo.png","asset_review_delete/2026-07-21/replaced/restored_from_git/assets/UI/loading/loading_logo.png","review_delete","pending_user_review","tracked_or_staged",".png","283450","590","364","c733345149ca06ac9271082674682b1601a2f7b60144789cf73e2f1507474850","","","","restore_to_review","deleted_before_reorganization"
"assets/UI/loading/loading_monster.png","asset_review_delete/2026-07-21/replaced/restored_from_git/assets/UI/loading/loading_monster.png","review_delete","pending_user_review","tracked_or_staged",".png","78957","230","216","c7a47d0af924646c5566346e698f119d1f78a909f10254434b69eb9963eab934","","","","restore_to_review","deleted_before_reorganization"
"assets/UI/loading/loading_play_button.png","asset_review_delete/2026-07-21/replaced/restored_from_git/assets/UI/loading/loading_play_button.png","review_delete","pending_user_review","tracked_or_staged",".png","129091","507","191","9939f5aa126329b7e6c670df886bc490b429d17bd7e3e97dedcde02c30e04ca8","","","","restore_to_review","deleted_before_reorganization"
"assets/UI/技能选择/layer_002.png","asset_review_delete/2026-07-21/replaced/restored_from_git/assets/UI/技能选择/layer_002.png","review_delete","pending_user_review","tracked_or_staged",".png","298402","882","566","a2cbaa6ff325525377df1b93a46f4a75bacf73d71e39f0322ece6ae83f71b0cc","","","","restore_to_review","deleted_before_reorganization"
"assets/sound/click.mp3","assets/runtime/audio/click.mp3","runtime","current_runtime","tracked_or_staged",".mp3","3480","","","5b1044de16f4598eed7804c9feb53c400b527335877c6a30bd3f7bff9c00454d","scripts/main_game.gd:224","audio","exclude_audio","move_runtime","runtime_reference"
"assets/sound/mergen.mp3","assets/runtime/audio/merge.mp3","runtime","current_runtime","tracked_or_staged",".mp3","18945","","","4706454c47744a3eb718e3506f0658b941736aed312ba483cd8742284a7e7154","scripts/main_game.gd:228","audio","exclude_audio","move_runtime","runtime_reference"
"assets/sliced_20260703_172750/monster_blue_walk_01.png","assets/runtime/characters/monsters/monster_blue_walk_01.png","runtime","current_runtime","tracked_or_staged",".png","6115","69","60","bbe351b3282de1f1e9e12b1e231275ea744739eb92951f3a4cef53fc13f28bd1","dynamic:scripts/monster_view.gd","monster","exclude_animation_frames","move_runtime","dynamic_runtime_reference"
"assets/sliced_20260703_172750/monster_blue_walk_02.png","assets/runtime/characters/monsters/monster_blue_walk_02.png","runtime","current_runtime","tracked_or_staged",".png","6195","69","60","e4cdf4b606c2a73783bc52f67d22f62a184302a3aa8872e260dcaadd757dc9d7","dynamic:scripts/monster_view.gd","monster","exclude_animation_frames","move_runtime","dynamic_runtime_reference"
"assets/sliced_20260703_172750/monster_blue_walk_03.png","assets/runtime/characters/monsters/monster_blue_walk_03.png","runtime","current_runtime","tracked_or_staged",".png","6102","69","60","e36a3169d8adb9b5a3b33a87e0c9b9a1476c7af1bddf99d68b95017d0e7605aa","dynamic:scripts/monster_view.gd","monster","exclude_animation_frames","move_runtime","dynamic_runtime_reference"
"assets/sliced_20260703_172750/monster_green_walk_01.png","assets/runtime/characters/monsters/monster_green_walk_01.png","runtime","current_runtime","tracked_or_staged",".png","5809","58","52","13220333dc554a740ced8307da21e37c84ea1045a9d7a7e67095212f316ed115","dynamic:scripts/monster_view.gd","monster","exclude_animation_frames","move_runtime","dynamic_runtime_reference"
"assets/sliced_20260703_172750/monster_green_walk_02.png","assets/runtime/characters/monsters/monster_green_walk_02.png","runtime","current_runtime","tracked_or_staged",".png","5508","68","59","97c31302b9ce2c9fc8811b7c46c221fc18ea235c27abd127dc2bbd0d26f16b84","dynamic:scripts/monster_view.gd","monster","exclude_animation_frames","move_runtime","dynamic_runtime_reference"
"assets/sliced_20260703_172750/monster_green_walk_03.png","assets/runtime/characters/monsters/monster_green_walk_03.png","runtime","current_runtime","tracked_or_staged",".png","5586","68","58","1251324f15a408ab04e40c3cd1f0b1f58de211cd36e4830a6b1ab67520ef94c6","dynamic:scripts/monster_view.gd","monster","exclude_animation_frames","move_runtime","dynamic_runtime_reference"
"assets/sliced_20260703_172750/monster_red_walk_01.png","assets/runtime/characters/monsters/monster_red_walk_01.png","runtime","current_runtime","tracked_or_staged",".png","11012","80","72","45cd150fa9e088f313ed27994334770dbb62826d65523c778950e8a564d54881","dynamic:scripts/monster_view.gd","monster","exclude_animation_frames","move_runtime","dynamic_runtime_reference"
"assets/sliced_20260703_172750/monster_red_walk_02.png","assets/runtime/characters/monsters/monster_red_walk_02.png","runtime","current_runtime","tracked_or_staged",".png","11393","80","72","10735d1f36ffa76cb6e9337d5a65eaa9683edd3bd771992af359aa667ee168f5","dynamic:scripts/monster_view.gd","monster","exclude_animation_frames","move_runtime","dynamic_runtime_reference"
"assets/sliced_20260703_172750/monster_red_walk_03.png","assets/runtime/characters/monsters/monster_red_walk_03.png","runtime","current_runtime","tracked_or_staged",".png","10972","80","71","04669d202ad688595f3250999ef2ccbba1a8908f745da973213170709c82fcb5","dynamic:scripts/monster_view.gd","monster","exclude_animation_frames","move_runtime","dynamic_runtime_reference"
"assets/runtime/fx/Crystal/jizhong.png","assets/runtime/fx/crystal_tower/hit_spritesheet.png","runtime","current_runtime","untracked",".png","30830","256","256","399dcc07d2b0caa5fedd97ebd1521459801a34ed6f8650a1e386a5b506dbbd59","scripts/game_config.gd:360","crystal_tower_fx","exclude_sequence_sheet","rename_runtime","normalize_new_crystal_tower_fx"
"assets/runtime/fx/Crystal/图层-0.png","assets/runtime/fx/crystal_tower/projectile_core.png","runtime","current_runtime","untracked",".png","18923","70","130","36450981bfe6d2c06b7078830e158466c2e5cbd5af604dc31567bf9a90f53885","scripts/game_config.gd:359","crystal_tower_fx","exclude_shader_or_fx","rename_runtime","normalize_new_crystal_tower_fx"
"assets/runtime/fx/Crystal/图层-22.png","assets/runtime/fx/crystal_tower/trail_texture.png","runtime","current_runtime","untracked",".png","17465","358","70","fbeaea26853f0e8f8f0fa83a7b4c32274c77626d44b2cc42a030d5e5ca79f876","scripts/game_config.gd:361","crystal_tower_fx","exclude_shader_or_fx","rename_runtime","normalize_new_crystal_tower_fx"
"assets/fx/elements/arcane/hit_spritesheet.png","assets/runtime/fx/elements/critical/hit_spritesheet.png","runtime","current_runtime","tracked_or_staged",".png","42183","256","256","9bebd9f650e174d51a3ffd1f6154dea59cf24337f9fe3c653fd3139e7b7ebc06","scripts/game_config.gd:295","element_fx","exclude_sequence_sheet","move_runtime","runtime_reference"
"assets/runtime/fx/elements/critical/lizi.png","assets/runtime/fx/elements/critical/particle_star.png","runtime","current_runtime","untracked",".png","26505","214","207","132fe687697280cd4c407806a015d3b65ab5a4bea2fa38ae07a5a23741435b32","scripts/game_config.gd:297","element_fx","exclude_shader_or_fx","rename_runtime","normalize_new_critical_fx"
"assets/fx/elements/arcane/projectile_core.png","assets/runtime/fx/elements/critical/projectile_core.png","runtime","current_runtime","tracked_or_staged",".png","110026","512","512","c3bade296ba4e84395a0962fd159a18353fe3417a9f26e1cec336812b9fb9832","scripts/game_config.gd:294","element_fx","exclude_shader_or_fx","move_runtime","runtime_reference"
"assets/runtime/fx/elements/critical/tuowei.png","assets/runtime/fx/elements/critical/trail_texture.png","runtime","current_runtime","untracked",".png","49722","512","512","2406bfa5ae89908c3d77e1669dd7771190ebc1c2a2ea50d11961b213830c23d9","scripts/game_config.gd:296","element_fx","exclude_shader_or_fx","rename_runtime","normalize_new_critical_fx"
"assets/fx/elements/fire/hit_spritesheet.png","assets/runtime/fx/elements/fire/hit_spritesheet.png","runtime","current_runtime","tracked_or_staged",".png","24869","256","256","72c0c0eba166c73cb3e3acd77d19a0bab7cb53313cd6d82e0f550e162fe13623","scripts/game_config.gd:326","element_fx","exclude_sequence_sheet","move_runtime","runtime_reference"
"assets/runtime/fx/elements/fire/lizi.png","assets/runtime/fx/elements/fire/particle_spark.png","runtime","current_runtime","untracked",".png","19496","214","207","93b4361065a39015607cc23f9293dd21384a3c6028228bb1745f898c27ad3f59","scripts/game_config.gd:328","element_fx","exclude_shader_or_fx","rename_runtime","normalize_new_fire_fx"
"assets/fx/elements/fire/projectile_core.png","assets/runtime/fx/elements/fire/projectile_core.png","runtime","current_runtime","tracked_or_staged",".png","105007","512","512","9b6e610378db1354ff93fc4c8caa82b7a2267fda868e1c708885b49350add9f8","scripts/game_config.gd:325","element_fx","exclude_shader_or_fx","move_runtime","runtime_reference"
"assets/runtime/fx/elements/fire/dao.png","assets/runtime/fx/elements/fire/trail_texture.png","runtime","current_runtime","untracked",".png","61440","512","512","f736b262b93c58679b280781b01ca961fe7063d4ba26ae8df67cf1d3baa40577","scripts/game_config.gd:327","element_fx","exclude_shader_or_fx","rename_runtime","normalize_new_fire_fx"
"assets/fx/elements/ice/hit_spritesheet.png","assets/runtime/fx/elements/ice/hit_spritesheet.png","runtime","current_runtime","tracked_or_staged",".png","34903","256","256","aba35a934936c77260f5067fa03f6d028997f12e06abc270652852a2b7784fde","scripts/game_config.gd:250","element_fx","exclude_sequence_sheet","move_runtime","runtime_reference"
"assets/fx/elements/ice/lizi.png","assets/runtime/fx/elements/ice/particle_snowflake.png","runtime","current_runtime","tracked_or_staged",".png","17403","186","197","270ecd587a135c8282c4fccb2ac666e64a0f18286d21da9864fea2f034487a00","scripts/game_config.gd:252","element_fx","exclude_shader_or_fx","move_runtime","runtime_reference"
"assets/fx/elements/ice/projectile_core.png","assets/runtime/fx/elements/ice/projectile_core.png","runtime","current_runtime","tracked_or_staged",".png","43088","299","492","49fcdd426f6c235ac9a9fe070d74aa3f1b84ee90b02cfaec910d49068a6d201c","scripts/game_config.gd:249","element_fx","exclude_shader_or_fx","move_runtime","runtime_reference"
"assets/fx/elements/ice/libai_sdx_trail01.png","assets/runtime/fx/elements/ice/trail_texture.png","runtime","current_runtime","tracked_or_staged",".png","82542","512","512","527de234cfa3faf6a13fa3bfa635c91cdd23ea94f3463f0d1014698f7d2a999f","scripts/game_config.gd:251","element_fx","exclude_shader_or_fx","move_runtime","runtime_reference"
"assets/UI/电攻击弹道/1.png","assets/runtime/fx/elements/lightning/beam/frame_00.png","runtime","current_runtime","tracked_or_staged",".png","23351","258","516","65b5db31c03b8ddda9ec43d5a377897c8f72a75f219126bb2ea3a4d0b1e524a9","scripts/chain_bolt.gd:7","lightning_beam","exclude_sequence_frames","move_runtime","runtime_reference"
"assets/UI/电攻击弹道/2.png","assets/runtime/fx/elements/lightning/beam/frame_01.png","runtime","current_runtime","tracked_or_staged",".png","33490","258","516","8aefbdb0a9c4349a51487d850efe4c39f8dde52702368c6c7a2a97cbef45517a","scripts/chain_bolt.gd:8","lightning_beam","exclude_sequence_frames","move_runtime","runtime_reference"
"assets/UI/电攻击弹道/3.png","assets/runtime/fx/elements/lightning/beam/frame_02.png","runtime","current_runtime","tracked_or_staged",".png","36290","258","516","9629ca565428ecd584196aa3959c0d273c4da6f41d9508c5d484f5d202d03c3b","scripts/chain_bolt.gd:9","lightning_beam","exclude_sequence_frames","move_runtime","runtime_reference"
"assets/fx/elements/lightning/hit_spritesheet.png","assets/runtime/fx/elements/lightning/hit_spritesheet.png","runtime","current_runtime","tracked_or_staged",".png","26955","256","256","6f0f8b679bacd8837832e0ad493919835c9d59d62c422ecca20180c5defe10a9","scripts/game_config.gd:282","element_fx","exclude_sequence_sheet","move_runtime","runtime_reference"
"assets/fx/elements/lightning/projectile_core.png","assets/runtime/fx/elements/lightning/projectile_core.png","runtime","current_runtime","tracked_or_staged",".png","505991","1254","1254","61d0a1901d7669b85318639815f69d28158822cdc31d51e8c082ec9a809b012f","scripts/game_config.gd:281","element_fx","exclude_shader_or_fx","move_runtime","runtime_reference"
"assets/fx/elements/poison/hit_spritesheet.png","assets/runtime/fx/elements/poison/hit_spritesheet.png","runtime","current_runtime","tracked_or_staged",".png","39485","256","256","dddf3cd5d60cd94182c0b1df98fda457faa284a1059b8cd7c1959c539ec9c8eb","scripts/game_config.gd:216","element_fx","exclude_sequence_sheet","move_runtime","runtime_reference"
"assets/runtime/fx/elements/poison/lizi.png","assets/runtime/fx/elements/poison/particle_droplet.png","runtime","current_runtime","untracked",".png","13218","192","195","a0e0bb8230134ffe9f8d7097c4a9dfbc577587b3a1ab743a783580832dbe39c3","scripts/game_config.gd:218","element_fx","exclude_shader_or_fx","rename_runtime","normalize_new_poison_fx"
"assets/fx/elements/poison/projectile_core.png","assets/runtime/fx/elements/poison/projectile_core.png","runtime","current_runtime","tracked_or_staged",".png","103505","512","512","850469024f2db97ff7a5fff2a529e1f049943d51b5935e437163d6e92effc18f","scripts/game_config.gd:215","element_fx","exclude_shader_or_fx","move_runtime","runtime_reference"
"assets/runtime/fx/elements/poison/liug.png","assets/runtime/fx/elements/poison/trail_texture.png","runtime","current_runtime","untracked",".png","41372","512","512","e17f370bb700c6e4928d37c135a8401eef7212d115c8e2f0d62164d3784823a1","scripts/game_config.gd:217","element_fx","exclude_shader_or_fx","rename_runtime","normalize_new_poison_fx"
"assets/fx/elements/shared/trail_soft_white.png","assets/runtime/fx/elements/shared/trail_soft_white.png","runtime","current_runtime","tracked_or_staged",".png","263965","1774","887","2a67aafc54a1dfa561a44ac1d358a521fcd9b7b6ab825b2cca39e59775640d21","scripts/game_config.gd:283;scripts/game_config.gd:327","element_fx","exclude_shader_or_fx","move_runtime","runtime_reference"
"assets/effest/texture/couple-0001.png","assets/runtime/fx/merge/frame_00.png","runtime","current_runtime","tracked_or_staged",".png","1369","200","200","3f4319ee212076b94535b51e4c618554f343799ce097403bf3af431bc6610aea","dynamic:scripts/main_game.gd","merge_fx","exclude_sequence_frames","move_runtime","runtime_reference"
"assets/effest/texture/couple-0002.png","assets/runtime/fx/merge/frame_01.png","runtime","current_runtime","tracked_or_staged",".png","1329","200","200","a655ab5215cca4618c555911888add0989df22e5e9e422a4fbee1541c0360ae6","dynamic:scripts/main_game.gd","merge_fx","exclude_sequence_frames","move_runtime","runtime_reference"
"assets/effest/texture/couple-0003.png","assets/runtime/fx/merge/frame_02.png","runtime","current_runtime","tracked_or_staged",".png","997","200","200","862fa9cbc7109594cf973c71b9b9de39b36d462fbd53ffd58871cb262ecf4b94","dynamic:scripts/main_game.gd","merge_fx","exclude_sequence_frames","move_runtime","runtime_reference"
"assets/effest/texture/couple-0004.png","assets/runtime/fx/merge/frame_03.png","runtime","current_runtime","tracked_or_staged",".png","1323","200","200","79aeb8eabb724c78768fa13b485a567940ba02dcbd18f7bc6c4a88c170085d14","dynamic:scripts/main_game.gd","merge_fx","exclude_sequence_frames","move_runtime","runtime_reference"
"assets/effest/texture/couple-0005.png","assets/runtime/fx/merge/frame_04.png","runtime","current_runtime","tracked_or_staged",".png","1516","200","200","6ad7f003a065f79180d9e51da2878eb7eaf0f0a00c8e5d32a6bc56110ac50674","dynamic:scripts/main_game.gd","merge_fx","exclude_sequence_frames","move_runtime","runtime_reference"
"assets/effest/texture/couple-0006.png","assets/runtime/fx/merge/frame_05.png","runtime","current_runtime","tracked_or_staged",".png","1686","200","200","c30692d5d0b8997f5424b33608138736c2986989e1589e113499f64ec12d4225","dynamic:scripts/main_game.gd","merge_fx","exclude_sequence_frames","move_runtime","runtime_reference"
"assets/effest/texture/couple-0007.png","assets/runtime/fx/merge/frame_06.png","runtime","current_runtime","tracked_or_staged",".png","1830","200","200","797585c14c5f6bbbd37d2affd860f146cb03104470520911b897e34df0db765a","dynamic:scripts/main_game.gd","merge_fx","exclude_sequence_frames","move_runtime","runtime_reference"
"assets/effest/texture/couple-0008.png","assets/runtime/fx/merge/frame_07.png","runtime","current_runtime","tracked_or_staged",".png","1928","200","200","26951631d17b2a12adb2a18d2b4ffbc4e84571f3e484bde99125df12b69e6f69","dynamic:scripts/main_game.gd","merge_fx","exclude_sequence_frames","move_runtime","runtime_reference"
"assets/effest/texture/couple-0009.png","assets/runtime/fx/merge/frame_08.png","runtime","current_runtime","tracked_or_staged",".png","2136","200","200","a63b11944d92b537a170321ecd681c44aa1b0cb054f938a7e3c37bb4002d3a92","dynamic:scripts/main_game.gd","merge_fx","exclude_sequence_frames","move_runtime","runtime_reference"
"assets/effest/texture/couple-0010.png","assets/runtime/fx/merge/frame_09.png","runtime","current_runtime","tracked_or_staged",".png","2494","200","200","38cbfa80cea0bce129f6c1eb5fafac93e8ae9335f433aed781ba219036434e5e","dynamic:scripts/main_game.gd","merge_fx","exclude_sequence_frames","move_runtime","runtime_reference"
"assets/effest/texture/couple-0011.png","assets/runtime/fx/merge/frame_10.png","runtime","current_runtime","tracked_or_staged",".png","2571","200","200","321e2ed1f64b9a67450e54b4f19dc00783b4fcad98f67336b1ff794f4ee5ae14","dynamic:scripts/main_game.gd","merge_fx","exclude_sequence_frames","move_runtime","runtime_reference"
"assets/effest/texture/couple-0012.png","assets/runtime/fx/merge/frame_11.png","runtime","current_runtime","tracked_or_staged",".png","2686","200","200","01e20b1c234b0bfb2617cf09cea997e3e9f7334142a90a0043be48b14cdf1974","dynamic:scripts/main_game.gd","merge_fx","exclude_sequence_frames","move_runtime","runtime_reference"
"assets/effest/texture/couple-0013.png","assets/runtime/fx/merge/frame_12.png","runtime","current_runtime","tracked_or_staged",".png","2738","200","200","5dc0c488c77b731b26855105985628a52c13bd978614f1038b11ba871b3f9b63","dynamic:scripts/main_game.gd","merge_fx","exclude_sequence_frames","move_runtime","runtime_reference"
"assets/UI/游戏核心/门口特效.png","assets/runtime/fx/portal/gate_portal_sheet.png","runtime","current_runtime","tracked_or_staged",".png","1041491","1024","1024","90451bd80452f05baa423915e68e80336ea565950245cbcc6325d6a9ff68da52","scripts/gate_portal_effect.gd:5","portal_fx","exclude_sequence_sheet","move_runtime","runtime_reference"
"assets/UI/新色块/tile_blue_blank_no_shadow_green-transparent.png","assets/runtime/ui/battle/blocks/block_blue.png","runtime","current_runtime","tracked_or_staged",".png","465176","690","751","c5ad7b4e1645af386266ef59c6d7f0d226550f2504be88cb753833308e221d51","scripts/game_config.gd:416","board_block","atlas_ui_battle","move_runtime","runtime_reference"
"assets/UI/新色块/tile_green_blank_no_shadow_green-transparent.png","assets/runtime/ui/battle/blocks/block_green.png","runtime","current_runtime","tracked_or_staged",".png","381339","690","751","0c825bf31a16d6f1d1eafe68b62412558ecd784df0854df67f3a106e17192501","scripts/game_config.gd:415","board_block","atlas_ui_battle","move_runtime","runtime_reference"
"assets/UI/新色块/tile_purple_blank_no_shadow_green-transparent.png","assets/runtime/ui/battle/blocks/block_purple.png","runtime","current_runtime","tracked_or_staged",".png","382360","690","751","f5d7fb210ba6fc149be65eda0b06f195ad64ad28201ca4da5242de87e120ddb9","scripts/game_config.gd:418","board_block","atlas_ui_battle","move_runtime","runtime_reference"
"assets/UI/新色块/tile_red_blank_no_shadow_green-transparent.png","assets/runtime/ui/battle/blocks/block_red.png","runtime","current_runtime","tracked_or_staged",".png","346587","690","751","a6ffed2c92e42499efdea108cf19d9b78396e8967b3c9a26e2994f94308081f6","scripts/game_config.gd:419","board_block","atlas_ui_battle","move_runtime","runtime_reference"
"assets/UI/新色块/tile_yellow_blank_no_shadow_green-transparent.png","assets/runtime/ui/battle/blocks/block_yellow.png","runtime","current_runtime","tracked_or_staged",".png","193048","690","751","7fb74e504aa9651c0596ce6cf90e6bbf2d78e181450d2f95d74582162e40927a","scripts/game_config.gd:417","board_block","atlas_ui_battle","move_runtime","runtime_reference"
"assets/UI/游戏核心/合成底板.png","assets/runtime/ui/battle/board/board_backplate.png","runtime","current_runtime","tracked_or_staged",".png","139319","1033","1054","936ed62d2dbe5c8381e4289f4dc253ee0124e9bbca7cf84e31a93c98ce679a4c","scripts/main_game.gd:103","battle_board","exclude_large","move_runtime","runtime_reference"
"assets/UI/棋盘印记/晶核跃升.png","assets/runtime/ui/battle/board/imprints/ascension_hammer.png","runtime","current_runtime","tracked_or_staged",".png","143534","313","326","1ac5bcd1e82d14ca94d1a8e1572db8e4004620df9fd4ca7328ac5cf9dccf7ee9","scripts/game_config.gd:105","board_imprint","atlas_ui_battle","move_runtime","runtime_reference"
"assets/UI/棋盘印记/寒星冲击.png","assets/runtime/ui/battle/board/imprints/combat_skill_placeholder.png","runtime","current_runtime","tracked_or_staged",".png","129565","314","326","e901b3b85533e9065c29e3b8297c6c993964ffab32106bb9805cea6aa5e44486","scripts/game_config.gd:109;scripts/game_config.gd:110;scripts/game_config.gd:111;scripts/game_config.gd:112","board_imprint","atlas_ui_battle","move_runtime","runtime_reference"
"assets/UI/棋盘印记/棋盘回响.png","assets/runtime/ui/battle/board/imprints/fate_shuffler.png","runtime","current_runtime","tracked_or_staged",".png","141561","314","326","4f416ca0f37da2c8e3323ba71d276d1284fa9446573db3e81932c316317ea643","scripts/game_config.gd:107","board_imprint","atlas_ui_battle","move_runtime","runtime_reference"
"assets/UI/棋盘印记/碎片重铸.png","assets/runtime/ui/battle/board/imprints/twin_mold.png","runtime","current_runtime","tracked_or_staged",".png","134971","318","326","e01219e415f9484789962b44d5fc27c53778415681f077b3a5f55d8a5ac59679","scripts/game_config.gd:108","board_imprint","atlas_ui_battle","move_runtime","runtime_reference"
"assets/UI/棋盘印记/同频汇聚.png","assets/runtime/ui/battle/board/imprints/unity_dial.png","runtime","current_runtime","tracked_or_staged",".png","136380","312","326","c1ce83205e4fb028d247f7fc5b68411ce3920482d31f9652da35b159c406d3fe","scripts/game_config.gd:106","board_imprint","atlas_ui_battle","move_runtime","runtime_reference"
"assets/sliced_20260703_172750/core_blocks_split/text/letter_A.png","assets/runtime/ui/battle/board/text/letter_a.png","runtime","current_runtime","tracked_or_staged",".png","15375","113","134","a97588f6f2a2b071add93b3604006ae19742a6b0ec4d8506b994a1476aa674d3","dynamic:scripts/game_config.gd","block_text","atlas_ui_battle","move_runtime","dynamic_runtime_reference"
"assets/sliced_20260703_172750/core_blocks_split/text/letter_B.png","assets/runtime/ui/battle/board/text/letter_b.png","runtime","current_runtime","tracked_or_staged",".png","16590","104","138","117fc2c23d99ffe37c9538f65df1bf0ca5d935d7d8c375dd862ff448746aed03","dynamic:scripts/game_config.gd","block_text","atlas_ui_battle","move_runtime","dynamic_runtime_reference"
"assets/sliced_20260703_172750/core_blocks_split/text/letter_C.png","assets/runtime/ui/battle/board/text/letter_c.png","runtime","current_runtime","tracked_or_staged",".png","13745","101","137","6adfb7d46277c8aaea45b289b6b50b3f36890b174bc5bc9acad9856e409fcaed","dynamic:scripts/game_config.gd","block_text","atlas_ui_battle","move_runtime","dynamic_runtime_reference"
"assets/sliced_20260703_172750/core_blocks_split/text/letter_D.png","assets/runtime/ui/battle/board/text/letter_d.png","runtime","current_runtime","tracked_or_staged",".png","16292","107","137","3bc6d5a28178cd61dbe7c9d7cf2d3c83ff0846fa617aaace2802015350c1e45a","dynamic:scripts/game_config.gd","block_text","atlas_ui_battle","move_runtime","dynamic_runtime_reference"
"assets/sliced_20260703_172750/core_blocks_split/text/letter_E.png","assets/runtime/ui/battle/board/text/letter_e.png","runtime","current_runtime","tracked_or_staged",".png","14209","89","135","6dd07fc92645f6043c55c8d15f01c3363633f26cfef6880467f777e77d9d5296","dynamic:scripts/game_config.gd","block_text","atlas_ui_battle","move_runtime","dynamic_runtime_reference"
"assets/sliced_20260703_172750/core_blocks_split/text/letter_F.png","assets/runtime/ui/battle/board/text/letter_f.png","runtime","current_runtime","tracked_or_staged",".png","12511","89","135","891f259ce72fb68bb3a02160de3d78defd544fcfa009a6aa94e9366f20b2ea31","dynamic:scripts/game_config.gd","block_text","atlas_ui_battle","move_runtime","dynamic_runtime_reference"
"assets/sliced_20260703_172750/core_blocks_split/text/letter_G.png","assets/runtime/ui/battle/board/text/letter_g.png","runtime","current_runtime","tracked_or_staged",".png","16129","107","137","2f1d7fe1c3546023eef448b59774d5a69bbc2f4e4b1e871c3bd4b9f2dc76fb41","dynamic:scripts/game_config.gd","block_text","atlas_ui_battle","move_runtime","dynamic_runtime_reference"
"assets/sliced_20260703_172750/core_blocks_split/text/letter_H.png","assets/runtime/ui/battle/board/text/letter_h.png","runtime","current_runtime","tracked_or_staged",".png","16150","105","134","cdbea46d65c0c9bb4ba8542e4d71ddd85fcfd29202f396f14e791160c3511a8f","dynamic:scripts/game_config.gd","block_text","atlas_ui_battle","move_runtime","dynamic_runtime_reference"
"assets/sliced_20260703_172750/core_blocks_split/text/letter_I.png","assets/runtime/ui/battle/board/text/letter_i.png","runtime","current_runtime","tracked_or_staged",".png","8230","54","133","0a7772e57d25f980b6fc67e6e49b1733621be206bc00ba50e3cf0264c3f1cc85","dynamic:scripts/game_config.gd","block_text","atlas_ui_battle","move_runtime","dynamic_runtime_reference"
"assets/sliced_20260703_172750/core_blocks_split/text/letter_J.png","assets/runtime/ui/battle/board/text/letter_j.png","runtime","current_runtime","tracked_or_staged",".png","10297","89","135","b0380b50b89e954e43a1f37b3b02f422569a32753c9823b0b5332cd62e5f3ce8","dynamic:scripts/game_config.gd","block_text","atlas_ui_battle","move_runtime","dynamic_runtime_reference"
"assets/sliced_20260703_172750/core_blocks_split/text/letter_K.png","assets/runtime/ui/battle/board/text/letter_k.png","runtime","current_runtime","tracked_or_staged",".png","15584","102","135","67b9ec4b03054aa8d7eb364715c0af0b3967d8cd8d205e4cb81cf320569e7492","dynamic:scripts/game_config.gd","block_text","atlas_ui_battle","move_runtime","dynamic_runtime_reference"
"assets/sliced_20260703_172750/core_blocks_split/text/letter_L.png","assets/runtime/ui/battle/board/text/letter_l.png","runtime","current_runtime","tracked_or_staged",".png","10215","85","134","75b3dae32bcabcac0866c3a91891babe8faa3dc9035b51d235eb699de408e445","dynamic:scripts/game_config.gd","block_text","atlas_ui_battle","move_runtime","dynamic_runtime_reference"
"assets/sliced_20260703_172750/core_blocks_split/text/letter_M.png","assets/runtime/ui/battle/board/text/letter_m.png","runtime","current_runtime","tracked_or_staged",".png","18008","112","133","ddb7886aa637dea2e2cb204c9d3632c92aea3c36a17761055ec75dc43cd6594c","dynamic:scripts/game_config.gd","block_text","atlas_ui_battle","move_runtime","dynamic_runtime_reference"
"assets/sliced_20260703_172750/core_blocks_split/text/letter_N.png","assets/runtime/ui/battle/board/text/letter_n.png","runtime","current_runtime","tracked_or_staged",".png","16178","104","130","50b097d1a3e4b703b557ff13922bf94188cc0ca41c1548b8280f616b91d008e2","dynamic:scripts/game_config.gd","block_text","atlas_ui_battle","move_runtime","dynamic_runtime_reference"
"assets/sliced_20260703_172750/core_blocks_split/text/letter_O.png","assets/runtime/ui/battle/board/text/letter_o.png","runtime","current_runtime","tracked_or_staged",".png","15690","114","132","b95d84a70e4b8e1c31df48c5621cea010343876d4674c1a3b447b89e41cfb77e","dynamic:scripts/game_config.gd","block_text","atlas_ui_battle","move_runtime","dynamic_runtime_reference"
"assets/sliced_20260703_172750/core_blocks_split/text/letter_P.png","assets/runtime/ui/battle/board/text/letter_p.png","runtime","current_runtime","tracked_or_staged",".png","13021","95","132","95029d0a922918b5de166e8e5e0e2befb7ae44166be5b5ffdda4fde30215cddb","dynamic:scripts/game_config.gd","block_text","atlas_ui_battle","move_runtime","dynamic_runtime_reference"
"assets/sliced_20260703_172750/core_blocks_split/text/letter_Q.png","assets/runtime/ui/battle/board/text/letter_q.png","runtime","current_runtime","tracked_or_staged",".png","16650","115","135","29c42f58ecafb98340156e6edb21f3ddc5589c66caf33de5f51055fcb48c9774","dynamic:scripts/game_config.gd","block_text","atlas_ui_battle","move_runtime","dynamic_runtime_reference"
"assets/sliced_20260703_172750/core_blocks_split/text/letter_R.png","assets/runtime/ui/battle/board/text/letter_r.png","runtime","current_runtime","tracked_or_staged",".png","15437","98","133","75d22037619c656b5851a60f1795419ee05212ebbba7454530ce5bc042aa5c67","dynamic:scripts/game_config.gd","block_text","atlas_ui_battle","move_runtime","dynamic_runtime_reference"
"assets/sliced_20260703_172750/core_blocks_split/text/letter_S.png","assets/runtime/ui/battle/board/text/letter_s.png","runtime","current_runtime","tracked_or_staged",".png","13761","92","134","1d08fb9507c6051b3ddf8f59033f2e034f9339afb29165f3668633137b48342f","dynamic:scripts/game_config.gd","block_text","atlas_ui_battle","move_runtime","dynamic_runtime_reference"
"assets/sliced_20260703_172750/core_blocks_split/text/letter_T.png","assets/runtime/ui/battle/board/text/letter_t.png","runtime","current_runtime","tracked_or_staged",".png","10942","99","131","d2ca14a12cc17b6cf7066a2a38ac5ce89a68466a687e8c5851e95117f311512e","dynamic:scripts/game_config.gd","block_text","atlas_ui_battle","move_runtime","dynamic_runtime_reference"
"assets/sliced_20260703_172750/core_blocks_split/text/letter_U.png","assets/runtime/ui/battle/board/text/letter_u.png","runtime","current_runtime","tracked_or_staged",".png","14813","101","130","8e9080f72cfe635b7016ec54788e7b8ae02207fa82048ed44c76e6e11d445740","dynamic:scripts/game_config.gd","block_text","atlas_ui_battle","move_runtime","dynamic_runtime_reference"
"assets/sliced_20260703_172750/core_blocks_split/text/letter_V.png","assets/runtime/ui/battle/board/text/letter_v.png","runtime","current_runtime","tracked_or_staged",".png","13925","105","130","ea8d44e302663dfb7bc909c36855820e28859c78f1ba25a264fb49425ca3b002","dynamic:scripts/game_config.gd","block_text","atlas_ui_battle","move_runtime","dynamic_runtime_reference"
"assets/sliced_20260703_172750/core_blocks_split/text/letter_W.png","assets/runtime/ui/battle/board/text/letter_w.png","runtime","current_runtime","tracked_or_staged",".png","19449","131","130","a4a453686d5f5ed91f274b9e170ffc66d780a04e8d788d3b8bbbdb6b7c800507","dynamic:scripts/game_config.gd","block_text","atlas_ui_battle","move_runtime","dynamic_runtime_reference"
"assets/sliced_20260703_172750/core_blocks_split/text/letter_X.png","assets/runtime/ui/battle/board/text/letter_x.png","runtime","current_runtime","tracked_or_staged",".png","14669","104","132","3dbc56bf451e52a5eb43a98263ecbfe0c24f8222b27509e7338148387e8076d0","dynamic:scripts/game_config.gd","block_text","atlas_ui_battle","move_runtime","dynamic_runtime_reference"
"assets/sliced_20260703_172750/core_blocks_split/text/letter_Y.png","assets/runtime/ui/battle/board/text/letter_y.png","runtime","current_runtime","tracked_or_staged",".png","11552","107","132","ecba0cd3791d15cbc765f6ad6b970fed14e53695010a1cef2d2ca55bf025e5fc","dynamic:scripts/game_config.gd","block_text","atlas_ui_battle","move_runtime","dynamic_runtime_reference"
"assets/sliced_20260703_172750/core_blocks_split/text/letter_Z.png","assets/runtime/ui/battle/board/text/letter_z.png","runtime","current_runtime","tracked_or_staged",".png","12498","89","131","72c060e727440ce23046bdb2f834640b148e7a5a3e9d66abae6a5dafd8a9af25","dynamic:scripts/game_config.gd","block_text","atlas_ui_battle","move_runtime","dynamic_runtime_reference"
"assets/sliced_20260703_172750/core_blocks_split/text/number_1.png","assets/runtime/ui/battle/board/text/number_1.png","runtime","current_runtime","tracked_or_staged",".png","7376","68","118","0d4bc3f0fd6987be921a4e72acca8c91366ba62bff6dac95b2fa59f065d90912","dynamic:scripts/game_config.gd","block_text","atlas_ui_battle","move_runtime","dynamic_runtime_reference"
"assets/sliced_20260703_172750/core_blocks_split/text/number_10.png","assets/runtime/ui/battle/board/text/number_10.png","runtime","current_runtime","tracked_or_staged",".png","19268","158","120","f4e5002d5dc7cd899dfc71d65c274414823689c0e20867c573dc3fd886f60ded","dynamic:scripts/game_config.gd","block_text","atlas_ui_battle","move_runtime","dynamic_runtime_reference"
"assets/sliced_20260703_172750/core_blocks_split/text/number_2.png","assets/runtime/ui/battle/board/text/number_2.png","runtime","current_runtime","tracked_or_staged",".png","11140","86","120","43d810fa175e4f653b48fae7d40eb2fcec617a068378d2bd59b6acb14c80ea4e","dynamic:scripts/game_config.gd","block_text","atlas_ui_battle","move_runtime","dynamic_runtime_reference"
"assets/sliced_20260703_172750/core_blocks_split/text/number_3.png","assets/runtime/ui/battle/board/text/number_3.png","runtime","current_runtime","tracked_or_staged",".png","11290","85","120","5eff9c499287812420ea311093d60676c38362ebeddc5db2acc797c74cf97bbb","dynamic:scripts/game_config.gd","block_text","atlas_ui_battle","move_runtime","dynamic_runtime_reference"
"assets/sliced_20260703_172750/core_blocks_split/text/number_4.png","assets/runtime/ui/battle/board/text/number_4.png","runtime","current_runtime","tracked_or_staged",".png","11215","98","118","bfbca924440ae5278f5ab06d743af7b1428c9eb3f1d43cc397405e537b206c8e","dynamic:scripts/game_config.gd","block_text","atlas_ui_battle","move_runtime","dynamic_runtime_reference"
"assets/sliced_20260703_172750/core_blocks_split/text/number_5.png","assets/runtime/ui/battle/board/text/number_5.png","runtime","current_runtime","tracked_or_staged",".png","12116","88","120","7669422451a84b6a64917a5801e72d653dbd1dff28b28726c403a9b53e432d76","dynamic:scripts/game_config.gd","block_text","atlas_ui_battle","move_runtime","dynamic_runtime_reference"
"assets/sliced_20260703_172750/core_blocks_split/text/number_6.png","assets/runtime/ui/battle/board/text/number_6.png","runtime","current_runtime","tracked_or_staged",".png","12503","96","122","9ef0fd2938446aadde326b874a0b88273368bffd71850ae9e3415349b8bc6dc6","dynamic:scripts/game_config.gd","block_text","atlas_ui_battle","move_runtime","dynamic_runtime_reference"
"assets/sliced_20260703_172750/core_blocks_split/text/number_7.png","assets/runtime/ui/battle/board/text/number_7.png","runtime","current_runtime","tracked_or_staged",".png","9597","90","118","e2dc9dfb9f7649d6bab93be89e0cffdb54faa0298953807c22bcf23ef73684d1","dynamic:scripts/game_config.gd","block_text","atlas_ui_battle","move_runtime","dynamic_runtime_reference"
"assets/sliced_20260703_172750/core_blocks_split/text/number_8.png","assets/runtime/ui/battle/board/text/number_8.png","runtime","current_runtime","tracked_or_staged",".png","13533","94","123","cc9841ec4f94df8ebaa0e0b147c80019ce37dd971fe6d43476611816dda3ed99","dynamic:scripts/game_config.gd","block_text","atlas_ui_battle","move_runtime","dynamic_runtime_reference"
"assets/sliced_20260703_172750/core_blocks_split/text/number_9.png","assets/runtime/ui/battle/board/text/number_9.png","runtime","current_runtime","tracked_or_staged",".png","12711","97","124","cfa63c04227321cc20740b9dce7e8e721d03e8140ce971e9ac43ebba4b1dec8a","dynamic:scripts/game_config.gd","block_text","atlas_ui_battle","move_runtime","dynamic_runtime_reference"
"assets/UI/底部UI/能量.png","assets/runtime/ui/battle/bottom_hud/energy_fill.png","runtime","current_runtime","tracked_or_staged",".png","1264","356","32","45a012d919b6063026b9bdd5932b27f671c8705664c67c4ff5bdc05eb731e139","scripts/energy_hud.gd:50","bottom_hud","atlas_ui_battle","move_runtime","runtime_reference"
"assets/UI/底部UI/效果图.png","assets/runtime/ui/battle/bottom_hud/hud_atlas.png","runtime","current_runtime","tracked_or_staged",".png","245375","979","362","bc1795efae10790d80437f38a76ac9c62c01e390d1407dbe6414d1058f439c21","scripts/energy_hud.gd:39","bottom_hud","exclude_large","move_runtime","runtime_reference"
"assets/UI/底部UI/layer_003.png","assets/runtime/ui/battle/bottom_hud/hud_background.png","runtime","current_runtime","tracked_or_staged",".png","19851","979","362","fced4652de30c66e6d9b3c14346ed3a13123e0c75a164c088899c8f51cd113ec","scripts/main_game.gd:105","bottom_hud","exclude_large","move_runtime","runtime_reference"
"assets/runtime/ui/screens/skilliocn/图层-11.png","assets/runtime/ui/battle/bottom_hud/item_cluster_swap.png","runtime","current_runtime","untracked",".png","564995","832","742","ce2638705003bfd06c83222b87a79382afcc32fc5ffc7aed0ce583d4cf8c56cc","scripts/energy_hud.gd:13","bottom_hud","atlas_ui_battle","rename_runtime","normalize_new_instant_item_icon"
"assets/runtime/ui/screens/skilliocn/图层-12.png","assets/runtime/ui/battle/bottom_hud/item_crystal_rain.png","runtime","current_runtime","untracked",".png","662346","1013","1042","1f21873fe575cb4296c1b9b58dd815fa88e4d8033dfc8c467a042b22f354c212","scripts/energy_hud.gd:16","bottom_hud","atlas_ui_battle","rename_runtime","normalize_new_instant_item_icon"
"assets/UI/游戏核心/layer_004.png","assets/runtime/ui/battle/core/battle_background.png","runtime","current_runtime","tracked_or_staged",".png","1490222","950","1656","122cf0df7dd89a49c9009bb9c3e7aee91f8f3e2bc9ffcf3b168207b994910ad1","scripts/main_game.gd:104","battle_core","exclude_large","move_runtime","runtime_reference"
"assets/UI/游戏核心/layer_001.png","assets/runtime/ui/battle/core/castle.png","runtime","current_runtime","tracked_or_staged",".png","42459","125","94","7c200d7913bb9073ee84294dccd87fc091b02ab66f82d3780a613446baacc821","scenes/combat/castle_view.tscn:4","battle_core","atlas_ui_battle","move_runtime","runtime_reference"
"assets/sliced_20260703_172750/crystal_atk_panel.png","assets/runtime/ui/battle/core/crystal_attack_panel.png","runtime","current_runtime","tracked_or_staged",".png","16189","438","281","079d4d05e364e1a3cd66db756f21e06c2f7d16bd1e827b5564c6a25e60c7e30c","scenes/combat/battle_layer.tscn:6","crystal_tower","atlas_ui_battle","move_runtime","runtime_reference"
"assets/UI/base_layers/base_009.png","assets/runtime/ui/battle/core/crystal_level_01.png","runtime","current_runtime","tracked_or_staged",".png","47197","121","184","2f5ada58b2467cc1ef2cb64b57a8b666e28dcfbbc4dfa54e6c050f1005dedc3e","scenes/combat/battle_layer.tscn:9;scripts/crystal_view.gd:13","crystal_tower","atlas_ui_battle","move_runtime","runtime_reference"
"assets/UI/base_layers/base_006.png","assets/runtime/ui/battle/core/crystal_level_02.png","runtime","current_runtime","untracked",".png","54709","139","202","de673ef0e87a93c4c206c249c89c3cfe8f7c6b118bbd48e9a4908edd433f45e7","scripts/crystal_view.gd:14","crystal_tower","atlas_ui_battle","restore_runtime","required_even_crystal_level"
"assets/UI/base_layers/base_003.png","assets/runtime/ui/battle/core/crystal_level_03.png","runtime","current_runtime","tracked_or_staged",".png","60420","135","227","41a40baeef86995536261f9f3ef83cb7ac93f600107f7fac9ca8349154b22138","scripts/crystal_view.gd:15","crystal_tower","atlas_ui_battle","move_runtime","runtime_reference"
"assets/UI/base_layers/base_008.png","assets/runtime/ui/battle/core/crystal_level_04.png","runtime","current_runtime","untracked",".png","68663","206","237","416c805235d5867e336c5e1da2b3e80f40b7e591f4be592a9ed01d56eb7cfb88","scripts/crystal_view.gd:16","crystal_tower","atlas_ui_battle","restore_runtime","required_even_crystal_level"
"assets/UI/base_layers/base_005.png","assets/runtime/ui/battle/core/crystal_level_05.png","runtime","current_runtime","tracked_or_staged",".png","75313","147","255","2b72f716d14053014a77bcb063692ae1b318865fcb306bf5e8d6006b721a134e","scripts/crystal_view.gd:17","crystal_tower","atlas_ui_battle","move_runtime","runtime_reference"
"assets/UI/base_layers/base_002.png","assets/runtime/ui/battle/core/crystal_level_06.png","runtime","current_runtime","untracked",".png","73041","141","268","6b463718b8ea3125f0f5d79fd6b43cc0a580d7348fff2b3f1a8ce3865576807e","scripts/crystal_view.gd:18","crystal_tower","atlas_ui_battle","restore_runtime","required_even_crystal_level"
"assets/UI/base_layers/base_007.png","assets/runtime/ui/battle/core/crystal_level_07.png","runtime","current_runtime","tracked_or_staged",".png","88545","179","260","ba31a6e456dd0d31ec91c7e671dfeafe068e775ca4ea54b4a66a7135f3396632","scripts/crystal_view.gd:19","crystal_tower","atlas_ui_battle","move_runtime","runtime_reference"
"assets/UI/base_layers/base_004.png","assets/runtime/ui/battle/core/crystal_level_08.png","runtime","current_runtime","untracked",".png","111221","233","275","fa3a83e170da3780bc409271b3dbbfb6db1a06125808463219091acf50d4284c","scripts/crystal_view.gd:20","crystal_tower","atlas_ui_battle","restore_runtime","required_even_crystal_level"
"assets/UI/base_layers/base_001.png","assets/runtime/ui/battle/core/crystal_level_09.png","runtime","current_runtime","tracked_or_staged",".png","133297","260","305","4fc06b167e7d3bd3016dbdb66e40605b67eff16a7204ee1c49ff5aa259fdf307","scripts/crystal_view.gd:21","crystal_tower","atlas_ui_battle","move_runtime","runtime_reference"
"assets/UI/游戏核心/layer_002.png","assets/runtime/ui/battle/core/entrance_gate.png","runtime","current_runtime","tracked_or_staged",".png","96738","419","143","b6abfa51a731e091447b8eed1fe589fa1a15955689edf903a564afa7bf965a17","scenes/combat/battle_layer.tscn:16","battle_core","atlas_ui_battle","move_runtime","runtime_reference"
"assets/UI/游戏核心/layer_003.png","assets/runtime/ui/battle/core/monster_road.png","runtime","current_runtime","tracked_or_staged",".png","375951","773","1095","177ea71c6066c19aa580e20d0e3e10e9583fd33cb9186ff69d798c9fe823a5ea","scripts/battle_path_view.gd:5","battle_core","exclude_large","move_runtime","runtime_reference"
"assets/UI/属性攻击提示/暴击.png","assets/runtime/ui/battle/prompts/icon_critical.png","runtime","current_runtime","tracked_or_staged",".png","147384","362","401","f30669d7577065f372a7bce45333556aa3310d71c410177446cc17381a71c973","scripts/effect_system.gd:38","element_prompt","atlas_ui_battle","move_runtime","runtime_reference"
"assets/UI/属性攻击提示/火.png","assets/runtime/ui/battle/prompts/icon_fire.png","runtime","current_runtime","tracked_or_staged",".png","138694","300","391","9846771cb45f72a2648f87a5032aaf4a740b34f1e244ce5a5c708b6c8f362d0f","scripts/effect_system.gd:36","element_prompt","atlas_ui_battle","move_runtime","runtime_reference"
"assets/UI/属性攻击提示/冰.png","assets/runtime/ui/battle/prompts/icon_ice.png","runtime","current_runtime","tracked_or_staged",".png","159823","325","389","677d5b9403d28c7b1a5dd77c2fa8436ff24f9c474cd5c82433c3d928ed3995e8","scripts/effect_system.gd:40","element_prompt","atlas_ui_battle","move_runtime","runtime_reference"
"assets/UI/属性攻击提示/电.png","assets/runtime/ui/battle/prompts/icon_lightning.png","runtime","current_runtime","tracked_or_staged",".png","109881","252","391","4d90b7e88d717bb22840a8fe93766d09e398cf0bb3a73af2c8038826767fcc37","scripts/effect_system.gd:39","element_prompt","atlas_ui_battle","move_runtime","runtime_reference"
"assets/UI/属性攻击提示/毒.png","assets/runtime/ui/battle/prompts/icon_poison.png","runtime","current_runtime","tracked_or_staged",".png","154908","311","392","c5d0fb16f96c53f1db193a374f825ce962e150f7888765317b8f35d6bec4a735","scripts/effect_system.gd:37","element_prompt","atlas_ui_battle","move_runtime","runtime_reference"
"assets/UI/属性攻击提示/图层-2.png","assets/runtime/ui/battle/prompts/prompt_panel.png","runtime","current_runtime","tracked_or_staged",".png","83800","1569","209","280a811c81e44b9d4a1f89defe69b2598bf168a9597ed9eed148bddd0a9e9f1a","scripts/effect_system.gd:35","element_prompt","atlas_ui_battle","move_runtime","runtime_reference"
"assets/UI/顶部UI/layer_002_2.png","assets/runtime/ui/battle/top_hud/button_home.png","runtime","current_runtime","tracked_or_staged",".png","29832","131","70","b664bf19b4e8f20cbb3cc72908241ff2e1a9bd6b0e6d42de980b6f21a9132c8d","scenes/combat/battle_layer.tscn:20","top_hud","atlas_ui_battle","move_runtime","runtime_reference"
"assets/UI/顶部UI/layer_005.png","assets/runtime/ui/battle/top_hud/button_pause.png","runtime","current_runtime","tracked_or_staged",".png","26934","94","76","f90ddf3120a2c1fa92a88742c42e17d79902ddb494a8f96024fb5cf5faaf4c32","scenes/combat/battle_layer.tscn:14","top_hud","atlas_ui_battle","move_runtime","runtime_reference"
"assets/UI/顶部UI/layer_001_2.png","assets/runtime/ui/battle/top_hud/button_sound.png","runtime","current_runtime","tracked_or_staged",".png","31145","143","70","949ed2e5fb01a0115056bbd2bea77de0e6138ecaec4d92615f19f7787ddbf551","scenes/combat/battle_layer.tscn:19","top_hud","atlas_ui_battle","move_runtime","runtime_reference"
"assets/UI/顶部UI/layer_002.png","assets/runtime/ui/battle/top_hud/castle_health_fill.png","runtime","current_runtime","tracked_or_staged",".png","25555","725","32","669fe2390f74c218dec74cabbd32053e35efba987bdfadf93d08f4cffdcfeeeb","scenes/combat/battle_layer.tscn:11","top_hud","atlas_ui_battle","move_runtime","runtime_reference"
"assets/UI/顶部UI/layer_003.png","assets/runtime/ui/battle/top_hud/castle_health_track.png","runtime","current_runtime","tracked_or_staged",".png","33499","842","36","806cd748095b79306ff60455d1dde7c0c33b2650922c87deddd6d8a52f4c6166","scenes/combat/battle_layer.tscn:12","top_hud","atlas_ui_battle","move_runtime","runtime_reference"
"assets/UI/顶部UI/layer_006.png","assets/runtime/ui/battle/top_hud/hud_background.png","runtime","current_runtime","tracked_or_staged",".png","19595","948","209","d483bf118c3d4f3aa911a730e27e7f08f979bc559d952507351aab421c9679bd","scenes/combat/battle_layer.tscn:15","top_hud","atlas_ui_battle","move_runtime","runtime_reference"
"assets/UI/顶部UI/layer_004.png","assets/runtime/ui/battle/top_hud/level_badge.png","runtime","current_runtime","tracked_or_staged",".png","24115","104","38","d3df129cedf8154b19076f59c90cfd666ce4eaa35f0fb25f8d0ab8b297a2e107","scenes/combat/battle_layer.tscn:13","top_hud","atlas_ui_battle","move_runtime","runtime_reference"
"assets/UI/顶部UI/图层3.png","assets/runtime/ui/battle/top_hud/timer_frame.png","runtime","current_runtime","tracked_or_staged",".png","92010","946","171","bd7d84f367181def8c22847e44715c4d87c58ccf5528dbfd7e569d13a1bf1c4e","scenes/combat/battle_layer.tscn:10","top_hud","atlas_ui_battle","move_runtime","runtime_reference"
"assets/UI/card/道具卡翻转卡背.png","assets/runtime/ui/cards/backs/board_card_back.png","runtime","current_runtime","tracked_or_staged",".png","140922","256","377","260b91be4e1c0eb92e3c1625199ca24ba42769f957f50bcc7a3623e9bad364bd","scripts/card_catalog.gd:8","card_back","atlas_ui_cards","move_runtime","runtime_reference"
"assets/UI/card/道具卡背.png","assets/runtime/ui/cards/backs/board_card_front.png","runtime","current_runtime","tracked_or_staged",".png","85856","257","377","e1f4fee8722bc687ca3ccc3c95f4f06ffeb13394d0ee330ea7b1342ac50c78f3","scripts/card_catalog.gd:7","card_back","atlas_ui_cards","move_runtime","runtime_reference"
"assets/UI/card/水晶塔卡背翻转面.png","assets/runtime/ui/cards/backs/crystal_card_back.png","runtime","current_runtime","tracked_or_staged",".png","148181","256","377","90a74683f8816dcb47cc252298839b60751cc735b2ee7a8ff49f13d6199f058e","scripts/card_catalog.gd:10","card_back","atlas_ui_cards","move_runtime","runtime_reference"
"assets/UI/card/水晶塔卡背.png","assets/runtime/ui/cards/backs/crystal_card_front.png","runtime","current_runtime","tracked_or_staged",".png","74965","257","377","b657ee2c809fa03c3d3975c427fa405277ae2b043fcea1e1e6d8d4596a6bee7b","scripts/card_catalog.gd:9","card_back","atlas_ui_cards","move_runtime","runtime_reference"
"assets/UI/card/C-8.png","assets/runtime/ui/cards/frames/badge_new.png","runtime","current_runtime","tracked_or_staged",".png","27818","89","67","1b0b74f4cb1267dd797a4a954348dba46610196b576dfb332b028d5dbb0a37c4","scripts/card_view.gd:10","card_frame","atlas_ui_cards","move_runtime","runtime_reference"
"assets/UI/card/星阶锻造锤.png","assets/runtime/ui/cards/icons/ascension_hammer.png","runtime","current_runtime","tracked_or_staged",".png","164955","512","512","b66f9f50281431cd4c745f74833aa9f0300fd5e4c5c7bacbedbb52ec95ed5476","scripts/card_catalog.gd:45","card_icon","atlas_ui_cards","move_runtime","runtime_reference"
"assets/UI/card/王城魔导炮.png","assets/runtime/ui/cards/icons/castle_cannon.png","runtime","current_runtime","tracked_or_staged",".png","178139","512","512","028a463c93d5f968465f4c54cf3d2b5b2761825d3b536aa2f7d52ca29f69dc00","scripts/card_catalog.gd:73","card_icon","atlas_ui_cards","move_runtime","runtime_reference"
"assets/UI/card/火龙投石机.png","assets/runtime/ui/cards/icons/dragon_catapult.png","runtime","current_runtime","tracked_or_staged",".png","186670","512","512","fb008328c7f059b292d88c360cac427c16c30bdb22a96fce58095a25ec22094d","scripts/card_catalog.gd:80","card_icon","atlas_ui_cards","move_runtime","runtime_reference"
"assets/UI/card/命运洗牌箱.png","assets/runtime/ui/cards/icons/fate_shuffler.png","runtime","current_runtime","tracked_or_staged",".png","153574","512","512","035fd2532ef704b04394f234ec074d66b8409dbafdecdb1bb7e57a6fc4426a79","scripts/card_catalog.gd:59","card_icon","atlas_ui_cards","move_runtime","runtime_reference"
"assets/UI/card/炉心龙纹管.png","assets/runtime/ui/cards/icons/fire_conduit.png","runtime","current_runtime","tracked_or_staged",".png","123130","512","512","0dd3025484ad85553c84a181f8e5c9cf0d0129b1c05ac2bb2729d5ff2b98c952","scripts/card_catalog.gd:101","card_icon","atlas_ui_cards","move_runtime","runtime_reference"
"assets/UI/card/永霜警戒钟.png","assets/runtime/ui/cards/icons/frost_bell.png","runtime","current_runtime","tracked_or_staged",".png","164906","512","512","5287ce77fc95c7dfd02c68fd1bc6c66aaf982911118a295e2467624165f02c56","scripts/card_catalog.gd:87","card_icon","atlas_ui_cards","move_runtime","runtime_reference"
"assets/UI/card/霜卫棱镜.png","assets/runtime/ui/cards/icons/frost_prism.png","runtime","current_runtime","tracked_or_staged",".png","121306","512","512","bdefb582e1b2b6783443f639a7f7daefa30dcb0b11d8072485b359898449c261","scripts/card_catalog.gd:108","card_icon","atlas_ui_cards","move_runtime","runtime_reference"
"assets/UI/card/城墙穿透炮.png","assets/runtime/ui/cards/icons/piercing_cannon.png","runtime","current_runtime","tracked_or_staged",".png","127764","512","512","057c13aea91c2ec0be0fa5aabd1315f47ccefff4df5f1f07e0c8b5f784f637eb","scripts/card_catalog.gd:150","card_icon","atlas_ui_cards","move_runtime","runtime_reference"
"assets/UI/card/腐蚀炼金罐.png","assets/runtime/ui/cards/icons/poison_tank.png","runtime","current_runtime","tracked_or_staged",".png","128491","512","512","cff35c2025ee653a9c76a532ec8cb20bd24eb21f6595891e92ac886c30ac8844","scripts/card_catalog.gd:115","card_icon","atlas_ui_cards","move_runtime","runtime_reference"
"assets/UI/card/迅流发条机.png","assets/runtime/ui/cards/icons/rapid_clockwork.png","runtime","current_runtime","tracked_or_staged",".png","119622","512","512","a956a92c20b31a2a04477b440220dd5e03704ee694487e30c61dbe652de001f1","scripts/card_catalog.gd:136","card_icon","atlas_ui_cards","move_runtime","runtime_reference"
"assets/UI/card/星核蒸汽炉.png","assets/runtime/ui/cards/icons/star_boiler.png","runtime","current_runtime","tracked_or_staged",".png","127222","512","512","d9c4ccf42a28d6fc189d53a9dce9901341b37a0eeb8b12b17ff5b750a91725c9","scripts/card_catalog.gd:129","card_icon","atlas_ui_cards","move_runtime","runtime_reference"
"assets/UI/card/雷铸连发弩.png","assets/runtime/ui/cards/icons/thunder_ballista.png","runtime","current_runtime","tracked_or_staged",".png","187628","512","512","477174640e92fa59cbb084bbe5f67e591248cc8f378d29cb2e90a99c6f0206f0","scripts/card_catalog.gd:94","card_icon","atlas_ui_cards","move_runtime","runtime_reference"
"assets/UI/card/雷鸣塔针.png","assets/runtime/ui/cards/icons/thunder_spire.png","runtime","current_runtime","tracked_or_staged",".png","100544","512","512","301b12057b557ff321f2b47b2dfa13caaecb5d0d3df0b1d8aed5aea21583005e","scripts/card_catalog.gd:122","card_icon","atlas_ui_cards","move_runtime","runtime_reference"
"assets/UI/card/双塔折射镜.png","assets/runtime/ui/cards/icons/twin_lens.png","runtime","current_runtime","tracked_or_staged",".png","130767","512","512","872bb09dfd07ab399dcf44c1267e38aadfa26fbddef683784b02f41527339051","scripts/card_catalog.gd:143","card_icon","atlas_ui_cards","move_runtime","runtime_reference"
"assets/UI/card/双生晶铸模.png","assets/runtime/ui/cards/icons/twin_mold.png","runtime","current_runtime","tracked_or_staged",".png","154197","512","512","b77008c0cd7bae4d6f8bcd8c63e9af42d6c90d3390e24ca6bcacccf662354eee","scripts/card_catalog.gd:66","card_icon","atlas_ui_cards","move_runtime","runtime_reference"
"assets/UI/card/万象铸数盘.png","assets/runtime/ui/cards/icons/unity_dial.png","runtime","current_runtime","tracked_or_staged",".png","168027","512","512","c3bf48f50292d44fc54d71b4521daff456830cd9186cb3fc3d1dce2afdc5b91e","scripts/card_catalog.gd:52","card_icon","atlas_ui_cards","move_runtime","runtime_reference"
"assets/UI/public/xx1.png","assets/runtime/ui/cards/stars/star_active.png","runtime","current_runtime","tracked_or_staged",".png","51258","256","256","3418a93d4e41701ff4b11a9d2a80b3ea12c7076409d645fdb6e75e5f716ac674","scripts/card_view.gd:8;scripts/settlement_view.gd:39","card_star","atlas_ui_cards","move_runtime","runtime_reference"
"assets/UI/public/xx2.png","assets/runtime/ui/cards/stars/star_slot.png","runtime","current_runtime","tracked_or_staged",".png","25794","256","256","483edd8d4ff56047f321cba36bcb6284ded1ba51b72bdfe99502be9e5a485b70","scripts/card_view.gd:9;scripts/settlement_view.gd:40","card_star","atlas_ui_cards","move_runtime","runtime_reference"
"assets/textrues/mian/logo.png","assets/runtime/ui/common/app_icon.png","runtime","current_runtime","tracked_or_staged",".png","163188","473","426","991cef299e54a215499e98e2dad5160230cd72a6006a51066e806c5b9fbd6088","project.godot:16","ui_common","exclude_large","move_runtime","runtime_reference"
"assets/textrues/mian/back.png","assets/runtime/ui/common/button_back.png","runtime","current_runtime","tracked_or_staged",".png","5025","84","80","4d08bac4c808badd426b3ab5a94c4b7dc9e7ae3eb9600fc517486b3f60eeffa2","scenes/combat/battle_layer.tscn:8;scripts/main_game.gd:94","ui_common","atlas_ui_common","move_runtime","runtime_reference"
"assets/textrues/mian/esc.png","assets/runtime/ui/common/button_close.png","runtime","current_runtime","tracked_or_staged",".png","4671","77","66","b7f89e6f44018840afbd18a09e94877f6593009731660292a478c62f9b3f6c8b","scripts/main_game.gd:102","ui_common","atlas_ui_common","move_runtime","runtime_reference"
"assets/textrues/mian/Continue.png","assets/runtime/ui/common/button_continue.png","runtime","current_runtime","tracked_or_staged",".png","35509","390","160","204fd4439d23cb7b52a8cfdab8290f7ca5e2fe137a61937bb6244509c0286824","scripts/main_game.gd:98","ui_common","atlas_ui_common","move_runtime","runtime_reference"
"assets/textrues/mian/Refresh.png","assets/runtime/ui/common/button_refresh.png","runtime","current_runtime","tracked_or_staged",".png","7349","89","82","5a78c63c63745808f3ba5eb92d79d83660834f946d6d97d524de6ddff29279e7","scripts/main_game.gd:93","ui_common","atlas_ui_common","move_runtime","runtime_reference"
"assets/textrues/mian/Rstart.png","assets/runtime/ui/common/button_restart.png","runtime","current_runtime","tracked_or_staged",".png","42973","236","272","c84c19725d5ccd158a4c14e426ccc11786c2caa23143021d8d779577865e3c42","scripts/main_game.gd:92","ui_common","atlas_ui_common","move_runtime","runtime_reference"
"assets/textrues/mian/music.png","assets/runtime/ui/common/button_sound.png","runtime","current_runtime","tracked_or_staged",".png","10022","106","102","5e97a84e460451c883a71e8deb092a15943205cc3e32a307f2eecf4595596254","scripts/main_game.gd:95","ui_common","atlas_ui_common","move_runtime","runtime_reference"
"assets/textrues/mian/Crown.png","assets/runtime/ui/common/icon_crown.png","runtime","current_runtime","tracked_or_staged",".png","1101","45","39","82fd5e217e69c2ec0657f0f90f32431eb1bbe3703e1cca89448e9892cead5527","scripts/main_game.gd:100","ui_common","atlas_ui_common","move_runtime","runtime_reference"
"assets/textrues/mian/bg_02.png","assets/runtime/ui/common/legacy_game_background.png","runtime","current_runtime","tracked_or_staged",".png","5564","720","730","f92ea8c91ebdc27a9d87762230333a6fde9f4df4f1080998c9c2401125f91f29","scripts/board_grid_preview.gd:20;scripts/main_game.gd:91","ui_common","exclude_large","move_runtime","runtime_reference"
"assets/textrues/mian/newrecord.png","assets/runtime/ui/common/legacy_new_record.png","runtime","current_runtime","tracked_or_staged",".png","4955","259","37","faaa4c8e5cb6390332caba9ccbaf876c0932b612d4a1bab0fe08317abf9d8601","scripts/main_game.gd:99","ui_common","atlas_ui_common","move_runtime","runtime_reference"
"assets/textrues/mian/jiesuan.png","assets/runtime/ui/common/legacy_success_panel.png","runtime","current_runtime","tracked_or_staged",".png","110279","664","856","81fcf24623ffd1f516dd42fe6271f8b12748a556ddec355ac8cb5adb8f5ca42d","scripts/main_game.gd:97","ui_common","exclude_large","move_runtime","runtime_reference"
"assets/textrues/mian/Panel.png","assets/runtime/ui/common/popup_panel.png","runtime","current_runtime","tracked_or_staged",".png","145263","668","816","b7dc6986a2af4a2f8d69c861149207c2b674543767601cab033dfebf28c0ea8d","scripts/main_game.gd:96","ui_common","atlas_ui_common","move_runtime","runtime_reference"
"assets/textrues/mian/Light.png","assets/runtime/ui/common/success_light.png","runtime","current_runtime","tracked_or_staged",".png","104034","720","568","24289e6e1d68866563b94448294730c4fc16a2429f7b3966e7bb7705f6f82bbf","scripts/main_game.gd:101","ui_common","exclude_large","move_runtime","runtime_reference"
"assets/sliced_20260703_172750/decor_cloud_01.png","assets/runtime/ui/screens/login/decor_cloud_01.png","runtime","current_runtime","tracked_or_staged",".png","5256","91","45","9d29841656c31493d46fed8630abcd30f3b7c93c5ac9f7a83dc85876d2fb4db7","scripts/main_game.gd:88","login_screen","exclude_large","move_runtime","runtime_reference"
"assets/sliced_20260703_172750/decor_cloud_02.png","assets/runtime/ui/screens/login/decor_cloud_02.png","runtime","current_runtime","tracked_or_staged",".png","4106","90","43","b86cf4090dc08893bd4a4033a689f119c5eabac2e4aabaf49f9dc991f872a765","scripts/main_game.gd:89","login_screen","exclude_large","move_runtime","runtime_reference"
"assets/sliced_20260703_172750/decor_tree_01.png","assets/runtime/ui/screens/login/decor_tree_01.png","runtime","current_runtime","tracked_or_staged",".png","8932","62","80","c6a9aa619679fa6cd4f34ecaae74d1b285687bc1543292884189ba609b0a6349","scripts/main_game.gd:90","login_screen","exclude_large","move_runtime","runtime_reference"
"assets/UI/登录页/登录页_晶核守卫_效果图_v1.png","assets/runtime/ui/screens/login/login_background.png","runtime","current_runtime","tracked_or_staged",".png","1707733","967","1626","a5c14954cecd8c36859282c7dbe8e29314af69b6a7d3abb2c0a99cd1403d39a2","scenes/ui/loading_view.tscn:4;scripts/main_game.gd:87","login_screen","exclude_large","move_runtime","runtime_reference"
"assets/UI/结算界面/拆分素材_v3_原图对齐/标记_新纪录.png","assets/runtime/ui/screens/settlement/badge_new_record.png","runtime","current_runtime","tracked_or_staged",".png","43676","245","115","eef332019649cb14441c280c46b34789cae5e34884c02a691f1fd3f1c59fd58d","dynamic:scripts/settlement_view.gd","settlement","atlas_ui_settlement","move_runtime","runtime_reference"
"assets/UI/结算界面/拆分素材_v3_原图对齐/分区框/伤害构成_外框_空白.png","assets/runtime/ui/screens/settlement/damage_frame.png","runtime","current_runtime","tracked_or_staged",".png","1775","700","238","c8c1cefe4825ea7f485ae7f03c13eaf9db50809adb16dd4ee382aec2c7e8ac48","dynamic:scripts/settlement_view.gd","settlement","atlas_ui_settlement","move_runtime","runtime_reference"
"assets/UI/结算界面/拆分素材_v3_原图对齐/分区框/伤害构成_单行底框.png","assets/runtime/ui/screens/settlement/damage_row.png","runtime","current_runtime","tracked_or_staged",".png","714","700","58","e161467b55aa0f78539d7f8e64015597d517a179e5b33ca98cee768c431b1457","dynamic:scripts/settlement_view.gd","settlement","atlas_ui_settlement","move_runtime","runtime_reference"
"assets/UI/结算界面/拆分素材_v3_原图对齐/伤害_棋盘合成.png","assets/runtime/ui/screens/settlement/icon_board_damage.png","runtime","current_runtime","tracked_or_staged",".png","43529","168","179","c6e846ac58c1a28fbb87ffecd7fdf22e297d9747427cc582db0fece964e20aa0","dynamic:scripts/settlement_view.gd","settlement","atlas_ui_settlement","move_runtime","runtime_reference"
"assets/UI/结算界面/拆分素材_v3_原图对齐/统计_城堡耐久.png","assets/runtime/ui/screens/settlement/icon_castle_health.png","runtime","current_runtime","tracked_or_staged",".png","62955","212","211","05b2118763b07fd76c39cbd7751618187b7e65e1eae3d17352a4cf8fa95de4af","dynamic:scripts/settlement_view.gd","settlement","atlas_ui_settlement","move_runtime","runtime_reference"
"assets/UI/结算界面/拆分素材_v3_原图对齐/伤害_水晶塔.png","assets/runtime/ui/screens/settlement/icon_crystal_damage.png","runtime","current_runtime","tracked_or_staged",".png","42457","125","208","4bf0e9afcdaaee7bb6c7df33ad68cdf4b927e2bdbced7d87185765762a798454","dynamic:scripts/settlement_view.gd","settlement","atlas_ui_settlement","move_runtime","runtime_reference"
"assets/UI/结算界面/拆分素材_v3_原图对齐/统计_最高数字10.png","assets/runtime/ui/screens/settlement/icon_highest_number.png","runtime","current_runtime","tracked_or_staged",".png","56918","217","210","2f6ab06617761825c073563fc2aae0f1c7f5399108e927cea979d2c321bb54f9","dynamic:scripts/settlement_view.gd","settlement","atlas_ui_settlement","move_runtime","runtime_reference"
"assets/UI/结算界面/拆分素材_v3_原图对齐/统计_击杀怪物.png","assets/runtime/ui/screens/settlement/icon_kills.png","runtime","current_runtime","tracked_or_staged",".png","64392","216","212","051ceae805003337c6a6cf1ecd5a71e035557aeb8eaf65b6bfb60a608f7135ea","dynamic:scripts/settlement_view.gd","settlement","atlas_ui_settlement","move_runtime","runtime_reference"
"assets/UI/结算界面/拆分素材_v3_原图对齐/统计_漏怪.png","assets/runtime/ui/screens/settlement/icon_leaks.png","runtime","current_runtime","tracked_or_staged",".png","61297","212","210","16bda16f2c2b8c38bb50b1c50e3f61e75a75d96dfff74ef8cb97d6c4bca0a1f0","dynamic:scripts/settlement_view.gd","settlement","atlas_ui_settlement","move_runtime","runtime_reference"
"assets/UI/结算界面/拆分素材_v3_原图对齐/统计_最大单次合成.png","assets/runtime/ui/screens/settlement/icon_max_merge.png","runtime","current_runtime","tracked_or_staged",".png","57623","208","210","c181d62fd2829378c011aa67b35595a08b249181404defc844cec4b7c034547e","dynamic:scripts/settlement_view.gd","settlement","atlas_ui_settlement","move_runtime","runtime_reference"
"assets/UI/结算界面/拆分素材_v3_原图对齐/统计_合成次数.png","assets/runtime/ui/screens/settlement/icon_merges.png","runtime","current_runtime","tracked_or_staged",".png","56971","206","211","fd3e57c38bb5a2ec52fa5741023acd02977f56877f97bd62da522352e2e1a45d","dynamic:scripts/settlement_view.gd","settlement","atlas_ui_settlement","move_runtime","runtime_reference"
"assets/UI/结算界面/拆分素材_v3_原图对齐/伤害_道具技能.png","assets/runtime/ui/screens/settlement/icon_skill_damage.png","runtime","current_runtime","tracked_or_staged",".png","40515","167","172","a3fa1ef729e9342d7f40934acd84247ee37b968fe23948abc2072cff984e172d","dynamic:scripts/settlement_view.gd","settlement","atlas_ui_settlement","move_runtime","runtime_reference"
"assets/UI/结算界面/拆分素材_v3_原图对齐/分区框/主数据框_最高数字_蓝.png","assets/runtime/ui/screens/settlement/main_highest_frame.png","runtime","current_runtime","tracked_or_staged",".png","1497","330","252","9c88efcb6972deb335c5414bf27a76fa1bf2dbcb9fc1bf31906904173c7cccc7","dynamic:scripts/settlement_view.gd","settlement","atlas_ui_settlement","move_runtime","runtime_reference"
"assets/UI/结算界面/拆分素材_v3_原图对齐/分区框/主数据框_击杀怪物_紫.png","assets/runtime/ui/screens/settlement/main_kills_frame.png","runtime","current_runtime","tracked_or_staged",".png","1538","330","252","8d527a9883f1d4a837d9a030cc07e290a8411830b1f13349f6c1489456f01728","dynamic:scripts/settlement_view.gd","settlement","atlas_ui_settlement","move_runtime","runtime_reference"
"assets/UI/结算界面/拆分素材_v3_原图对齐/奖励_宝箱.png","assets/runtime/ui/screens/settlement/reward_chest.png","runtime","current_runtime","tracked_or_staged",".png","112600","302","215","ac724937fe0698c26015766a80e0b377139cb215139aba64593d53cbb4db8df3","dynamic:scripts/settlement_view.gd","settlement","atlas_ui_settlement","move_runtime","runtime_reference"
"assets/UI/结算界面/拆分素材_v3_原图对齐/奖励_金币.png","assets/runtime/ui/screens/settlement/reward_coin.png","runtime","current_runtime","tracked_or_staged",".png","55565","182","186","26a9bd7d77c5daafb86d02102a5845e05fa3d4930fe7d1d01d8cde3c9f8ecb8f","dynamic:scripts/settlement_view.gd","settlement","atlas_ui_settlement","move_runtime","runtime_reference"
"assets/UI/结算界面/拆分素材_v3_原图对齐/奖励_绿色晶体.png","assets/runtime/ui/screens/settlement/reward_crystal.png","runtime","current_runtime","tracked_or_staged",".png","43338","142","206","4006b49673def9bb08f697ad897fc23ba8dd0f0799e811f9cb9591525af093ea","dynamic:scripts/settlement_view.gd","settlement","atlas_ui_settlement","move_runtime","runtime_reference"
"assets/UI/结算界面/拆分素材_v3_原图对齐/底板_本局奖励_空白.png","assets/runtime/ui/screens/settlement/reward_panel.png","runtime","current_runtime","tracked_or_staged",".png","233475","720","350","7b59b49740ea5e80f460ae92d40b9d576235a95ac8c040b1ed9780cf01774136","dynamic:scripts/settlement_view.gd","settlement","atlas_ui_settlement","move_runtime","runtime_reference"
"assets/UI/结算界面/拆分素材_v3_原图对齐/分区框/次级数据框_左_空白.png","assets/runtime/ui/screens/settlement/secondary_left_frame.png","runtime","current_runtime","tracked_or_staged",".png","874","330","98","e8a1902374b8c7baab8797f25b421c2511f1c22598c89eb9104f4f241d61d8d4","dynamic:scripts/settlement_view.gd","settlement","atlas_ui_settlement","move_runtime","runtime_reference"
"assets/UI/结算界面/拆分素材_v3_原图对齐/分区框/次级数据框_右_空白.png","assets/runtime/ui/screens/settlement/secondary_right_frame.png","runtime","current_runtime","tracked_or_staged",".png","863","330","98","0f193dd2e674f45b3243aac5a8a88f1cd6ef5c7d12d44027f3ed61fd53ba9242","dynamic:scripts/settlement_view.gd","settlement","atlas_ui_settlement","move_runtime","runtime_reference"
"assets/UI/结算界面/拆分素材_v2/底板_结算空白面板.png","assets/runtime/ui/screens/settlement/settlement_panel.png","runtime","current_runtime","tracked_or_staged",".png","758854","885","1601","dc397cc7bb7ccdc48d07546802239ca8a771ae9fa49ef915a0b5a587919d0c83","dynamic:scripts/settlement_view.gd","settlement","atlas_ui_settlement","move_runtime","runtime_reference"
"assets/UI/结算界面/拆分素材_v3_原图对齐/分区框/分区框_波次时长分数_三段.png","assets/runtime/ui/screens/settlement/summary_frame.png","runtime","current_runtime","tracked_or_staged",".png","1331","700","126","95524df40f32b709e41fb0a41e3d30345269e97a2ee1851ffe2a3c250f7c5ff1","dynamic:scripts/settlement_view.gd","settlement","atlas_ui_settlement","move_runtime","runtime_reference"
"assets/UI/结算界面/拆分素材_v3_原图对齐/分区框/分页_本局卡组_未激活.png","assets/runtime/ui/screens/settlement/tab_deck_inactive.png","runtime","current_runtime","tracked_or_staged",".png","1124","360","92","97d399bec09f72da409fb926907ba20620a1444785ccb794f4dd232e5fc4d1e6","dynamic:scripts/settlement_view.gd","settlement","atlas_ui_settlement","move_runtime","runtime_reference"
"assets/UI/结算界面/拆分素材_v3_原图对齐/分区框/分页_本局战绩_激活.png","assets/runtime/ui/screens/settlement/tab_stats_active.png","runtime","current_runtime","tracked_or_staged",".png","1064","360","92","6accd724d7595650e9ff651dafd5c0d3fbbdfe47cad48d039b0224fa6b649332","dynamic:scripts/settlement_view.gd","settlement","atlas_ui_settlement","move_runtime","runtime_reference"
"assets/UI/结算界面/拆分素材_v2/标题_失败.png","assets/runtime/ui/screens/settlement/title_defeat.png","runtime","current_runtime","tracked_or_staged",".png","235061","817","319","1f47c2ce30a0bc167c5d7116828d7c6a798fff6f26c003d436e53f9085a3ff46","dynamic:scripts/settlement_view.gd","settlement","atlas_ui_settlement","move_runtime","runtime_reference"
"assets/UI/结算界面/拆分素材_v2/标题_胜利.png","assets/runtime/ui/screens/settlement/title_victory.png","runtime","current_runtime","tracked_or_staged",".png","229174","817","319","7b5be84a85674e7df1f2a9699c02a888f52b19a9ffb30edc147d28c30358d1a1","dynamic:scripts/settlement_view.gd","settlement","atlas_ui_settlement","move_runtime","runtime_reference"
"assets/UI/技能选择/layer_001.png","assets/runtime/ui/screens/skill_choice/button_confirm.png","runtime","current_runtime","tracked_or_staged",".png","64655","328","98","f0bb12fadd82bba393721963f753fe05cbc5b93e019ecd7b162b7fdcbd5c995b","scripts/card_choice_modal.gd:120","skill_choice","atlas_ui_skill_choice","move_runtime","runtime_reference"
"assets/UI/技能选择/layer_003_2.png","assets/runtime/ui/screens/skill_choice/panel.png","runtime","current_runtime","tracked_or_staged",".png","250562","664","515","aced921ada3fdcd6eb098f734aa7a8272c380359218ab8ca94252bb0f0c7c68f","scripts/card_choice_modal.gd:70","skill_choice","exclude_large","move_runtime","runtime_reference"
"assets/UI/技能选择/C-1.png","assets/runtime/ui/screens/skill_choice/title.png","runtime","current_runtime","tracked_or_staged",".png","91941","415","112","bad6dab63c8bc255774fc91d59c696698642f8fc6ea774863e6801b0f3287674","scripts/card_choice_modal.gd:84","skill_choice","atlas_ui_skill_choice","move_runtime","runtime_reference"
"assets/UI/波次选择/tip[.png","assets/runtime/ui/screens/wave_choice/title.png","runtime","current_runtime","tracked_or_staged",".png","122354","570","160","a644266bead3f2ba2e9f2d2649a12d818126568c3808cf3e502c2e924a8c0424","scripts/card_choice_modal.gd:84","wave_choice","atlas_ui_wave_choice","move_runtime","runtime_reference"
"assets/UI/怪物概念图_v1/怪物拆图_v2_简练版/透明PNG_512/01_软糖史莱姆.png","assets/runtime/characters/monsters/slime_stage_01.png","runtime","current_runtime","untracked",".png","56090","512","512","9a9304be5ac7d9e8c5c8b6bce569bca54cad5e1347de3a8c5dea5842125b399e","dynamic:scripts/monster_view.gd","monster","exclude_large","copy_runtime","wave_stage_monster_replacement"
"assets/UI/怪物概念图_v1/怪物拆图_v2_简练版/透明PNG_512/02_蘑菇史莱姆.png","assets/runtime/characters/monsters/slime_stage_02.png","runtime","current_runtime","untracked",".png","100242","512","512","6d30afe6a192f0937e0f8bccd6d7d3977be45aec9fbb8f636a7047e73533d0fb","dynamic:scripts/monster_view.gd","monster","exclude_large","copy_runtime","wave_stage_monster_replacement"
"assets/UI/怪物概念图_v1/怪物拆图_v2_简练版/透明PNG_512/03_铁壳史莱姆.png","assets/runtime/characters/monsters/slime_stage_03.png","runtime","current_runtime","untracked",".png","116011","512","512","995e35813163a46615e8dc189e0d7e266bf4e1805a09a9306e2b5f5fe1f751d0","dynamic:scripts/monster_view.gd","monster","exclude_large","copy_runtime","wave_stage_monster_replacement"
"assets/UI/怪物概念图_v1/怪物拆图_v2_简练版/透明PNG_512/04_小哥布林.png","assets/runtime/characters/monsters/goblin_stage_01.png","runtime","current_runtime","untracked",".png","106325","512","512","d275c019ea6a45465ce9b25b7c6d59e1090ab23e9e03f77c861562ccd8ab43e3","dynamic:scripts/monster_view.gd","monster","exclude_large","copy_runtime","wave_stage_monster_replacement"
"assets/UI/怪物概念图_v1/怪物拆图_v2_简练版/透明PNG_512/05_锅盔哥布林.png","assets/runtime/characters/monsters/goblin_stage_02.png","runtime","current_runtime","untracked",".png","116757","512","512","25e3cd3accf27d6bbcf108022563d93394a169657c6b8b0c66ecef333bd1b3eb","dynamic:scripts/monster_view.gd","monster","exclude_large","copy_runtime","wave_stage_monster_replacement"
"assets/UI/怪物概念图_v1/怪物拆图_v2_简练版/透明PNG_512/06_方盾哥布林.png","assets/runtime/characters/monsters/goblin_stage_03.png","runtime","current_runtime","untracked",".png","132370","512","512","3a075d94517ac3d2e9cf4258761bf7df6367c7b263322f3fed1b932de32d40f2","dynamic:scripts/monster_view.gd","monster","exclude_large","copy_runtime","wave_stage_monster_replacement"
"assets/UI/怪物概念图_v1/怪物拆图_v2_简练版/透明PNG_512/07_布衣小僵尸.png","assets/runtime/characters/monsters/zombie_stage_01.png","runtime","current_runtime","untracked",".png","74297","512","512","e593a2d90bfdf7a984f63eeb585ebe29db1ae8d7ccb26c30b2a800253ec12269","dynamic:scripts/monster_view.gd","monster","exclude_large","copy_runtime","wave_stage_monster_replacement"
"assets/UI/怪物概念图_v1/怪物拆图_v2_简练版/透明PNG_512/08_桶盔小僵尸.png","assets/runtime/characters/monsters/zombie_stage_02.png","runtime","current_runtime","untracked",".png","87751","512","512","76a795324b232250e522a11f7af7272c91bf34d096afbecdcc9fc49ebc238eda","dynamic:scripts/monster_view.gd","monster","exclude_large","copy_runtime","wave_stage_monster_replacement"
"assets/UI/怪物概念图_v1/怪物拆图_v2_简练版/透明PNG_512/09_铁甲小僵尸.png","assets/runtime/characters/monsters/zombie_stage_03.png","runtime","current_runtime","untracked",".png","105322","512","512","cce9be4f24e0caacf6813d6263059e2d613ba57d6822a114ca6f361230c316ee","dynamic:scripts/monster_view.gd","monster","exclude_large","copy_runtime","wave_stage_monster_replacement"
