序号 / ID,层级 / Depth,当前目录 / Current Directory,父目录 / Parent Directory,目录类别 / Directory Category,状态 / Status,直属文件数 / Direct Files,目录内总账资源数 / Catalog Assets Under Directory,当前在用资源数 / Active Assets,对应运行或生产目录 / Runtime or Production Counterpart,原始来源目录 / Original Source Directories,可否直接修改 / Direct Editing,图集规则 / Atlas Rule
1,1,art/ai_generated/,art/,历史来源 / Historical Source,生产/历史资源 / Production or historical,0,161,0,—,—,否；只作溯源与审核 / No; traceability and review only,不直接打包 / Never pack directly
2,2,art/ai_generated/flyne/,art/ai_generated/,AI 原始产物 / AI Original,生产/历史资源 / Production or historical,0,12,0,—,—,"否；保留来源，复制到 production 后再加工 / No; preserve origin, copy into production to edit",不直接打包 / Never pack directly
3,3,art/ai_generated/flyne/2026-07-29/,art/ai_generated/flyne/,AI 原始产物 / AI Original,生产/历史资源 / Production or historical,0,3,0,—,—,"否；保留来源，复制到 production 后再加工 / No; preserve origin, copy into production to edit",不直接打包 / Never pack directly
4,4,art/ai_generated/flyne/2026-07-29/133603_crystal-perspective-restyle/,art/ai_generated/flyne/2026-07-29/,AI 原始产物 / AI Original,生产/历史资源 / Production or historical,3,3,0,—,—,"否；保留来源，复制到 production 后再加工 / No; preserve origin, copy into production to edit",不直接打包 / Never pack directly
5,5,art/ai_generated/flyne/2026-07-29/133603_crystal-perspective-restyle/references/,art/ai_generated/flyne/2026-07-29/133603_crystal-perspective-restyle/,AI 原始产物 / AI Original,生产/历史资源 / Production or historical,2,2,0,—,—,"否；保留来源，复制到 production 后再加工 / No; preserve origin, copy into production to edit",不直接打包 / Never pack directly
6,3,art/ai_generated/flyne/2026-08-12/,art/ai_generated/flyne/,AI 原始产物 / AI Original,生产/历史资源 / Production or historical,0,9,0,—,—,"否；保留来源，复制到 production 后再加工 / No; preserve origin, copy into production to edit",不直接打包 / Never pack directly
7,4,art/ai_generated/flyne/2026-08-12/130100_imprint-choice-modal/,art/ai_generated/flyne/2026-08-12/,AI 原始产物 / AI Original,生产/历史资源 / Production or historical,3,3,0,—,—,"否；保留来源，复制到 production 后再加工 / No; preserve origin, copy into production to edit",不直接打包 / Never pack directly
8,5,art/ai_generated/flyne/2026-08-12/130100_imprint-choice-modal/references/,art/ai_generated/flyne/2026-08-12/130100_imprint-choice-modal/,AI 原始产物 / AI Original,生产/历史资源 / Production or historical,2,2,0,—,—,"否；保留来源，复制到 production 后再加工 / No; preserve origin, copy into production to edit",不直接打包 / Never pack directly
9,4,art/ai_generated/flyne/2026-08-12/130200_minimal-battle-hub/,art/ai_generated/flyne/2026-08-12/,AI 原始产物 / AI Original,生产/历史资源 / Production or historical,3,3,0,—,—,"否；保留来源，复制到 production 后再加工 / No; preserve origin, copy into production to edit",不直接打包 / Never pack directly
10,5,art/ai_generated/flyne/2026-08-12/130200_minimal-battle-hub/references/,art/ai_generated/flyne/2026-08-12/130200_minimal-battle-hub/,AI 原始产物 / AI Original,生产/历史资源 / Production or historical,2,2,0,—,—,"否；保留来源，复制到 production 后再加工 / No; preserve origin, copy into production to edit",不直接打包 / Never pack directly
11,4,art/ai_generated/flyne/2026-08-12/130300_combat-hud-and-imprint/,art/ai_generated/flyne/2026-08-12/,AI 原始产物 / AI Original,生产/历史资源 / Production or historical,3,3,0,—,—,"否；保留来源，复制到 production 后再加工 / No; preserve origin, copy into production to edit",不直接打包 / Never pack directly
12,5,art/ai_generated/flyne/2026-08-12/130300_combat-hud-and-imprint/references/,art/ai_generated/flyne/2026-08-12/130300_combat-hud-and-imprint/,AI 原始产物 / AI Original,生产/历史资源 / Production or historical,2,2,0,—,—,"否；保留来源，复制到 production 后再加工 / No; preserve origin, copy into production to edit",不直接打包 / Never pack directly
13,2,art/ai_generated/imagegen/,art/ai_generated/,AI 原始产物 / AI Original,生产/历史资源 / Production or historical,0,45,0,—,—,"否；保留来源，复制到 production 后再加工 / No; preserve origin, copy into production to edit",不直接打包 / Never pack directly
14,3,art/ai_generated/imagegen/2026-07-29/,art/ai_generated/imagegen/,AI 原始产物 / AI Original,生产/历史资源 / Production or historical,0,28,0,—,—,"否；保留来源，复制到 production 后再加工 / No; preserve origin, copy into production to edit",不直接打包 / Never pack directly
15,4,art/ai_generated/imagegen/2026-07-29/150000_crystal-tower-perspective/,art/ai_generated/imagegen/2026-07-29/,AI 原始产物 / AI Original,生产/历史资源 / Production or historical,4,13,0,—,—,"否；保留来源，复制到 production 后再加工 / No; preserve origin, copy into production to edit",不直接打包 / Never pack directly
16,5,art/ai_generated/imagegen/2026-07-29/150000_crystal-tower-perspective/cutouts/,art/ai_generated/imagegen/2026-07-29/150000_crystal-tower-perspective/,AI 原始产物 / AI Original,生产/历史资源 / Production or historical,11,10,0,—,—,"否；保留来源，复制到 production 后再加工 / No; preserve origin, copy into production to edit",不直接打包 / Never pack directly
17,4,art/ai_generated/imagegen/2026-07-29/battle-ui-hd-redraw-v01/,art/ai_generated/imagegen/2026-07-29/,AI 原始产物 / AI Original,生产/历史资源 / Production or historical,2,2,0,—,—,"否；保留来源，复制到 production 后再加工 / No; preserve origin, copy into production to edit",不直接打包 / Never pack directly
18,4,art/ai_generated/imagegen/2026-07-29/chapter01-modal-ui-v01/,art/ai_generated/imagegen/2026-07-29/,AI 原始产物 / AI Original,生产/历史资源 / Production or historical,12,11,0,—,—,"否；保留来源，复制到 production 后再加工 / No; preserve origin, copy into production to edit",不直接打包 / Never pack directly
19,4,art/ai_generated/imagegen/2026-07-29/core-battle-ui-chroma-v01/,art/ai_generated/imagegen/2026-07-29/,AI 原始产物 / AI Original,生产/历史资源 / Production or historical,1,1,0,—,—,"否；保留来源，复制到 production 后再加工 / No; preserve origin, copy into production to edit",不直接打包 / Never pack directly
20,4,art/ai_generated/imagegen/2026-07-29/core-battle-ui-hd-redraw-v01/,art/ai_generated/imagegen/2026-07-29/,AI 原始产物 / AI Original,生产/历史资源 / Production or historical,1,1,0,—,—,"否；保留来源，复制到 production 后再加工 / No; preserve origin, copy into production to edit",不直接打包 / Never pack directly
21,3,art/ai_generated/imagegen/2026-08-08/,art/ai_generated/imagegen/,AI 原始产物 / AI Original,生产/历史资源 / Production or historical,0,9,0,—,—,"否；保留来源，复制到 production 后再加工 / No; preserve origin, copy into production to edit",不直接打包 / Never pack directly
22,4,art/ai_generated/imagegen/2026-08-08/235311_lobby_hd_reset/,art/ai_generated/imagegen/2026-08-08/,AI 原始产物 / AI Original,生产/历史资源 / Production or historical,10,9,0,—,—,"否；保留来源，复制到 production 后再加工 / No; preserve origin, copy into production to edit",不直接打包 / Never pack directly
23,5,art/ai_generated/imagegen/2026-08-08/235311_lobby_hd_reset/references/,art/ai_generated/imagegen/2026-08-08/235311_lobby_hd_reset/,AI 原始产物 / AI Original,生产/历史资源 / Production or historical,1,1,0,—,—,"否；保留来源，复制到 production 后再加工 / No; preserve origin, copy into production to edit",不直接打包 / Never pack directly
24,3,art/ai_generated/imagegen/2026-08-09/,art/ai_generated/imagegen/,AI 原始产物 / AI Original,生产/历史资源 / Production or historical,0,3,0,—,—,"否；保留来源，复制到 production 后再加工 / No; preserve origin, copy into production to edit",不直接打包 / Never pack directly
25,4,art/ai_generated/imagegen/2026-08-09/085423_crystal_stage_background/,art/ai_generated/imagegen/2026-08-09/,AI 原始产物 / AI Original,生产/历史资源 / Production or historical,4,3,0,—,—,"否；保留来源，复制到 production 后再加工 / No; preserve origin, copy into production to edit",不直接打包 / Never pack directly
26,5,art/ai_generated/imagegen/2026-08-09/085423_crystal_stage_background/references/,art/ai_generated/imagegen/2026-08-09/085423_crystal_stage_background/,AI 原始产物 / AI Original,生产/历史资源 / Production or historical,1,1,0,—,—,"否；保留来源，复制到 production 后再加工 / No; preserve origin, copy into production to edit",不直接打包 / Never pack directly
27,3,art/ai_generated/imagegen/2026-08-13/,art/ai_generated/imagegen/,AI 原始产物 / AI Original,生产/历史资源 / Production or historical,0,5,0,—,—,"否；保留来源，复制到 production 后再加工 / No; preserve origin, copy into production to edit",不直接打包 / Never pack directly
28,4,art/ai_generated/imagegen/2026-08-13/131530_chapter01_ui_batch2_concepts/,art/ai_generated/imagegen/2026-08-13/,AI 原始产物 / AI Original,生产/历史资源 / Production or historical,5,5,0,—,—,"否；保留来源，复制到 production 后再加工 / No; preserve origin, copy into production to edit",不直接打包 / Never pack directly
29,5,art/ai_generated/imagegen/2026-08-13/131530_chapter01_ui_batch2_concepts/references/,art/ai_generated/imagegen/2026-08-13/131530_chapter01_ui_batch2_concepts/,AI 原始产物 / AI Original,生产/历史资源 / Production or historical,2,2,0,—,—,"否；保留来源，复制到 production 后再加工 / No; preserve origin, copy into production to edit",不直接打包 / Never pack directly
30,2,art/ai_generated/production_prompts/,art/ai_generated/,AI 原始产物 / AI Original,空目录或仅含非总账文件 / Empty or non-catalog files only,3,0,0,—,—,"否；保留来源，复制到 production 后再加工 / No; preserve origin, copy into production to edit",不直接打包 / Never pack directly
31,2,art/ai_generated/slices/,art/ai_generated/,AI 原始产物 / AI Original,生产/历史资源 / Production or historical,0,55,0,—,—,"否；保留来源，复制到 production 后再加工 / No; preserve origin, copy into production to edit",不直接打包 / Never pack directly
32,3,art/ai_generated/slices/2026-07-29/,art/ai_generated/slices/,AI 原始产物 / AI Original,生产/历史资源 / Production or historical,0,55,0,—,—,"否；保留来源，复制到 production 后再加工 / No; preserve origin, copy into production to edit",不直接打包 / Never pack directly
33,4,art/ai_generated/slices/2026-07-29/core-battle-ui-chroma-textless-v01/,art/ai_generated/slices/2026-07-29/,AI 原始产物 / AI Original,生产/历史资源 / Production or historical,2,11,0,—,—,"否；保留来源，复制到 production 后再加工 / No; preserve origin, copy into production to edit",不直接打包 / Never pack directly
34,5,art/ai_generated/slices/2026-07-29/core-battle-ui-chroma-textless-v01/bottom/,art/ai_generated/slices/2026-07-29/core-battle-ui-chroma-textless-v01/,AI 原始产物 / AI Original,生产/历史资源 / Production or historical,6,6,0,—,—,"否；保留来源，复制到 production 后再加工 / No; preserve origin, copy into production to edit",不直接打包 / Never pack directly
35,5,art/ai_generated/slices/2026-07-29/core-battle-ui-chroma-textless-v01/top/,art/ai_generated/slices/2026-07-29/core-battle-ui-chroma-textless-v01/,AI 原始产物 / AI Original,生产/历史资源 / Production or historical,4,4,0,—,—,"否；保留来源，复制到 production 后再加工 / No; preserve origin, copy into production to edit",不直接打包 / Never pack directly
36,4,art/ai_generated/slices/2026-07-29/core-battle-ui-chroma-textless-v02/,art/ai_generated/slices/2026-07-29/,AI 原始产物 / AI Original,生产/历史资源 / Production or historical,2,14,0,—,—,"否；保留来源，复制到 production 后再加工 / No; preserve origin, copy into production to edit",不直接打包 / Never pack directly
37,5,art/ai_generated/slices/2026-07-29/core-battle-ui-chroma-textless-v02/bottom/,art/ai_generated/slices/2026-07-29/core-battle-ui-chroma-textless-v02/,AI 原始产物 / AI Original,生产/历史资源 / Production or historical,7,7,0,—,—,"否；保留来源，复制到 production 后再加工 / No; preserve origin, copy into production to edit",不直接打包 / Never pack directly
38,5,art/ai_generated/slices/2026-07-29/core-battle-ui-chroma-textless-v02/top/,art/ai_generated/slices/2026-07-29/core-battle-ui-chroma-textless-v02/,AI 原始产物 / AI Original,生产/历史资源 / Production or historical,6,6,0,—,—,"否；保留来源，复制到 production 后再加工 / No; preserve origin, copy into production to edit",不直接打包 / Never pack directly
39,4,art/ai_generated/slices/2026-07-29/core-battle-ui-chroma-textless-v03/,art/ai_generated/slices/2026-07-29/,AI 原始产物 / AI Original,生产/历史资源 / Production or historical,1,12,0,—,—,"否；保留来源，复制到 production 后再加工 / No; preserve origin, copy into production to edit",不直接打包 / Never pack directly
40,5,art/ai_generated/slices/2026-07-29/core-battle-ui-chroma-textless-v03/bottom/,art/ai_generated/slices/2026-07-29/core-battle-ui-chroma-textless-v03/,AI 原始产物 / AI Original,生产/历史资源 / Production or historical,6,6,0,—,—,"否；保留来源，复制到 production 后再加工 / No; preserve origin, copy into production to edit",不直接打包 / Never pack directly
41,5,art/ai_generated/slices/2026-07-29/core-battle-ui-chroma-textless-v03/top/,art/ai_generated/slices/2026-07-29/core-battle-ui-chroma-textless-v03/,AI 原始产物 / AI Original,生产/历史资源 / Production or historical,6,6,0,—,—,"否；保留来源，复制到 production 后再加工 / No; preserve origin, copy into production to edit",不直接打包 / Never pack directly
42,4,art/ai_generated/slices/2026-07-29/core-battle-ui-hd-v01/,art/ai_generated/slices/2026-07-29/,AI 原始产物 / AI Original,生产/历史资源 / Production or historical,2,18,0,—,—,"否；保留来源，复制到 production 后再加工 / No; preserve origin, copy into production to edit",不直接打包 / Never pack directly
43,5,art/ai_generated/slices/2026-07-29/core-battle-ui-hd-v01/bottom/,art/ai_generated/slices/2026-07-29/core-battle-ui-hd-v01/,AI 原始产物 / AI Original,生产/历史资源 / Production or historical,4,4,0,—,—,"否；保留来源，复制到 production 后再加工 / No; preserve origin, copy into production to edit",不直接打包 / Never pack directly
44,5,art/ai_generated/slices/2026-07-29/core-battle-ui-hd-v01/core/,art/ai_generated/slices/2026-07-29/core-battle-ui-hd-v01/,AI 原始产物 / AI Original,生产/历史资源 / Production or historical,2,2,0,—,—,"否；保留来源，复制到 production 后再加工 / No; preserve origin, copy into production to edit",不直接打包 / Never pack directly
45,5,art/ai_generated/slices/2026-07-29/core-battle-ui-hd-v01/runtime_bases/,art/ai_generated/slices/2026-07-29/core-battle-ui-hd-v01/,AI 原始产物 / AI Original,生产/历史资源 / Production or historical,8,8,0,—,—,"否；保留来源，复制到 production 后再加工 / No; preserve origin, copy into production to edit",不直接打包 / Never pack directly
46,5,art/ai_generated/slices/2026-07-29/core-battle-ui-hd-v01/top/,art/ai_generated/slices/2026-07-29/core-battle-ui-hd-v01/,AI 原始产物 / AI Original,生产/历史资源 / Production or historical,4,4,0,—,—,"否；保留来源，复制到 production 后再加工 / No; preserve origin, copy into production to edit",不直接打包 / Never pack directly
47,2,art/ai_generated/ui/,art/ai_generated/,AI 原始产物 / AI Original,生产/历史资源 / Production or historical,0,49,0,—,—,"否；保留来源，复制到 production 后再加工 / No; preserve origin, copy into production to edit",不直接打包 / Never pack directly
48,3,art/ai_generated/ui/2026-07-30/,art/ai_generated/ui/,AI 原始产物 / AI Original,生产/历史资源 / Production or historical,0,43,0,—,—,"否；保留来源，复制到 production 后再加工 / No; preserve origin, copy into production to edit",不直接打包 / Never pack directly
49,4,art/ai_generated/ui/2026-07-30/battle-board-base-hd-v01/,art/ai_generated/ui/2026-07-30/,AI 原始产物 / AI Original,生产/历史资源 / Production or historical,7,6,0,—,—,"否；保留来源，复制到 production 后再加工 / No; preserve origin, copy into production to edit",不直接打包 / Never pack directly
50,4,art/ai_generated/ui/2026-07-30/battle-bottom-hud-hd-v01/,art/ai_generated/ui/2026-07-30/,AI 原始产物 / AI Original,生产/历史资源 / Production or historical,16,16,0,—,—,"否；保留来源，复制到 production 后再加工 / No; preserve origin, copy into production to edit",不直接打包 / Never pack directly
51,4,art/ai_generated/ui/2026-07-30/battle-bottom-hud-hd-v02/,art/ai_generated/ui/2026-07-30/,AI 原始产物 / AI Original,生产/历史资源 / Production or historical,13,12,0,—,—,"否；保留来源，复制到 production 后再加工 / No; preserve origin, copy into production to edit",不直接打包 / Never pack directly
52,4,art/ai_generated/ui/2026-07-30/battle-top-hud-hd-v01/,art/ai_generated/ui/2026-07-30/,AI 原始产物 / AI Original,生产/历史资源 / Production or historical,7,7,0,—,—,"否；保留来源，复制到 production 后再加工 / No; preserve origin, copy into production to edit",不直接打包 / Never pack directly
53,4,art/ai_generated/ui/2026-07-30/item-choice-modal-v01/,art/ai_generated/ui/2026-07-30/,AI 原始产物 / AI Original,生产/历史资源 / Production or historical,3,2,0,—,—,"否；保留来源，复制到 production 后再加工 / No; preserve origin, copy into production to edit",不直接打包 / Never pack directly
54,3,art/ai_generated/ui/2026-08-05/,art/ai_generated/ui/,AI 原始产物 / AI Original,生产/历史资源 / Production or historical,0,6,0,—,—,"否；保留来源，复制到 production 后再加工 / No; preserve origin, copy into production to edit",不直接打包 / Never pack directly
55,4,art/ai_generated/ui/2026-08-05/item-choice-modal-hd-v01/,art/ai_generated/ui/2026-08-05/,AI 原始产物 / AI Original,生产/历史资源 / Production or historical,5,6,0,—,—,"否；保留来源，复制到 production 后再加工 / No; preserve origin, copy into production to edit",不直接打包 / Never pack directly
56,5,art/ai_generated/ui/2026-08-05/item-choice-modal-hd-v01/20260805_item_choice_modal_hires_v01/,art/ai_generated/ui/2026-08-05/item-choice-modal-hd-v01/,AI 原始产物 / AI Original,生产/历史资源 / Production or historical,4,3,0,—,—,"否；保留来源，复制到 production 后再加工 / No; preserve origin, copy into production to edit",不直接打包 / Never pack directly
57,1,art/production/,art/,历史来源 / Historical Source,生产/历史资源 / Production or historical,8,625,0,—,—,否；只作溯源与审核 / No; traceability and review only,不直接打包 / Never pack directly
58,2,art/production/characters/,art/production/,生产可编辑源 / Editable Production Source,生产/历史资源 / Production or historical,0,78,0,—,—,是；此处是美术修改入口 / Yes; art-editing entry point,runtime_atlas_sources/** 修改后运行图集构建
59,3,art/production/characters/runtime_atlas_sources/,art/production/characters/,生产可编辑源 / Editable Production Source,生产/历史资源 / Production or historical,0,78,0,—,—,是；此处是美术修改入口 / Yes; art-editing entry point,runtime_atlas_sources/** 修改后运行图集构建
60,4,art/production/characters/runtime_atlas_sources/2026-08-20/,art/production/characters/runtime_atlas_sources/,生产可编辑源 / Editable Production Source,生产/历史资源 / Production or historical,0,78,0,—,—,是；此处是美术修改入口 / Yes; art-editing entry point,runtime_atlas_sources/** 修改后运行图集构建
61,5,art/production/characters/runtime_atlas_sources/2026-08-20/die/,art/production/characters/runtime_atlas_sources/2026-08-20/,生产可编辑源 / Editable Production Source,生产/历史资源 / Production or historical,19,19,0,—,—,是；此处是美术修改入口 / Yes; art-editing entry point,runtime_atlas_sources/** 修改后运行图集构建
62,5,art/production/characters/runtime_atlas_sources/2026-08-20/slime_stage_01/,art/production/characters/runtime_atlas_sources/2026-08-20/,生产可编辑源 / Editable Production Source,生产/历史资源 / Production or historical,0,26,0,—,—,是；此处是美术修改入口 / Yes; art-editing entry point,runtime_atlas_sources/** 修改后运行图集构建
63,6,art/production/characters/runtime_atlas_sources/2026-08-20/slime_stage_01/hit/,art/production/characters/runtime_atlas_sources/2026-08-20/slime_stage_01/,生产可编辑源 / Editable Production Source,生产/历史资源 / Production or historical,8,8,0,—,—,是；此处是美术修改入口 / Yes; art-editing entry point,runtime_atlas_sources/** 修改后运行图集构建
64,6,art/production/characters/runtime_atlas_sources/2026-08-20/slime_stage_01/walk/,art/production/characters/runtime_atlas_sources/2026-08-20/slime_stage_01/,生产可编辑源 / Editable Production Source,生产/历史资源 / Production or historical,18,18,0,—,—,是；此处是美术修改入口 / Yes; art-editing entry point,runtime_atlas_sources/** 修改后运行图集构建
65,5,art/production/characters/runtime_atlas_sources/2026-08-20/xingzou_boos/,art/production/characters/runtime_atlas_sources/2026-08-20/,生产可编辑源 / Editable Production Source,生产/历史资源 / Production or historical,33,33,0,—,—,是；此处是美术修改入口 / Yes; art-editing entry point,runtime_atlas_sources/** 修改后运行图集构建
66,2,art/production/fx/,art/production/,生产可编辑源 / Editable Production Source,生产/历史资源 / Production or historical,0,36,0,—,—,是；此处是美术修改入口 / Yes; art-editing entry point,runtime_atlas_sources/** 修改后运行图集构建
67,3,art/production/fx/crystal_tower/,art/production/fx/,生产可编辑源 / Editable Production Source,空目录或仅含非总账文件 / Empty or non-catalog files only,2,0,0,—,—,是；此处是美术修改入口 / Yes; art-editing entry point,runtime_atlas_sources/** 修改后运行图集构建
68,4,art/production/fx/crystal_tower/raw_imagegen/,art/production/fx/crystal_tower/,生产可编辑源 / Editable Production Source,空目录或仅含非总账文件 / Empty or non-catalog files only,2,0,0,—,—,是；此处是美术修改入口 / Yes; art-editing entry point,runtime_atlas_sources/** 修改后运行图集构建
69,3,art/production/fx/runtime_atlas_sources/,art/production/fx/,生产可编辑源 / Editable Production Source,生产/历史资源 / Production or historical,0,36,0,—,—,是；此处是美术修改入口 / Yes; art-editing entry point,runtime_atlas_sources/** 修改后运行图集构建
70,4,art/production/fx/runtime_atlas_sources/2026-08-20/,art/production/fx/runtime_atlas_sources/,生产可编辑源 / Editable Production Source,生产/历史资源 / Production or historical,0,36,0,—,—,是；此处是美术修改入口 / Yes; art-editing entry point,runtime_atlas_sources/** 修改后运行图集构建
71,5,art/production/fx/runtime_atlas_sources/2026-08-20/lightning_beam/,art/production/fx/runtime_atlas_sources/2026-08-20/,生产可编辑源 / Editable Production Source,生产/历史资源 / Production or historical,3,3,0,—,—,是；此处是美术修改入口 / Yes; art-editing entry point,runtime_atlas_sources/** 修改后运行图集构建
72,5,art/production/fx/runtime_atlas_sources/2026-08-20/merge/,art/production/fx/runtime_atlas_sources/2026-08-20/,生产可编辑源 / Editable Production Source,生产/历史资源 / Production or historical,13,13,0,—,—,是；此处是美术修改入口 / Yes; art-editing entry point,runtime_atlas_sources/** 修改后运行图集构建
73,5,art/production/fx/runtime_atlas_sources/2026-08-20/portal/,art/production/fx/runtime_atlas_sources/2026-08-20/,生产可编辑源 / Editable Production Source,生产/历史资源 / Production or historical,20,20,0,—,—,是；此处是美术修改入口 / Yes; art-editing entry point,runtime_atlas_sources/** 修改后运行图集构建
74,2,art/production/lobby/,art/production/,生产可编辑源 / Editable Production Source,生产/历史资源 / Production or historical,0,74,0,assets/runtime/ui/interfaces/main_hub/backplates,—,是；此处是美术修改入口 / Yes; art-editing entry point,runtime_atlas_sources/** 修改后运行图集构建
75,3,art/production/lobby/2026-08-08_lobby_hd_reset_and_cutout_v01/,art/production/lobby/,生产可编辑源 / Editable Production Source,生产/历史资源 / Production or historical,1,51,0,assets/runtime/ui/interfaces/main_hub/backplates,—,是；此处是美术修改入口 / Yes; art-editing entry point,runtime_atlas_sources/** 修改后运行图集构建
76,4,art/production/lobby/2026-08-08_lobby_hd_reset_and_cutout_v01/chroma/,art/production/lobby/2026-08-08_lobby_hd_reset_and_cutout_v01/,生产可编辑源 / Editable Production Source,生产/历史资源 / Production or historical,6,6,0,—,—,是；此处是美术修改入口 / Yes; art-editing entry point,runtime_atlas_sources/** 修改后运行图集构建
77,4,art/production/lobby/2026-08-08_lobby_hd_reset_and_cutout_v01/cutouts/,art/production/lobby/2026-08-08_lobby_hd_reset_and_cutout_v01/,生产可编辑源 / Editable Production Source,生产/历史资源 / Production or historical,4,29,0,assets/runtime/ui/interfaces/main_hub/backplates,—,是；此处是美术修改入口 / Yes; art-editing entry point,runtime_atlas_sources/** 修改后运行图集构建
78,5,art/production/lobby/2026-08-08_lobby_hd_reset_and_cutout_v01/cutouts/frames/,art/production/lobby/2026-08-08_lobby_hd_reset_and_cutout_v01/cutouts/,生产可编辑源 / Editable Production Source,生产/历史资源 / Production or historical,10,10,0,assets/runtime/ui/interfaces/main_hub/backplates,—,是；此处是美术修改入口 / Yes; art-editing entry point,runtime_atlas_sources/** 修改后运行图集构建
79,5,art/production/lobby/2026-08-08_lobby_hd_reset_and_cutout_v01/cutouts/icons/,art/production/lobby/2026-08-08_lobby_hd_reset_and_cutout_v01/cutouts/,生产可编辑源 / Editable Production Source,生产/历史资源 / Production or historical,15,15,0,—,—,是；此处是美术修改入口 / Yes; art-editing entry point,runtime_atlas_sources/** 修改后运行图集构建
80,4,art/production/lobby/2026-08-08_lobby_hd_reset_and_cutout_v01/previews/,art/production/lobby/2026-08-08_lobby_hd_reset_and_cutout_v01/,生产可编辑源 / Editable Production Source,生产/历史资源 / Production or historical,2,2,0,—,—,是；此处是美术修改入口 / Yes; art-editing entry point,runtime_atlas_sources/** 修改后运行图集构建
81,4,art/production/lobby/2026-08-08_lobby_hd_reset_and_cutout_v01/qa/,art/production/lobby/2026-08-08_lobby_hd_reset_and_cutout_v01/,生产可编辑源 / Editable Production Source,生产/历史资源 / Production or historical,10,13,0,—,—,是；此处是美术修改入口 / Yes; art-editing entry point,runtime_atlas_sources/** 修改后运行图集构建
82,5,art/production/lobby/2026-08-08_lobby_hd_reset_and_cutout_v01/qa/rejected/,art/production/lobby/2026-08-08_lobby_hd_reset_and_cutout_v01/qa/,生产可编辑源 / Editable Production Source,生产/历史资源 / Production or historical,3,3,0,—,—,是；此处是美术修改入口 / Yes; art-editing entry point,runtime_atlas_sources/** 修改后运行图集构建
83,4,art/production/lobby/2026-08-08_lobby_hd_reset_and_cutout_v01/source/,art/production/lobby/2026-08-08_lobby_hd_reset_and_cutout_v01/,生产可编辑源 / Editable Production Source,生产/历史资源 / Production or historical,1,1,0,—,—,是；此处是美术修改入口 / Yes; art-editing entry point,runtime_atlas_sources/** 修改后运行图集构建
84,3,art/production/lobby/2026-08-09_crystal_stage_background_v01/,art/production/lobby/,生产可编辑源 / Editable Production Source,生产/历史资源 / Production or historical,1,19,0,—,—,是；此处是美术修改入口 / Yes; art-editing entry point,runtime_atlas_sources/** 修改后运行图集构建
85,4,art/production/lobby/2026-08-09_crystal_stage_background_v01/chroma/,art/production/lobby/2026-08-09_crystal_stage_background_v01/,生产可编辑源 / Editable Production Source,生产/历史资源 / Production or historical,1,1,0,—,—,是；此处是美术修改入口 / Yes; art-editing entry point,runtime_atlas_sources/** 修改后运行图集构建
86,4,art/production/lobby/2026-08-09_crystal_stage_background_v01/cutouts/,art/production/lobby/2026-08-09_crystal_stage_background_v01/,生产可编辑源 / Editable Production Source,生产/历史资源 / Production or historical,2,2,0,—,—,是；此处是美术修改入口 / Yes; art-editing entry point,runtime_atlas_sources/** 修改后运行图集构建
87,4,art/production/lobby/2026-08-09_crystal_stage_background_v01/previews/,art/production/lobby/2026-08-09_crystal_stage_background_v01/,生产可编辑源 / Editable Production Source,生产/历史资源 / Production or historical,1,1,0,—,—,是；此处是美术修改入口 / Yes; art-editing entry point,runtime_atlas_sources/** 修改后运行图集构建
88,4,art/production/lobby/2026-08-09_crystal_stage_background_v01/qa/,art/production/lobby/2026-08-09_crystal_stage_background_v01/,生产可编辑源 / Editable Production Source,生产/历史资源 / Production or historical,12,14,0,—,—,是；此处是美术修改入口 / Yes; art-editing entry point,runtime_atlas_sources/** 修改后运行图集构建
89,5,art/production/lobby/2026-08-09_crystal_stage_background_v01/qa/rejected/,art/production/lobby/2026-08-09_crystal_stage_background_v01/qa/,生产可编辑源 / Editable Production Source,生产/历史资源 / Production or historical,2,2,0,—,—,是；此处是美术修改入口 / Yes; art-editing entry point,runtime_atlas_sources/** 修改后运行图集构建
90,4,art/production/lobby/2026-08-09_crystal_stage_background_v01/source/,art/production/lobby/2026-08-09_crystal_stage_background_v01/,生产可编辑源 / Editable Production Source,生产/历史资源 / Production or historical,1,1,0,—,—,是；此处是美术修改入口 / Yes; art-editing entry point,runtime_atlas_sources/** 修改后运行图集构建
91,3,art/production/lobby/2026-08-16_main_hub_runtime_alignment_v01/,art/production/lobby/,生产可编辑源 / Editable Production Source,生产/历史资源 / Production or historical,4,4,0,—,—,是；此处是美术修改入口 / Yes; art-editing entry point,runtime_atlas_sources/** 修改后运行图集构建
92,2,art/production/ui/,art/production/,生产可编辑源 / Editable Production Source,生产/历史资源 / Production or historical,0,437,0,assets/runtime/ui/daily_program_composition_v01/icons | assets/runtime/ui/interfaces,—,是；此处是美术修改入口 / Yes; art-editing entry point,runtime_atlas_sources/** 修改后运行图集构建
93,3,art/production/ui/benefits_popup/,art/production/ui/,生产可编辑源 / Editable Production Source,生产/历史资源 / Production or historical,1,17,0,assets/runtime/ui/interfaces/benefits/backplates,—,是；此处是美术修改入口 / Yes; art-editing entry point,runtime_atlas_sources/** 修改后运行图集构建
94,4,art/production/ui/benefits_popup/2026-08-16_program_composition_cutouts_v01/,art/production/ui/benefits_popup/,生产可编辑源 / Editable Production Source,生产/历史资源 / Production or historical,4,17,0,assets/runtime/ui/interfaces/benefits/backplates,—,是；此处是美术修改入口 / Yes; art-editing entry point,runtime_atlas_sources/** 修改后运行图集构建
95,5,art/production/ui/benefits_popup/2026-08-16_program_composition_cutouts_v01/cutouts/,art/production/ui/benefits_popup/2026-08-16_program_composition_cutouts_v01/,生产可编辑源 / Editable Production Source,生产/历史资源 / Production or historical,0,8,0,assets/runtime/ui/interfaces/benefits/backplates,—,是；此处是美术修改入口 / Yes; art-editing entry point,runtime_atlas_sources/** 修改后运行图集构建
96,6,art/production/ui/benefits_popup/2026-08-16_program_composition_cutouts_v01/cutouts/backplates/,art/production/ui/benefits_popup/2026-08-16_program_composition_cutouts_v01/cutouts/,生产可编辑源 / Editable Production Source,生产/历史资源 / Production or historical,5,5,0,assets/runtime/ui/interfaces/benefits/backplates,—,是；此处是美术修改入口 / Yes; art-editing entry point,runtime_atlas_sources/** 修改后运行图集构建
97,6,art/production/ui/benefits_popup/2026-08-16_program_composition_cutouts_v01/cutouts/icons/,art/production/ui/benefits_popup/2026-08-16_program_composition_cutouts_v01/cutouts/,生产可编辑源 / Editable Production Source,生产/历史资源 / Production or historical,3,3,0,assets/runtime/ui/interfaces/benefits/icons,—,是；此处是美术修改入口 / Yes; art-editing entry point,runtime_atlas_sources/** 修改后运行图集构建
98,5,art/production/ui/benefits_popup/2026-08-16_program_composition_cutouts_v01/previews/,art/production/ui/benefits_popup/2026-08-16_program_composition_cutouts_v01/,生产可编辑源 / Editable Production Source,生产/历史资源 / Production or historical,1,1,0,—,—,是；此处是美术修改入口 / Yes; art-editing entry point,runtime_atlas_sources/** 修改后运行图集构建
99,5,art/production/ui/benefits_popup/2026-08-16_program_composition_cutouts_v01/qa/,art/production/ui/benefits_popup/2026-08-16_program_composition_cutouts_v01/,生产可编辑源 / Editable Production Source,生产/历史资源 / Production or historical,4,4,0,—,—,是；此处是美术修改入口 / Yes; art-editing entry point,runtime_atlas_sources/** 修改后运行图集构建
100,5,art/production/ui/benefits_popup/2026-08-16_program_composition_cutouts_v01/source/,art/production/ui/benefits_popup/2026-08-16_program_composition_cutouts_v01/,生产可编辑源 / Editable Production Source,生产/历史资源 / Production or historical,4,4,0,—,—,是；此处是美术修改入口 / Yes; art-editing entry point,runtime_atlas_sources/** 修改后运行图集构建
101,3,art/production/ui/chapter01/,art/production/ui/,生产可编辑源 / Editable Production Source,生产/历史资源 / Production or historical,2,191,0,assets/runtime/ui/interfaces/battle_pause/backplates | assets/runtime/ui/interfaces/exit_confirm/backplates | assets/runtime/ui/interfaces/first_purchase/backplates,—,是；此处是美术修改入口 / Yes; art-editing entry point,runtime_atlas_sources/** 修改后运行图集构建
102,4,art/production/ui/chapter01/2026-08-13_centered_interfaces_complete_v02/,art/production/ui/chapter01/,生产可编辑源 / Editable Production Source,生产/历史资源 / Production or historical,2,118,0,assets/runtime/ui/interfaces/first_purchase/decorations | assets/runtime/ui/interfaces/first_purchase/rewards | assets/runtime/ui/interfaces/settings/controls,—,是；此处是美术修改入口 / Yes; art-editing entry point,runtime_atlas_sources/** 修改后运行图集构建
103,5,art/production/ui/chapter01/2026-08-13_centered_interfaces_complete_v02/cutouts/,art/production/ui/chapter01/2026-08-13_centered_interfaces_complete_v02/,生产可编辑源 / Editable Production Source,生产/历史资源 / Production or historical,0,104,0,assets/runtime/ui/interfaces/first_purchase/decorations | assets/runtime/ui/interfaces/first_purchase/rewards | assets/runtime/ui/interfaces/settings/controls,—,是；此处是美术修改入口 / Yes; art-editing entry point,runtime_atlas_sources/** 修改后运行图集构建
104,6,art/production/ui/chapter01/2026-08-13_centered_interfaces_complete_v02/cutouts/elements/,art/production/ui/chapter01/2026-08-13_centered_interfaces_complete_v02/cutouts/,生产可编辑源 / Editable Production Source,生产/历史资源 / Production or historical,0,94,0,assets/runtime/ui/interfaces/first_purchase/decorations | assets/runtime/ui/interfaces/first_purchase/rewards | assets/runtime/ui/interfaces/settings/controls,—,是；此处是美术修改入口 / Yes; art-editing entry point,runtime_atlas_sources/** 修改后运行图集构建
105,7,art/production/ui/chapter01/2026-08-13_centered_interfaces_complete_v02/cutouts/elements/common/,art/production/ui/chapter01/2026-08-13_centered_interfaces_complete_v02/cutouts/elements/,生产可编辑源 / Editable Production Source,生产/历史资源 / Production or historical,20,20,0,assets/runtime/ui/interfaces/settings/controls | assets/runtime/ui/secondary_centered_v04/elements/common,—,是；此处是美术修改入口 / Yes; art-editing entry point,runtime_atlas_sources/** 修改后运行图集构建
106,7,art/production/ui/chapter01/2026-08-13_centered_interfaces_complete_v02/cutouts/elements/icons/,art/production/ui/chapter01/2026-08-13_centered_interfaces_complete_v02/cutouts/elements/,生产可编辑源 / Editable Production Source,生产/历史资源 / Production or historical,24,33,0,assets/runtime/ui/interfaces/shop/icons | assets/runtime/ui/secondary_centered_v04/elements/icons,—,是；此处是美术修改入口 / Yes; art-editing entry point,runtime_atlas_sources/** 修改后运行图集构建
107,8,art/production/ui/chapter01/2026-08-13_centered_interfaces_complete_v02/cutouts/elements/icons/settings/,art/production/ui/chapter01/2026-08-13_centered_interfaces_complete_v02/cutouts/elements/icons/,生产可编辑源 / Editable Production Source,生产/历史资源 / Production or historical,9,9,0,assets/runtime/ui/secondary_centered_v04/elements/icons | assets/runtime/ui/secondary_centered_v04/elements/icons/settings,—,是；此处是美术修改入口 / Yes; art-editing entry point,runtime_atlas_sources/** 修改后运行图集构建
108,7,art/production/ui/chapter01/2026-08-13_centered_interfaces_complete_v02/cutouts/elements/pages/,art/production/ui/chapter01/2026-08-13_centered_interfaces_complete_v02/cutouts/elements/,生产可编辑源 / Editable Production Source,生产/历史资源 / Production or historical,0,41,0,assets/runtime/ui/interfaces/first_purchase/decorations | assets/runtime/ui/interfaces/first_purchase/rewards | assets/runtime/ui/interfaces/shop/icons,—,是；此处是美术修改入口 / Yes; art-editing entry point,runtime_atlas_sources/** 修改后运行图集构建
109,8,art/production/ui/chapter01/2026-08-13_centered_interfaces_complete_v02/cutouts/elements/pages/commerce/,art/production/ui/chapter01/2026-08-13_centered_interfaces_complete_v02/cutouts/elements/pages/,生产可编辑源 / Editable Production Source,生产/历史资源 / Production or historical,12,12,0,assets/runtime/ui/interfaces/first_purchase/decorations | assets/runtime/ui/interfaces/first_purchase/rewards | assets/runtime/ui/secondary_centered_v04/elements/pages/commerce,—,是；此处是美术修改入口 / Yes; art-editing entry point,runtime_atlas_sources/** 修改后运行图集构建
110,8,art/production/ui/chapter01/2026-08-13_centered_interfaces_complete_v02/cutouts/elements/pages/daily/,art/production/ui/chapter01/2026-08-13_centered_interfaces_complete_v02/cutouts/elements/pages/,生产可编辑源 / Editable Production Source,生产/历史资源 / Production or historical,9,9,0,assets/runtime/ui/secondary_centered_v04/elements/pages/daily,—,是；此处是美术修改入口 / Yes; art-editing entry point,runtime_atlas_sources/** 修改后运行图集构建
111,8,art/production/ui/chapter01/2026-08-13_centered_interfaces_complete_v02/cutouts/elements/pages/pause/,art/production/ui/chapter01/2026-08-13_centered_interfaces_complete_v02/cutouts/elements/pages/,生产可编辑源 / Editable Production Source,生产/历史资源 / Production or historical,2,2,0,assets/runtime/ui/secondary_centered_v04/elements/pages/pause,—,是；此处是美术修改入口 / Yes; art-editing entry point,runtime_atlas_sources/** 修改后运行图集构建
112,8,art/production/ui/chapter01/2026-08-13_centered_interfaces_complete_v02/cutouts/elements/pages/shop/,art/production/ui/chapter01/2026-08-13_centered_interfaces_complete_v02/cutouts/elements/pages/,生产可编辑源 / Editable Production Source,生产/历史资源 / Production or historical,18,18,0,assets/runtime/ui/interfaces/shop/icons | assets/runtime/ui/secondary_centered_v04/elements/pages/shop,—,是；此处是美术修改入口 / Yes; art-editing entry point,runtime_atlas_sources/** 修改后运行图集构建
113,6,art/production/ui/chapter01/2026-08-13_centered_interfaces_complete_v02/cutouts/frames/,art/production/ui/chapter01/2026-08-13_centered_interfaces_complete_v02/cutouts/,生产可编辑源 / Editable Production Source,生产/历史资源 / Production or historical,10,10,0,—,—,是；此处是美术修改入口 / Yes; art-editing entry point,runtime_atlas_sources/** 修改后运行图集构建
114,5,art/production/ui/chapter01/2026-08-13_centered_interfaces_complete_v02/previews/,art/production/ui/chapter01/2026-08-13_centered_interfaces_complete_v02/,生产可编辑源 / Editable Production Source,生产/历史资源 / Production or historical,0,10,0,—,—,是；此处是美术修改入口 / Yes; art-editing entry point,runtime_atlas_sources/** 修改后运行图集构建
115,6,art/production/ui/chapter01/2026-08-13_centered_interfaces_complete_v02/previews/implementation_previews/,art/production/ui/chapter01/2026-08-13_centered_interfaces_complete_v02/previews/,生产可编辑源 / Editable Production Source,生产/历史资源 / Production or historical,10,10,0,—,—,是；此处是美术修改入口 / Yes; art-editing entry point,runtime_atlas_sources/** 修改后运行图集构建
116,5,art/production/ui/chapter01/2026-08-13_centered_interfaces_complete_v02/qa/,art/production/ui/chapter01/2026-08-13_centered_interfaces_complete_v02/,生产可编辑源 / Editable Production Source,生产/历史资源 / Production or historical,4,4,0,—,—,是；此处是美术修改入口 / Yes; art-editing entry point,runtime_atlas_sources/** 修改后运行图集构建
117,4,art/production/ui/chapter01/2026-08-13_centered_interfaces_complete_v03/,art/production/ui/chapter01/,生产可编辑源 / Editable Production Source,生产/历史资源 / Production or historical,2,31,0,—,—,是；此处是美术修改入口 / Yes; art-editing entry point,runtime_atlas_sources/** 修改后运行图集构建
118,5,art/production/ui/chapter01/2026-08-13_centered_interfaces_complete_v03/masters_alpha_2160x3840/,art/production/ui/chapter01/2026-08-13_centered_interfaces_complete_v03/,生产可编辑源 / Editable Production Source,生产/历史资源 / Production or historical,10,10,0,—,—,是；此处是美术修改入口 / Yes; art-editing entry point,runtime_atlas_sources/** 修改后运行图集构建
119,5,art/production/ui/chapter01/2026-08-13_centered_interfaces_complete_v03/masters_chroma_2160x3840/,art/production/ui/chapter01/2026-08-13_centered_interfaces_complete_v03/,生产可编辑源 / Editable Production Source,生产/历史资源 / Production or historical,10,10,0,—,—,是；此处是美术修改入口 / Yes; art-editing entry point,runtime_atlas_sources/** 修改后运行图集构建
120,5,art/production/ui/chapter01/2026-08-13_centered_interfaces_complete_v03/qa/,art/production/ui/chapter01/2026-08-13_centered_interfaces_complete_v03/,生产可编辑源 / Editable Production Source,生产/历史资源 / Production or historical,2,11,0,—,—,是；此处是美术修改入口 / Yes; art-editing entry point,runtime_atlas_sources/** 修改后运行图集构建
121,6,art/production/ui/chapter01/2026-08-13_centered_interfaces_complete_v03/qa/runtime_941x1672/,art/production/ui/chapter01/2026-08-13_centered_interfaces_complete_v03/qa/,生产可编辑源 / Editable Production Source,生产/历史资源 / Production or historical,10,10,0,—,—,是；此处是美术修改入口 / Yes; art-editing entry point,runtime_atlas_sources/** 修改后运行图集构建
122,4,art/production/ui/chapter01/2026-08-13_centered_interfaces_runtime_v04/,art/production/ui/chapter01/,生产可编辑源 / Editable Production Source,生产/历史资源 / Production or historical,1,20,0,assets/runtime/ui/interfaces/battle_pause/backplates | assets/runtime/ui/interfaces/exit_confirm/backplates | assets/runtime/ui/interfaces/first_purchase/backplates,—,是；此处是美术修改入口 / Yes; art-editing entry point,runtime_atlas_sources/** 修改后运行图集构建
123,5,art/production/ui/chapter01/2026-08-13_centered_interfaces_runtime_v04/qa/,art/production/ui/chapter01/2026-08-13_centered_interfaces_runtime_v04/,生产可编辑源 / Editable Production Source,生产/历史资源 / Production or historical,0,20,0,assets/runtime/ui/interfaces/battle_pause/backplates | assets/runtime/ui/interfaces/exit_confirm/backplates | assets/runtime/ui/interfaces/first_purchase/backplates,—,是；此处是美术修改入口 / Yes; art-editing entry point,runtime_atlas_sources/** 修改后运行图集构建
124,6,art/production/ui/chapter01/2026-08-13_centered_interfaces_runtime_v04/qa/edge/,art/production/ui/chapter01/2026-08-13_centered_interfaces_runtime_v04/qa/,生产可编辑源 / Editable Production Source,生产/历史资源 / Production or historical,10,10,0,assets/runtime/ui/interfaces/battle_pause/backplates | assets/runtime/ui/interfaces/exit_confirm/backplates | assets/runtime/ui/interfaces/first_purchase/backplates,—,是；此处是美术修改入口 / Yes; art-editing entry point,runtime_atlas_sources/** 修改后运行图集构建
125,6,art/production/ui/chapter01/2026-08-13_centered_interfaces_runtime_v04/qa/runtime_941x1672/,art/production/ui/chapter01/2026-08-13_centered_interfaces_runtime_v04/qa/,生产可编辑源 / Editable Production Source,生产/历史资源 / Production or historical,10,10,0,—,—,是；此处是美术修改入口 / Yes; art-editing entry point,runtime_atlas_sources/** 修改后运行图集构建
126,4,art/production/ui/chapter01/2026-08-13_centered_interfaces_v01/,art/production/ui/chapter01/,生产可编辑源 / Editable Production Source,生产/历史资源 / Production or historical,2,11,0,—,—,是；此处是美术修改入口 / Yes; art-editing entry point,runtime_atlas_sources/** 修改后运行图集构建
127,5,art/production/ui/chapter01/2026-08-13_centered_interfaces_v01/qa/,art/production/ui/chapter01/2026-08-13_centered_interfaces_v01/,生产可编辑源 / Editable Production Source,生产/历史资源 / Production or historical,1,1,0,—,—,是；此处是美术修改入口 / Yes; art-editing entry point,runtime_atlas_sources/** 修改后运行图集构建
128,5,art/production/ui/chapter01/2026-08-13_centered_interfaces_v01/reference_composites/,art/production/ui/chapter01/2026-08-13_centered_interfaces_v01/,生产可编辑源 / Editable Production Source,生产/历史资源 / Production or historical,10,10,0,—,—,是；此处是美术修改入口 / Yes; art-editing entry point,runtime_atlas_sources/** 修改后运行图集构建
129,5,art/production/ui/chapter01/2026-08-13_centered_interfaces_v01/source/,art/production/ui/chapter01/2026-08-13_centered_interfaces_v01/,生产可编辑源 / Editable Production Source,空目录或仅含非总账文件 / Empty or non-catalog files only,0,0,0,—,—,是；此处是美术修改入口 / Yes; art-editing entry point,runtime_atlas_sources/** 修改后运行图集构建
130,4,art/production/ui/chapter01/2026-08-14_secondary_in_game_acceptance/,art/production/ui/chapter01/,生产可编辑源 / Editable Production Source,生产/历史资源 / Production or historical,0,11,0,—,—,是；此处是美术修改入口 / Yes; art-editing entry point,runtime_atlas_sources/** 修改后运行图集构建
131,5,art/production/ui/chapter01/2026-08-14_secondary_in_game_acceptance/battle/,art/production/ui/chapter01/2026-08-14_secondary_in_game_acceptance/,生产可编辑源 / Editable Production Source,生产/历史资源 / Production or historical,2,2,0,—,—,是；此处是美术修改入口 / Yes; art-editing entry point,runtime_atlas_sources/** 修改后运行图集构建
132,5,art/production/ui/chapter01/2026-08-14_secondary_in_game_acceptance/hub/,art/production/ui/chapter01/2026-08-14_secondary_in_game_acceptance/,生产可编辑源 / Editable Production Source,生产/历史资源 / Production or historical,9,9,0,—,—,是；此处是美术修改入口 / Yes; art-editing entry point,runtime_atlas_sources/** 修改后运行图集构建
133,3,art/production/ui/daily_program_composition/,art/production/ui/,生产可编辑源 / Editable Production Source,生产/历史资源 / Production or historical,0,68,0,assets/runtime/ui/daily_program_composition_v01/icons | assets/runtime/ui/interfaces,—,是；此处是美术修改入口 / Yes; art-editing entry point,runtime_atlas_sources/** 修改后运行图集构建
134,4,art/production/ui/daily_program_composition/2026-08-16_cutouts_v01/,art/production/ui/daily_program_composition/,生产可编辑源 / Editable Production Source,生产/历史资源 / Production or historical,5,37,0,assets/runtime/ui/daily_program_composition_v01/icons | assets/runtime/ui/interfaces,—,是；此处是美术修改入口 / Yes; art-editing entry point,runtime_atlas_sources/** 修改后运行图集构建
135,5,art/production/ui/daily_program_composition/2026-08-16_cutouts_v01/cutouts/,art/production/ui/daily_program_composition/2026-08-16_cutouts_v01/,生产可编辑源 / Editable Production Source,生产/历史资源 / Production or historical,0,23,0,assets/runtime/ui/daily_program_composition_v01/icons | assets/runtime/ui/interfaces,—,是；此处是美术修改入口 / Yes; art-editing entry point,runtime_atlas_sources/** 修改后运行图集构建
136,6,art/production/ui/daily_program_composition/2026-08-16_cutouts_v01/cutouts/backplates/,art/production/ui/daily_program_composition/2026-08-16_cutouts_v01/cutouts/,生产可编辑源 / Editable Production Source,生产/历史资源 / Production or historical,14,14,0,assets/runtime/ui/interfaces/daily_program/backplates,—,是；此处是美术修改入口 / Yes; art-editing entry point,runtime_atlas_sources/** 修改后运行图集构建
137,6,art/production/ui/daily_program_composition/2026-08-16_cutouts_v01/cutouts/icons/,art/production/ui/daily_program_composition/2026-08-16_cutouts_v01/cutouts/,生产可编辑源 / Editable Production Source,生产/历史资源 / Production or historical,9,9,0,assets/runtime/ui/daily_program_composition_v01/icons | assets/runtime/ui/interfaces,—,是；此处是美术修改入口 / Yes; art-editing entry point,runtime_atlas_sources/** 修改后运行图集构建
138,5,art/production/ui/daily_program_composition/2026-08-16_cutouts_v01/previews/,art/production/ui/daily_program_composition/2026-08-16_cutouts_v01/,生产可编辑源 / Editable Production Source,生产/历史资源 / Production or historical,4,4,0,—,—,是；此处是美术修改入口 / Yes; art-editing entry point,runtime_atlas_sources/** 修改后运行图集构建
139,5,art/production/ui/daily_program_composition/2026-08-16_cutouts_v01/qa/,art/production/ui/daily_program_composition/2026-08-16_cutouts_v01/,生产可编辑源 / Editable Production Source,生产/历史资源 / Production or historical,4,4,0,—,—,是；此处是美术修改入口 / Yes; art-editing entry point,runtime_atlas_sources/** 修改后运行图集构建
140,5,art/production/ui/daily_program_composition/2026-08-16_cutouts_v01/source/,art/production/ui/daily_program_composition/2026-08-16_cutouts_v01/,生产可编辑源 / Editable Production Source,生产/历史资源 / Production or historical,6,6,0,—,—,是；此处是美术修改入口 / Yes; art-editing entry point,runtime_atlas_sources/** 修改后运行图集构建
141,4,art/production/ui/daily_program_composition/2026-08-16_cutouts_v02/,art/production/ui/daily_program_composition/,生产可编辑源 / Editable Production Source,生产/历史资源 / Production or historical,1,31,0,assets/runtime/ui/daily_signin_hd_v01 | assets/runtime/ui/interfaces,—,是；此处是美术修改入口 / Yes; art-editing entry point,runtime_atlas_sources/** 修改后运行图集构建
142,5,art/production/ui/daily_program_composition/2026-08-16_cutouts_v02/cutouts/,art/production/ui/daily_program_composition/2026-08-16_cutouts_v02/,生产可编辑源 / Editable Production Source,生产/历史资源 / Production or historical,0,26,0,assets/runtime/ui/daily_signin_hd_v01 | assets/runtime/ui/interfaces,—,是；此处是美术修改入口 / Yes; art-editing entry point,runtime_atlas_sources/** 修改后运行图集构建
143,6,art/production/ui/daily_program_composition/2026-08-16_cutouts_v02/cutouts/backplates/,art/production/ui/daily_program_composition/2026-08-16_cutouts_v02/cutouts/,生产可编辑源 / Editable Production Source,生产/历史资源 / Production or historical,16,16,0,assets/runtime/ui/interfaces/daily_program/backplates,—,是；此处是美术修改入口 / Yes; art-editing entry point,runtime_atlas_sources/** 修改后运行图集构建
144,6,art/production/ui/daily_program_composition/2026-08-16_cutouts_v02/cutouts/icons/,art/production/ui/daily_program_composition/2026-08-16_cutouts_v02/cutouts/,生产可编辑源 / Editable Production Source,生产/历史资源 / Production or historical,10,10,0,assets/runtime/ui/daily_signin_hd_v01 | assets/runtime/ui/interfaces,—,是；此处是美术修改入口 / Yes; art-editing entry point,runtime_atlas_sources/** 修改后运行图集构建
145,5,art/production/ui/daily_program_composition/2026-08-16_cutouts_v02/previews/,art/production/ui/daily_program_composition/2026-08-16_cutouts_v02/,生产可编辑源 / Editable Production Source,生产/历史资源 / Production or historical,4,4,0,—,—,是；此处是美术修改入口 / Yes; art-editing entry point,runtime_atlas_sources/** 修改后运行图集构建
146,5,art/production/ui/daily_program_composition/2026-08-16_cutouts_v02/qa/,art/production/ui/daily_program_composition/2026-08-16_cutouts_v02/,生产可编辑源 / Editable Production Source,生产/历史资源 / Production or historical,1,1,0,—,—,是；此处是美术修改入口 / Yes; art-editing entry point,runtime_atlas_sources/** 修改后运行图集构建
147,3,art/production/ui/daily_signin/,art/production/ui/,生产可编辑源 / Editable Production Source,生产/历史资源 / Production or historical,0,46,0,assets/runtime/ui/daily_signin_hd_v01 | assets/runtime/ui/interfaces,—,是；此处是美术修改入口 / Yes; art-editing entry point,runtime_atlas_sources/** 修改后运行图集构建
148,4,art/production/ui/daily_signin/2026-08-14_cutouts_v01/,art/production/ui/daily_signin/,生产可编辑源 / Editable Production Source,生产/历史资源 / Production or historical,4,46,0,assets/runtime/ui/daily_signin_hd_v01 | assets/runtime/ui/interfaces,—,是；此处是美术修改入口 / Yes; art-editing entry point,runtime_atlas_sources/** 修改后运行图集构建
149,5,art/production/ui/daily_signin/2026-08-14_cutouts_v01/chroma/,art/production/ui/daily_signin/2026-08-14_cutouts_v01/,生产可编辑源 / Editable Production Source,生产/历史资源 / Production or historical,3,3,0,—,—,是；此处是美术修改入口 / Yes; art-editing entry point,runtime_atlas_sources/** 修改后运行图集构建
150,5,art/production/ui/daily_signin/2026-08-14_cutouts_v01/cutouts/,art/production/ui/daily_signin/2026-08-14_cutouts_v01/,生产可编辑源 / Editable Production Source,生产/历史资源 / Production or historical,14,14,0,assets/runtime/ui/daily_signin_hd_v01 | assets/runtime/ui/interfaces,—,是；此处是美术修改入口 / Yes; art-editing entry point,runtime_atlas_sources/** 修改后运行图集构建
151,5,art/production/ui/daily_signin/2026-08-14_cutouts_v01/daily_signin_cutouts_v01/,art/production/ui/daily_signin/2026-08-14_cutouts_v01/,生产可编辑源 / Editable Production Source,生产/历史资源 / Production or historical,7,19,0,—,—,是；此处是美术修改入口 / Yes; art-editing entry point,runtime_atlas_sources/** 修改后运行图集构建
152,6,art/production/ui/daily_signin/2026-08-14_cutouts_v01/daily_signin_cutouts_v01/cutouts/,art/production/ui/daily_signin/2026-08-14_cutouts_v01/daily_signin_cutouts_v01/,生产可编辑源 / Editable Production Source,生产/历史资源 / Production or historical,14,14,0,—,—,是；此处是美术修改入口 / Yes; art-editing entry point,runtime_atlas_sources/** 修改后运行图集构建
153,5,art/production/ui/daily_signin/2026-08-14_cutouts_v01/previews/,art/production/ui/daily_signin/2026-08-14_cutouts_v01/,生产可编辑源 / Editable Production Source,生产/历史资源 / Production or historical,1,1,0,—,—,是；此处是美术修改入口 / Yes; art-editing entry point,runtime_atlas_sources/** 修改后运行图集构建
154,5,art/production/ui/daily_signin/2026-08-14_cutouts_v01/qa/,art/production/ui/daily_signin/2026-08-14_cutouts_v01/,生产可编辑源 / Editable Production Source,生产/历史资源 / Production or historical,5,5,0,—,—,是；此处是美术修改入口 / Yes; art-editing entry point,runtime_atlas_sources/** 修改后运行图集构建
155,5,art/production/ui/daily_signin/2026-08-14_cutouts_v01/source/,art/production/ui/daily_signin/2026-08-14_cutouts_v01/,生产可编辑源 / Editable Production Source,生产/历史资源 / Production or historical,4,4,0,—,—,是；此处是美术修改入口 / Yes; art-editing entry point,runtime_atlas_sources/** 修改后运行图集构建
156,3,art/production/ui/daily_tasks/,art/production/ui/,生产可编辑源 / Editable Production Source,生产/历史资源 / Production or historical,0,25,0,assets/runtime/ui/daily_tasks_hd_v01 | assets/runtime/ui/interfaces,—,是；此处是美术修改入口 / Yes; art-editing entry point,runtime_atlas_sources/** 修改后运行图集构建
157,4,art/production/ui/daily_tasks/2026-08-14_hd_reset_v01/,art/production/ui/daily_tasks/,生产可编辑源 / Editable Production Source,生产/历史资源 / Production or historical,2,25,0,assets/runtime/ui/daily_tasks_hd_v01 | assets/runtime/ui/interfaces,—,是；此处是美术修改入口 / Yes; art-editing entry point,runtime_atlas_sources/** 修改后运行图集构建
158,5,art/production/ui/daily_tasks/2026-08-14_hd_reset_v01/chroma/,art/production/ui/daily_tasks/2026-08-14_hd_reset_v01/,生产可编辑源 / Editable Production Source,生产/历史资源 / Production or historical,3,3,0,—,—,是；此处是美术修改入口 / Yes; art-editing entry point,runtime_atlas_sources/** 修改后运行图集构建
159,5,art/production/ui/daily_tasks/2026-08-14_hd_reset_v01/cutouts/,art/production/ui/daily_tasks/2026-08-14_hd_reset_v01/,生产可编辑源 / Editable Production Source,生产/历史资源 / Production or historical,11,11,0,assets/runtime/ui/daily_tasks_hd_v01 | assets/runtime/ui/interfaces,—,是；此处是美术修改入口 / Yes; art-editing entry point,runtime_atlas_sources/** 修改后运行图集构建
160,5,art/production/ui/daily_tasks/2026-08-14_hd_reset_v01/previews/,art/production/ui/daily_tasks/2026-08-14_hd_reset_v01/,生产可编辑源 / Editable Production Source,生产/历史资源 / Production or historical,2,2,0,—,—,是；此处是美术修改入口 / Yes; art-editing entry point,runtime_atlas_sources/** 修改后运行图集构建
161,5,art/production/ui/daily_tasks/2026-08-14_hd_reset_v01/qa/,art/production/ui/daily_tasks/2026-08-14_hd_reset_v01/,生产可编辑源 / Editable Production Source,生产/历史资源 / Production or historical,5,5,0,—,—,是；此处是美术修改入口 / Yes; art-editing entry point,runtime_atlas_sources/** 修改后运行图集构建
162,5,art/production/ui/daily_tasks/2026-08-14_hd_reset_v01/source/,art/production/ui/daily_tasks/2026-08-14_hd_reset_v01/,生产可编辑源 / Editable Production Source,生产/历史资源 / Production or historical,4,4,0,—,—,是；此处是美术修改入口 / Yes; art-editing entry point,runtime_atlas_sources/** 修改后运行图集构建
163,3,art/production/ui/purchase_confirmation/,art/production/ui/,生产可编辑源 / Editable Production Source,生产/历史资源 / Production or historical,1,18,0,—,—,是；此处是美术修改入口 / Yes; art-editing entry point,runtime_atlas_sources/** 修改后运行图集构建
164,4,art/production/ui/purchase_confirmation/2026-08-20_bundle_cutouts_v01/,art/production/ui/purchase_confirmation/,生产可编辑源 / Editable Production Source,生产/历史资源 / Production or historical,4,18,0,—,—,是；此处是美术修改入口 / Yes; art-editing entry point,runtime_atlas_sources/** 修改后运行图集构建
165,5,art/production/ui/purchase_confirmation/2026-08-20_bundle_cutouts_v01/chroma/,art/production/ui/purchase_confirmation/2026-08-20_bundle_cutouts_v01/,生产可编辑源 / Editable Production Source,生产/历史资源 / Production or historical,2,2,0,—,—,是；此处是美术修改入口 / Yes; art-editing entry point,runtime_atlas_sources/** 修改后运行图集构建
166,5,art/production/ui/purchase_confirmation/2026-08-20_bundle_cutouts_v01/cutouts/,art/production/ui/purchase_confirmation/2026-08-20_bundle_cutouts_v01/,生产可编辑源 / Editable Production Source,生产/历史资源 / Production or historical,0,8,0,—,—,是；此处是美术修改入口 / Yes; art-editing entry point,runtime_atlas_sources/** 修改后运行图集构建
167,6,art/production/ui/purchase_confirmation/2026-08-20_bundle_cutouts_v01/cutouts/backplates/,art/production/ui/purchase_confirmation/2026-08-20_bundle_cutouts_v01/cutouts/,生产可编辑源 / Editable Production Source,生产/历史资源 / Production or historical,6,6,0,—,—,是；此处是美术修改入口 / Yes; art-editing entry point,runtime_atlas_sources/** 修改后运行图集构建
168,6,art/production/ui/purchase_confirmation/2026-08-20_bundle_cutouts_v01/cutouts/icons/,art/production/ui/purchase_confirmation/2026-08-20_bundle_cutouts_v01/cutouts/,生产可编辑源 / Editable Production Source,生产/历史资源 / Production or historical,2,2,0,—,—,是；此处是美术修改入口 / Yes; art-editing entry point,runtime_atlas_sources/** 修改后运行图集构建
169,5,art/production/ui/purchase_confirmation/2026-08-20_bundle_cutouts_v01/previews/,art/production/ui/purchase_confirmation/2026-08-20_bundle_cutouts_v01/,生产可编辑源 / Editable Production Source,生产/历史资源 / Production or historical,1,1,0,—,—,是；此处是美术修改入口 / Yes; art-editing entry point,runtime_atlas_sources/** 修改后运行图集构建
170,5,art/production/ui/purchase_confirmation/2026-08-20_bundle_cutouts_v01/qa/,art/production/ui/purchase_confirmation/2026-08-20_bundle_cutouts_v01/,生产可编辑源 / Editable Production Source,生产/历史资源 / Production or historical,4,4,0,—,—,是；此处是美术修改入口 / Yes; art-editing entry point,runtime_atlas_sources/** 修改后运行图集构建
171,5,art/production/ui/purchase_confirmation/2026-08-20_bundle_cutouts_v01/source/,art/production/ui/purchase_confirmation/2026-08-20_bundle_cutouts_v01/,生产可编辑源 / Editable Production Source,生产/历史资源 / Production or historical,3,3,0,—,—,是；此处是美术修改入口 / Yes; art-editing entry point,runtime_atlas_sources/** 修改后运行图集构建
172,3,art/production/ui/runtime_atlas_sources/,art/production/ui/,生产可编辑源 / Editable Production Source,生产/历史资源 / Production or historical,0,72,0,—,—,是；此处是美术修改入口 / Yes; art-editing entry point,runtime_atlas_sources/** 修改后运行图集构建
173,4,art/production/ui/runtime_atlas_sources/2026-08-20/,art/production/ui/runtime_atlas_sources/,生产可编辑源 / Editable Production Source,生产/历史资源 / Production or historical,3,72,0,—,—,是；此处是美术修改入口 / Yes; art-editing entry point,runtime_atlas_sources/** 修改后运行图集构建
174,5,art/production/ui/runtime_atlas_sources/2026-08-20/board_glyphs/,art/production/ui/runtime_atlas_sources/2026-08-20/,生产可编辑源 / Editable Production Source,生产/历史资源 / Production or historical,36,36,0,—,—,是；此处是美术修改入口 / Yes; art-editing entry point,runtime_atlas_sources/** 修改后运行图集构建
175,5,art/production/ui/runtime_atlas_sources/2026-08-20/board_tiles/,art/production/ui/runtime_atlas_sources/2026-08-20/,生产可编辑源 / Editable Production Source,生产/历史资源 / Production or historical,5,5,0,—,—,是；此处是美术修改入口 / Yes; art-editing entry point,runtime_atlas_sources/** 修改后运行图集构建
176,5,art/production/ui/runtime_atlas_sources/2026-08-20/card_icons/,art/production/ui/runtime_atlas_sources/2026-08-20/,生产可编辑源 / Editable Production Source,生产/历史资源 / Production or historical,16,16,0,—,—,是；此处是美术修改入口 / Yes; art-editing entry point,runtime_atlas_sources/** 修改后运行图集构建
177,5,art/production/ui/runtime_atlas_sources/2026-08-20/meta_icons/,art/production/ui/runtime_atlas_sources/2026-08-20/,生产可编辑源 / Editable Production Source,生产/历史资源 / Production or historical,15,15,0,—,—,是；此处是美术修改入口 / Yes; art-editing entry point,runtime_atlas_sources/** 修改后运行图集构建
178,1,art/ui_slices/,art/,历史来源 / Historical Source,生产/历史资源 / Production or historical,0,51,0,—,—,否；只作溯源与审核 / No; traceability and review only,不直接打包 / Never pack directly
179,2,art/ui_slices/2026-07-30/,art/ui_slices/,历史来源 / Historical Source,生产/历史资源 / Production or historical,0,21,0,—,—,否；只作溯源与审核 / No; traceability and review only,不直接打包 / Never pack directly
180,3,art/ui_slices/2026-07-30/item-choice-modal-v01/,art/ui_slices/2026-07-30/,历史来源 / Historical Source,生产/历史资源 / Production or historical,2,21,0,—,—,否；只作溯源与审核 / No; traceability and review only,不直接打包 / Never pack directly
181,4,art/ui_slices/2026-07-30/item-choice-modal-v01/_raw_crops/,art/ui_slices/2026-07-30/item-choice-modal-v01/,历史来源 / Historical Source,生产/历史资源 / Production or historical,7,7,0,—,—,否；只作溯源与审核 / No; traceability and review only,不直接打包 / Never pack directly
182,4,art/ui_slices/2026-07-30/item-choice-modal-v01/production/,art/ui_slices/2026-07-30/item-choice-modal-v01/,历史来源 / Historical Source,生产/历史资源 / Production or historical,14,13,0,—,—,否；只作溯源与审核 / No; traceability and review only,不直接打包 / Never pack directly
183,2,art/ui_slices/2026-08-05/,art/ui_slices/,历史来源 / Historical Source,生产/历史资源 / Production or historical,1,30,0,—,—,否；只作溯源与审核 / No; traceability and review only,不直接打包 / Never pack directly
184,3,art/ui_slices/2026-08-05/item-choice-modal-backplates-v01/,art/ui_slices/2026-08-05/,历史来源 / Historical Source,生产/历史资源 / Production or historical,18,18,0,—,—,否；只作溯源与审核 / No; traceability and review only,不直接打包 / Never pack directly
185,3,art/ui_slices/2026-08-05/loading-bar-v01/,art/ui_slices/2026-08-05/,历史来源 / Historical Source,生产/历史资源 / Production or historical,13,12,0,—,—,否；只作溯源与审核 / No; traceability and review only,不直接打包 / Never pack directly
186,0,art_source/,—,历史来源 / Historical Source,生产/历史资源 / Production or historical,2,73,0,—,—,否；只作溯源与审核 / No; traceability and review only,不直接打包 / Never pack directly
187,1,art_source/fx_references/,art_source/,历史来源 / Historical Source,生产/历史资源 / Production or historical,0,73,0,—,—,否；只作溯源与审核 / No; traceability and review only,不直接打包 / Never pack directly
188,2,art_source/fx_references/弹道效果全景循环_12帧_v01/,art_source/fx_references/,历史来源 / Historical Source,生产/历史资源 / Production or historical,3,15,0,—,—,否；只作溯源与审核 / No; traceability and review only,不直接打包 / Never pack directly
189,3,art_source/fx_references/弹道效果全景循环_12帧_v01/frames/,art_source/fx_references/弹道效果全景循环_12帧_v01/,历史来源 / Historical Source,生产/历史资源 / Production or historical,12,12,0,—,—,否；只作溯源与审核 / No; traceability and review only,不直接打包 / Never pack directly
190,2,art_source/fx_references/爆炸影响_参考还原_v01/,art_source/fx_references/,历史来源 / Historical Source,生产/历史资源 / Production or historical,4,29,0,—,—,否；只作溯源与审核 / No; traceability and review only,不直接打包 / Never pack directly
191,3,art_source/fx_references/爆炸影响_参考还原_v01/frames_rgba/,art_source/fx_references/爆炸影响_参考还原_v01/,历史来源 / Historical Source,生产/历史资源 / Production or historical,25,25,0,—,—,否；只作溯源与审核 / No; traceability and review only,不直接打包 / Never pack directly
192,2,art_source/fx_references/爆炸影响_参考还原_v02_严格保真/,art_source/fx_references/,历史来源 / Historical Source,生产/历史资源 / Production or historical,5,29,0,—,—,否；只作溯源与审核 / No; traceability and review only,不直接打包 / Never pack directly
193,3,art_source/fx_references/爆炸影响_参考还原_v02_严格保真/frames_rgba/,art_source/fx_references/爆炸影响_参考还原_v02_严格保真/,历史来源 / Historical Source,生产/历史资源 / Production or historical,25,25,0,—,—,否；只作溯源与审核 / No; traceability and review only,不直接打包 / Never pack directly
194,1,art_source/source_sheets/,art_source/,历史来源 / Historical Source,空目录或仅含非总账文件 / Empty or non-catalog files only,0,0,0,—,—,否；只作溯源与审核 / No; traceability and review only,不直接打包 / Never pack directly
195,1,assets/runtime/,assets/,历史来源 / Historical Source,在用待审核 276（其中待审 56） / Active pending review,0,463,276,art/production/ui/chapter01/2026-08-13_centered_interfaces_runtime_v04/qa/edge | art/production/ui/benefits_popup/2026-08-16_program_composition_cutouts_v01/cutouts/backplates | art/production/ui/benefits_popup/2026-08-16_program_composition_cutouts_v01/cutouts/icons/benefits_icon_coin_stack_v01.png | art/production/ui/purchase_confirmation/2026-08-20_bundle_cutouts_v01/cutouts/icons,assets/sound | assets/UI/怪物概念图_v1/怪物拆图_v2_简练版/透明PNG_512 | assets/fx/elements/arcane,否；只作溯源与审核 / No; traceability and review only,不直接打包 / Never pack directly
196,2,assets/runtime/audio/,assets/runtime/,当前运行资源 / Current Runtime Asset,正在使用 2 / Active,2,2,2,—,assets/sound,否；改 production 源后同步 / No; edit production source then sync,按运行图集脚本维护 / Build-script managed where applicable
197,2,assets/runtime/characters/,assets/runtime/,当前运行资源 / Current Runtime Asset,正在使用 14 / Active,0,14,14,—,assets/UI/怪物概念图_v1/怪物拆图_v2_简练版/透明PNG_512,否；改 production 源后同步 / No; edit production source then sync,按运行图集脚本维护 / Build-script managed where applicable
198,3,assets/runtime/characters/monsters/,assets/runtime/characters/,当前运行资源 / Current Runtime Asset,正在使用 14 / Active,9,14,14,—,assets/UI/怪物概念图_v1/怪物拆图_v2_简练版/透明PNG_512,否；改 production 源后同步 / No; edit production source then sync,按运行图集脚本维护 / Build-script managed where applicable
199,4,assets/runtime/characters/monsters/atlases/,assets/runtime/characters/monsters/,当前运行资源 / Current Runtime Asset,正在使用 5 / Active,5,5,5,—,—,否；改 production 源后同步 / No; edit production source then sync,按运行图集脚本维护 / Build-script managed where applicable
200,4,assets/runtime/characters/monsters/die/,assets/runtime/characters/monsters/,当前运行资源 / Current Runtime Asset,空目录或仅含非总账文件 / Empty or non-catalog files only,0,0,0,—,—,否；改 production 源后同步 / No; edit production source then sync,按运行图集脚本维护 / Build-script managed where applicable
201,4,assets/runtime/characters/monsters/slime_stage_01/,assets/runtime/characters/monsters/,当前运行资源 / Current Runtime Asset,空目录或仅含非总账文件 / Empty or non-catalog files only,0,0,0,—,—,否；改 production 源后同步 / No; edit production source then sync,按运行图集脚本维护 / Build-script managed where applicable
202,5,assets/runtime/characters/monsters/slime_stage_01/hit/,assets/runtime/characters/monsters/slime_stage_01/,当前运行资源 / Current Runtime Asset,空目录或仅含非总账文件 / Empty or non-catalog files only,0,0,0,—,—,否；改 production 源后同步 / No; edit production source then sync,按运行图集脚本维护 / Build-script managed where applicable
203,5,assets/runtime/characters/monsters/slime_stage_01/walk/,assets/runtime/characters/monsters/slime_stage_01/,当前运行资源 / Current Runtime Asset,空目录或仅含非总账文件 / Empty or non-catalog files only,0,0,0,—,—,否；改 production 源后同步 / No; edit production source then sync,按运行图集脚本维护 / Build-script managed where applicable
204,3,assets/runtime/characters/xingzou boos/,assets/runtime/characters/,当前运行资源 / Current Runtime Asset,空目录或仅含非总账文件 / Empty or non-catalog files only,0,0,0,—,—,否；改 production 源后同步 / No; edit production source then sync,按运行图集脚本维护 / Build-script managed where applicable
205,2,assets/runtime/fx/,assets/runtime/,当前运行资源 / Current Runtime Asset,正在使用 25 / Active,0,25,25,—,assets/fx/elements/arcane | assets/fx/elements/fire | assets/fx/elements/ice,否；改 production 源后同步 / No; edit production source then sync,按运行图集脚本维护 / Build-script managed where applicable
206,3,assets/runtime/fx/crystal_tower/,assets/runtime/fx/,当前运行资源 / Current Runtime Asset,正在使用 3 / Active,5,3,3,—,—,否；改 production 源后同步 / No; edit production source then sync,按运行图集脚本维护 / Build-script managed where applicable
207,3,assets/runtime/fx/elements/,assets/runtime/fx/,当前运行资源 / Current Runtime Asset,正在使用 20 / Active,0,20,20,—,assets/fx/elements/arcane | assets/fx/elements/fire | assets/fx/elements/ice,否；改 production 源后同步 / No; edit production source then sync,按运行图集脚本维护 / Build-script managed where applicable
208,4,assets/runtime/fx/elements/critical/,assets/runtime/fx/elements/,当前运行资源 / Current Runtime Asset,正在使用 4 / Active,4,4,4,—,assets/fx/elements/arcane,否；改 production 源后同步 / No; edit production source then sync,按运行图集脚本维护 / Build-script managed where applicable
209,4,assets/runtime/fx/elements/fire/,assets/runtime/fx/elements/,当前运行资源 / Current Runtime Asset,正在使用 4 / Active,4,4,4,—,assets/fx/elements/fire,否；改 production 源后同步 / No; edit production source then sync,按运行图集脚本维护 / Build-script managed where applicable
210,4,assets/runtime/fx/elements/ice/,assets/runtime/fx/elements/,当前运行资源 / Current Runtime Asset,正在使用 4 / Active,4,4,4,—,assets/fx/elements/ice,否；改 production 源后同步 / No; edit production source then sync,按运行图集脚本维护 / Build-script managed where applicable
211,4,assets/runtime/fx/elements/lightning/,assets/runtime/fx/elements/,当前运行资源 / Current Runtime Asset,正在使用 3 / Active,2,3,3,—,assets/fx/elements/lightning,否；改 production 源后同步 / No; edit production source then sync,按运行图集脚本维护 / Build-script managed where applicable
212,5,assets/runtime/fx/elements/lightning/atlases/,assets/runtime/fx/elements/lightning/,当前运行资源 / Current Runtime Asset,正在使用 1 / Active,1,1,1,—,—,否；改 production 源后同步 / No; edit production source then sync,按运行图集脚本维护 / Build-script managed where applicable
213,5,assets/runtime/fx/elements/lightning/beam/,assets/runtime/fx/elements/lightning/,当前运行资源 / Current Runtime Asset,空目录或仅含非总账文件 / Empty or non-catalog files only,0,0,0,—,—,否；改 production 源后同步 / No; edit production source then sync,按运行图集脚本维护 / Build-script managed where applicable
214,4,assets/runtime/fx/elements/poison/,assets/runtime/fx/elements/,当前运行资源 / Current Runtime Asset,正在使用 4 / Active,4,4,4,—,assets/fx/elements/poison,否；改 production 源后同步 / No; edit production source then sync,按运行图集脚本维护 / Build-script managed where applicable
215,4,assets/runtime/fx/elements/shared/,assets/runtime/fx/elements/,当前运行资源 / Current Runtime Asset,正在使用 1 / Active,1,1,1,—,assets/fx/elements/shared,否；改 production 源后同步 / No; edit production source then sync,按运行图集脚本维护 / Build-script managed where applicable
216,3,assets/runtime/fx/merge/,assets/runtime/fx/,当前运行资源 / Current Runtime Asset,正在使用 1 / Active,0,1,1,—,—,否；改 production 源后同步 / No; edit production source then sync,按运行图集脚本维护 / Build-script managed where applicable
217,4,assets/runtime/fx/merge/atlases/,assets/runtime/fx/merge/,当前运行资源 / Current Runtime Asset,正在使用 1 / Active,1,1,1,—,—,否；改 production 源后同步 / No; edit production source then sync,按运行图集脚本维护 / Build-script managed where applicable
218,3,assets/runtime/fx/portal/,assets/runtime/fx/,当前运行资源 / Current Runtime Asset,正在使用 1 / Active,0,1,1,—,—,否；改 production 源后同步 / No; edit production source then sync,按运行图集脚本维护 / Build-script managed where applicable
219,4,assets/runtime/fx/portal/atlases/,assets/runtime/fx/portal/,当前运行资源 / Current Runtime Asset,正在使用 1 / Active,1,1,1,—,—,否；改 production 源后同步 / No; edit production source then sync,按运行图集脚本维护 / Build-script managed where applicable
220,2,assets/runtime/ui/,assets/runtime/,当前运行资源 / Current Runtime Asset,在用待审核 235（其中待审 56） / Active pending review,1,422,235,art/production/ui/chapter01/2026-08-13_centered_interfaces_runtime_v04/qa/edge | art/production/ui/benefits_popup/2026-08-16_program_composition_cutouts_v01/cutouts/backplates | art/production/ui/benefits_popup/2026-08-16_program_composition_cutouts_v01/cutouts/icons/benefits_icon_coin_stack_v01.png | art/production/ui/purchase_confirmation/2026-08-20_bundle_cutouts_v01/cutouts/icons,art/production/ui/benefits_popup/2026-08-16_program_composition_cutouts_v01/source | art/ui_slices/2026-08-05/item-choice-modal-backplates-v01 | art/production/ui/daily_program_composition/2026-08-16_cutouts_v01,否；改 production 源后同步 / No; edit production source then sync,按运行图集脚本维护 / Build-script managed where applicable
221,3,assets/runtime/ui/battle/,assets/runtime/ui/,旧运行 UI 包 / Legacy Runtime UI Package,旧包；不作为当前入口 / Legacy package; not current intake,0,12,0,assets/runtime/ui/interfaces/battle/**；印记选择见 interfaces/imprint_choice/**；棋盘组件见 components/**,—,"否；仅审核，不作为新增资源入口 / No; review only, not an intake location",不新增图集 / No new atlas work
222,4,assets/runtime/ui/battle/prompts/,assets/runtime/ui/battle/,旧运行 UI 包 / Legacy Runtime UI Package,旧包；不作为当前入口 / Legacy package; not current intake,0,12,0,assets/runtime/ui/interfaces/battle/**；印记选择见 interfaces/imprint_choice/**；棋盘组件见 components/**,—,"否；仅审核，不作为新增资源入口 / No; review only, not an intake location",不新增图集 / No new atlas work
223,5,assets/runtime/ui/battle/prompts/imprint_choice/,assets/runtime/ui/battle/prompts/,旧运行 UI 包 / Legacy Runtime UI Package,旧包；不作为当前入口 / Legacy package; not current intake,0,12,0,assets/runtime/ui/interfaces/battle/**；印记选择见 interfaces/imprint_choice/**；棋盘组件见 components/**,—,"否；仅审核，不作为新增资源入口 / No; review only, not an intake location",不新增图集 / No new atlas work
224,6,assets/runtime/ui/battle/prompts/imprint_choice/button/,assets/runtime/ui/battle/prompts/imprint_choice/,旧运行 UI 包 / Legacy Runtime UI Package,旧包；不作为当前入口 / Legacy package; not current intake,3,3,0,assets/runtime/ui/interfaces/battle/**；印记选择见 interfaces/imprint_choice/**；棋盘组件见 components/**,—,"否；仅审核，不作为新增资源入口 / No; review only, not an intake location",不新增图集 / No new atlas work
225,6,assets/runtime/ui/battle/prompts/imprint_choice/icon/,assets/runtime/ui/battle/prompts/imprint_choice/,旧运行 UI 包 / Legacy Runtime UI Package,旧包；不作为当前入口 / Legacy package; not current intake,0,0,0,assets/runtime/ui/interfaces/battle/**；印记选择见 interfaces/imprint_choice/**；棋盘组件见 components/**,—,"否；仅审核，不作为新增资源入口 / No; review only, not an intake location",不新增图集 / No new atlas work
226,6,assets/runtime/ui/battle/prompts/imprint_choice/overlay/,assets/runtime/ui/battle/prompts/imprint_choice/,旧运行 UI 包 / Legacy Runtime UI Package,旧包；不作为当前入口 / Legacy package; not current intake,5,5,0,assets/runtime/ui/interfaces/battle/**；印记选择见 interfaces/imprint_choice/**；棋盘组件见 components/**,—,"否；仅审核，不作为新增资源入口 / No; review only, not an intake location",不新增图集 / No new atlas work
227,6,assets/runtime/ui/battle/prompts/imprint_choice/panel/,assets/runtime/ui/battle/prompts/imprint_choice/,旧运行 UI 包 / Legacy Runtime UI Package,旧包；不作为当前入口 / Legacy package; not current intake,3,3,0,assets/runtime/ui/interfaces/battle/**；印记选择见 interfaces/imprint_choice/**；棋盘组件见 components/**,—,"否；仅审核，不作为新增资源入口 / No; review only, not an intake location",不新增图集 / No new atlas work
228,6,assets/runtime/ui/battle/prompts/imprint_choice/slot/,assets/runtime/ui/battle/prompts/imprint_choice/,旧运行 UI 包 / Legacy Runtime UI Package,旧包；不作为当前入口 / Legacy package; not current intake,1,1,0,assets/runtime/ui/interfaces/battle/**；印记选择见 interfaces/imprint_choice/**；棋盘组件见 components/**,—,"否；仅审核，不作为新增资源入口 / No; review only, not an intake location",不新增图集 / No new atlas work
229,3,assets/runtime/ui/cards/,assets/runtime/ui/,旧运行 UI 包 / Legacy Runtime UI Package,旧包；不作为当前入口 / Legacy package; not current intake,0,4,0,assets/runtime/ui/components/card_*/**；水晶卡选择见 interfaces/crystal_card_choice/**,—,"否；仅审核，不作为新增资源入口 / No; review only, not an intake location",不新增图集 / No new atlas work
230,4,assets/runtime/ui/cards/backs/,assets/runtime/ui/cards/,旧运行 UI 包 / Legacy Runtime UI Package,旧包；不作为当前入口 / Legacy package; not current intake,3,3,0,assets/runtime/ui/components/card_*/**；水晶卡选择见 interfaces/crystal_card_choice/**,—,"否；仅审核，不作为新增资源入口 / No; review only, not an intake location",不新增图集 / No new atlas work
231,4,assets/runtime/ui/cards/frames/,assets/runtime/ui/cards/,旧运行 UI 包 / Legacy Runtime UI Package,旧包；不作为当前入口 / Legacy package; not current intake,1,1,0,assets/runtime/ui/components/card_*/**；水晶卡选择见 interfaces/crystal_card_choice/**,—,"否；仅审核，不作为新增资源入口 / No; review only, not an intake location",不新增图集 / No new atlas work
232,4,assets/runtime/ui/cards/icons/,assets/runtime/ui/cards/,旧运行 UI 包 / Legacy Runtime UI Package,旧包；不作为当前入口 / Legacy package; not current intake,0,0,0,assets/runtime/ui/components/card_*/**；水晶卡选择见 interfaces/crystal_card_choice/**,—,"否；仅审核，不作为新增资源入口 / No; review only, not an intake location",不新增图集 / No new atlas work
233,3,assets/runtime/ui/components/,assets/runtime/ui/,当前运行 UI / Current Runtime UI,正在使用 72 / Active,0,72,72,—,—,否；改 production 或图集源后重建 / No; edit production or atlas source then rebuild,按子目录；atlas_regions/atlases/ 必须通过构建脚本维护
234,4,assets/runtime/ui/components/board_glyphs/,assets/runtime/ui/components/,当前运行 UI / Current Runtime UI,正在使用 37 / Active,0,37,37,—,—,否；改 production 或图集源后重建 / No; edit production or atlas source then rebuild,按子目录；atlas_regions/atlases/ 必须通过构建脚本维护
235,5,assets/runtime/ui/components/board_glyphs/atlas_regions/,assets/runtime/ui/components/board_glyphs/,当前运行 UI / Current Runtime UI,正在使用 36 / Active,36,36,36,—,—,否；改 production 或图集源后重建 / No; edit production or atlas source then rebuild,按子目录；atlas_regions/atlases/ 必须通过构建脚本维护
236,5,assets/runtime/ui/components/board_glyphs/atlases/,assets/runtime/ui/components/board_glyphs/,当前运行 UI / Current Runtime UI,正在使用 1 / Active,1,1,1,—,—,否；改 production 或图集源后重建 / No; edit production or atlas source then rebuild,按子目录；atlas_regions/atlases/ 必须通过构建脚本维护
237,4,assets/runtime/ui/components/board_tiles/,assets/runtime/ui/components/,当前运行 UI / Current Runtime UI,正在使用 6 / Active,0,6,6,—,—,否；改 production 或图集源后重建 / No; edit production or atlas source then rebuild,按子目录；atlas_regions/atlases/ 必须通过构建脚本维护
238,5,assets/runtime/ui/components/board_tiles/atlas_regions/,assets/runtime/ui/components/board_tiles/,当前运行 UI / Current Runtime UI,正在使用 5 / Active,5,5,5,—,—,否；改 production 或图集源后重建 / No; edit production or atlas source then rebuild,按子目录；atlas_regions/atlases/ 必须通过构建脚本维护
239,5,assets/runtime/ui/components/board_tiles/atlases/,assets/runtime/ui/components/board_tiles/,当前运行 UI / Current Runtime UI,正在使用 1 / Active,1,1,1,—,—,否；改 production 或图集源后重建 / No; edit production or atlas source then rebuild,按子目录；atlas_regions/atlases/ 必须通过构建脚本维护
240,4,assets/runtime/ui/components/card_backs/,assets/runtime/ui/components/,当前运行 UI / Current Runtime UI,正在使用 1 / Active,0,1,1,—,—,否；改 production 或图集源后重建 / No; edit production or atlas source then rebuild,按子目录；atlas_regions/atlases/ 必须通过构建脚本维护
241,5,assets/runtime/ui/components/card_backs/textures/,assets/runtime/ui/components/card_backs/,当前运行 UI / Current Runtime UI,正在使用 1 / Active,1,1,1,—,—,否；改 production 或图集源后重建 / No; edit production or atlas source then rebuild,按子目录；atlas_regions/atlases/ 必须通过构建脚本维护
242,4,assets/runtime/ui/components/card_icons/,assets/runtime/ui/components/,当前运行 UI / Current Runtime UI,正在使用 17 / Active,0,17,17,—,—,否；改 production 或图集源后重建 / No; edit production or atlas source then rebuild,按子目录；atlas_regions/atlases/ 必须通过构建脚本维护
243,5,assets/runtime/ui/components/card_icons/atlas_regions/,assets/runtime/ui/components/card_icons/,当前运行 UI / Current Runtime UI,正在使用 16 / Active,16,16,16,—,—,否；改 production 或图集源后重建 / No; edit production or atlas source then rebuild,按子目录；atlas_regions/atlases/ 必须通过构建脚本维护
244,5,assets/runtime/ui/components/card_icons/atlases/,assets/runtime/ui/components/card_icons/,当前运行 UI / Current Runtime UI,正在使用 1 / Active,1,1,1,—,—,否；改 production 或图集源后重建 / No; edit production or atlas source then rebuild,按子目录；atlas_regions/atlases/ 必须通过构建脚本维护
245,4,assets/runtime/ui/components/crystal_tower/,assets/runtime/ui/components/,当前运行 UI / Current Runtime UI,正在使用 9 / Active,0,9,9,—,—,否；改 production 或图集源后重建 / No; edit production or atlas source then rebuild,按子目录；atlas_regions/atlases/ 必须通过构建脚本维护
246,5,assets/runtime/ui/components/crystal_tower/textures/,assets/runtime/ui/components/crystal_tower/,当前运行 UI / Current Runtime UI,正在使用 9 / Active,9,9,9,—,—,否；改 production 或图集源后重建 / No; edit production or atlas source then rebuild,按子目录；atlas_regions/atlases/ 必须通过构建脚本维护
247,4,assets/runtime/ui/components/rating_stars/,assets/runtime/ui/components/,当前运行 UI / Current Runtime UI,正在使用 2 / Active,0,2,2,—,—,否；改 production 或图集源后重建 / No; edit production or atlas source then rebuild,按子目录；atlas_regions/atlases/ 必须通过构建脚本维护
248,5,assets/runtime/ui/components/rating_stars/icons/,assets/runtime/ui/components/rating_stars/,当前运行 UI / Current Runtime UI,正在使用 2 / Active,2,2,2,—,—,否；改 production 或图集源后重建 / No; edit production or atlas source then rebuild,按子目录；atlas_regions/atlases/ 必须通过构建脚本维护
249,3,assets/runtime/ui/daily_program_composition_v01/,assets/runtime/ui/,旧运行 UI 包 / Legacy Runtime UI Package,旧包；不作为当前入口 / Legacy package; not current intake,1,25,0,assets/runtime/ui/interfaces/daily_program/**,—,"否；仅审核，不作为新增资源入口 / No; review only, not an intake location",不新增图集 / No new atlas work
250,4,assets/runtime/ui/daily_program_composition_v01/backplates/,assets/runtime/ui/daily_program_composition_v01/,旧运行 UI 包 / Legacy Runtime UI Package,旧包；不作为当前入口 / Legacy package; not current intake,16,16,0,assets/runtime/ui/interfaces/daily_program/**,—,"否；仅审核，不作为新增资源入口 / No; review only, not an intake location",不新增图集 / No new atlas work
251,4,assets/runtime/ui/daily_program_composition_v01/icons/,assets/runtime/ui/daily_program_composition_v01/,旧运行 UI 包 / Legacy Runtime UI Package,旧包；不作为当前入口 / Legacy package; not current intake,9,9,0,assets/runtime/ui/interfaces/daily_program/**,—,"否；仅审核，不作为新增资源入口 / No; review only, not an intake location",不新增图集 / No new atlas work
252,3,assets/runtime/ui/daily_signin_hd_v01/,assets/runtime/ui/,旧运行 UI 包 / Legacy Runtime UI Package,旧包；不作为当前入口 / Legacy package; not current intake,15,15,0,assets/runtime/ui/interfaces/daily_program/**,—,"否；仅审核，不作为新增资源入口 / No; review only, not an intake location",不新增图集 / No new atlas work
253,3,assets/runtime/ui/daily_tasks_hd_v01/,assets/runtime/ui/,旧运行 UI 包 / Legacy Runtime UI Package,旧包；不作为当前入口 / Legacy package; not current intake,19,19,0,assets/runtime/ui/interfaces/daily_program/**,—,"否；仅审核，不作为新增资源入口 / No; review only, not an intake location",不新增图集 / No new atlas work
254,3,assets/runtime/ui/interfaces/,assets/runtime/ui/,当前运行 UI / Current Runtime UI,在用待审核 138（其中待审 48） / Active pending review,0,138,138,art/production/ui/chapter01/2026-08-13_centered_interfaces_runtime_v04/qa/edge | art/production/ui/benefits_popup/2026-08-16_program_composition_cutouts_v01/cutouts/backplates | art/production/ui/benefits_popup/2026-08-16_program_composition_cutouts_v01/cutouts/icons/benefits_icon_coin_stack_v01.png | art/production/ui/purchase_confirmation/2026-08-20_bundle_cutouts_v01/cutouts/icons,art/production/ui/benefits_popup/2026-08-16_program_composition_cutouts_v01/source | art/ui_slices/2026-08-05/item-choice-modal-backplates-v01 | art/production/ui/daily_program_composition/2026-08-16_cutouts_v01,否；改 production 或图集源后重建 / No; edit production or atlas source then rebuild,按子目录；atlas_regions/atlases/ 必须通过构建脚本维护
255,4,assets/runtime/ui/interfaces/battle/,assets/runtime/ui/interfaces/,当前运行 UI / Current Runtime UI,正在使用 24 / Active,0,24,24,—,—,否；改 production 或图集源后重建 / No; edit production or atlas source then rebuild,按子目录；atlas_regions/atlases/ 必须通过构建脚本维护
256,5,assets/runtime/ui/interfaces/battle/board/,assets/runtime/ui/interfaces/battle/,当前运行 UI / Current Runtime UI,正在使用 1 / Active,0,1,1,—,—,否；改 production 或图集源后重建 / No; edit production or atlas source then rebuild,按子目录；atlas_regions/atlases/ 必须通过构建脚本维护
257,6,assets/runtime/ui/interfaces/battle/board/standalone/,assets/runtime/ui/interfaces/battle/board/,当前运行 UI / Current Runtime UI,正在使用 1 / Active,1,1,1,—,—,否；改 production 或图集源后重建 / No; edit production or atlas source then rebuild,按子目录；atlas_regions/atlases/ 必须通过构建脚本维护
258,5,assets/runtime/ui/interfaces/battle/combat_feedback/,assets/runtime/ui/interfaces/battle/,当前运行 UI / Current Runtime UI,正在使用 6 / Active,0,6,6,—,—,否；改 production 或图集源后重建 / No; edit production or atlas source then rebuild,按子目录；atlas_regions/atlases/ 必须通过构建脚本维护
259,6,assets/runtime/ui/interfaces/battle/combat_feedback/backplates/,assets/runtime/ui/interfaces/battle/combat_feedback/,当前运行 UI / Current Runtime UI,正在使用 1 / Active,1,1,1,—,—,否；改 production 或图集源后重建 / No; edit production or atlas source then rebuild,按子目录；atlas_regions/atlases/ 必须通过构建脚本维护
260,6,assets/runtime/ui/interfaces/battle/combat_feedback/icons/,assets/runtime/ui/interfaces/battle/combat_feedback/,当前运行 UI / Current Runtime UI,正在使用 5 / Active,5,5,5,—,—,否；改 production 或图集源后重建 / No; edit production or atlas source then rebuild,按子目录；atlas_regions/atlases/ 必须通过构建脚本维护
261,5,assets/runtime/ui/interfaces/battle/energy_hud/,assets/runtime/ui/interfaces/battle/,当前运行 UI / Current Runtime UI,正在使用 6 / Active,0,6,6,—,—,否；改 production 或图集源后重建 / No; edit production or atlas source then rebuild,按子目录；atlas_regions/atlases/ 必须通过构建脚本维护
262,6,assets/runtime/ui/interfaces/battle/energy_hud/backplates/,assets/runtime/ui/interfaces/battle/energy_hud/,当前运行 UI / Current Runtime UI,正在使用 1 / Active,1,1,1,—,—,否；改 production 或图集源后重建 / No; edit production or atlas source then rebuild,按子目录；atlas_regions/atlases/ 必须通过构建脚本维护
263,6,assets/runtime/ui/interfaces/battle/energy_hud/icons/,assets/runtime/ui/interfaces/battle/energy_hud/,当前运行 UI / Current Runtime UI,正在使用 5 / Active,5,5,5,—,—,否；改 production 或图集源后重建 / No; edit production or atlas source then rebuild,按子目录；atlas_regions/atlases/ 必须通过构建脚本维护
264,5,assets/runtime/ui/interfaces/battle/standalone/,assets/runtime/ui/interfaces/battle/,当前运行 UI / Current Runtime UI,正在使用 4 / Active,4,4,4,—,—,否；改 production 或图集源后重建 / No; edit production or atlas source then rebuild,按子目录；atlas_regions/atlases/ 必须通过构建脚本维护
265,5,assets/runtime/ui/interfaces/battle/top_hud/,assets/runtime/ui/interfaces/battle/,当前运行 UI / Current Runtime UI,正在使用 6 / Active,0,6,6,—,—,否；改 production 或图集源后重建 / No; edit production or atlas source then rebuild,按子目录；atlas_regions/atlases/ 必须通过构建脚本维护
266,6,assets/runtime/ui/interfaces/battle/top_hud/backplates/,assets/runtime/ui/interfaces/battle/top_hud/,当前运行 UI / Current Runtime UI,正在使用 3 / Active,3,3,3,—,—,否；改 production 或图集源后重建 / No; edit production or atlas source then rebuild,按子目录；atlas_regions/atlases/ 必须通过构建脚本维护
267,6,assets/runtime/ui/interfaces/battle/top_hud/buttons/,assets/runtime/ui/interfaces/battle/top_hud/,当前运行 UI / Current Runtime UI,正在使用 1 / Active,1,1,1,—,—,否；改 production 或图集源后重建 / No; edit production or atlas source then rebuild,按子目录；atlas_regions/atlases/ 必须通过构建脚本维护
268,6,assets/runtime/ui/interfaces/battle/top_hud/icons/,assets/runtime/ui/interfaces/battle/top_hud/,当前运行 UI / Current Runtime UI,正在使用 2 / Active,2,2,2,—,—,否；改 production 或图集源后重建 / No; edit production or atlas source then rebuild,按子目录；atlas_regions/atlases/ 必须通过构建脚本维护
269,5,assets/runtime/ui/interfaces/battle/tutorial/,assets/runtime/ui/interfaces/battle/,当前运行 UI / Current Runtime UI,正在使用 1 / Active,0,1,1,—,—,否；改 production 或图集源后重建 / No; edit production or atlas source then rebuild,按子目录；atlas_regions/atlases/ 必须通过构建脚本维护
270,6,assets/runtime/ui/interfaces/battle/tutorial/icons/,assets/runtime/ui/interfaces/battle/tutorial/,当前运行 UI / Current Runtime UI,正在使用 1 / Active,1,1,1,—,—,否；改 production 或图集源后重建 / No; edit production or atlas source then rebuild,按子目录；atlas_regions/atlases/ 必须通过构建脚本维护
271,4,assets/runtime/ui/interfaces/battle_pause/,assets/runtime/ui/interfaces/,当前运行 UI / Current Runtime UI,在用待审核 1（其中待审 1） / Active pending review,0,1,1,art/production/ui/chapter01/2026-08-13_centered_interfaces_runtime_v04/qa/edge,—,否；改 production 或图集源后重建 / No; edit production or atlas source then rebuild,按子目录；atlas_regions/atlases/ 必须通过构建脚本维护
272,5,assets/runtime/ui/interfaces/battle_pause/backplates/,assets/runtime/ui/interfaces/battle_pause/,当前运行 UI / Current Runtime UI,在用待审核 1（其中待审 1） / Active pending review,1,1,1,art/production/ui/chapter01/2026-08-13_centered_interfaces_runtime_v04/qa/edge,—,否；改 production 或图集源后重建 / No; edit production or atlas source then rebuild,按子目录；atlas_regions/atlases/ 必须通过构建脚本维护
273,4,assets/runtime/ui/interfaces/benefits/,assets/runtime/ui/interfaces/,当前运行 UI / Current Runtime UI,在用待审核 8（其中待审 8） / Active pending review,0,8,8,art/production/ui/benefits_popup/2026-08-16_program_composition_cutouts_v01/cutouts/backplates | art/production/ui/benefits_popup/2026-08-16_program_composition_cutouts_v01/cutouts/icons/benefits_icon_coin_stack_v01.png | art/production/ui/purchase_confirmation/2026-08-20_bundle_cutouts_v01/cutouts/icons | art/production/ui/benefits_popup/2026-08-16_program_composition_cutouts_v01/cutouts/icons/benefits_icon_no_ad_base_v01.png | art/production/ui/purchase_confirmation/2026-08-20_bundle_cutouts_v01/cutouts/icons,art/production/ui/benefits_popup/2026-08-16_program_composition_cutouts_v01/source,否；改 production 或图集源后重建 / No; edit production or atlas source then rebuild,按子目录；atlas_regions/atlases/ 必须通过构建脚本维护
274,5,assets/runtime/ui/interfaces/benefits/backplates/,assets/runtime/ui/interfaces/benefits/,当前运行 UI / Current Runtime UI,在用待审核 5（其中待审 5） / Active pending review,5,5,5,art/production/ui/benefits_popup/2026-08-16_program_composition_cutouts_v01/cutouts/backplates,art/production/ui/benefits_popup/2026-08-16_program_composition_cutouts_v01/source,否；改 production 或图集源后重建 / No; edit production or atlas source then rebuild,按子目录；atlas_regions/atlases/ 必须通过构建脚本维护
275,5,assets/runtime/ui/interfaces/benefits/icons/,assets/runtime/ui/interfaces/benefits/,当前运行 UI / Current Runtime UI,在用待审核 3（其中待审 3） / Active pending review,3,3,3,art/production/ui/benefits_popup/2026-08-16_program_composition_cutouts_v01/cutouts/icons/benefits_icon_coin_stack_v01.png | art/production/ui/purchase_confirmation/2026-08-20_bundle_cutouts_v01/cutouts/icons | art/production/ui/benefits_popup/2026-08-16_program_composition_cutouts_v01/cutouts/icons/benefits_icon_no_ad_base_v01.png | art/production/ui/purchase_confirmation/2026-08-20_bundle_cutouts_v01/cutouts/icons | art/production/ui/benefits_popup/2026-08-16_program_composition_cutouts_v01/cutouts/icons,art/production/ui/benefits_popup/2026-08-16_program_composition_cutouts_v01/source,否；改 production 或图集源后重建 / No; edit production or atlas source then rebuild,按子目录；atlas_regions/atlases/ 必须通过构建脚本维护
276,4,assets/runtime/ui/interfaces/chapter_node_complete/,assets/runtime/ui/interfaces/,当前运行 UI / Current Runtime UI,正在使用 4 / Active,0,4,4,—,—,否；改 production 或图集源后重建 / No; edit production or atlas source then rebuild,按子目录；atlas_regions/atlases/ 必须通过构建脚本维护
277,5,assets/runtime/ui/interfaces/chapter_node_complete/backplates/,assets/runtime/ui/interfaces/chapter_node_complete/,当前运行 UI / Current Runtime UI,正在使用 1 / Active,1,1,1,—,—,否；改 production 或图集源后重建 / No; edit production or atlas source then rebuild,按子目录；atlas_regions/atlases/ 必须通过构建脚本维护
278,5,assets/runtime/ui/interfaces/chapter_node_complete/buttons/,assets/runtime/ui/interfaces/chapter_node_complete/,当前运行 UI / Current Runtime UI,正在使用 1 / Active,1,1,1,—,—,否；改 production 或图集源后重建 / No; edit production or atlas source then rebuild,按子目录；atlas_regions/atlases/ 必须通过构建脚本维护
279,5,assets/runtime/ui/interfaces/chapter_node_complete/decorations/,assets/runtime/ui/interfaces/chapter_node_complete/,当前运行 UI / Current Runtime UI,正在使用 2 / Active,2,2,2,—,—,否；改 production 或图集源后重建 / No; edit production or atlas source then rebuild,按子目录；atlas_regions/atlases/ 必须通过构建脚本维护
280,4,assets/runtime/ui/interfaces/crystal_card_choice/,assets/runtime/ui/interfaces/,当前运行 UI / Current Runtime UI,正在使用 4 / Active,0,4,4,—,art/ui_slices/2026-08-05/item-choice-modal-backplates-v01,否；改 production 或图集源后重建 / No; edit production or atlas source then rebuild,按子目录；atlas_regions/atlases/ 必须通过构建脚本维护
281,5,assets/runtime/ui/interfaces/crystal_card_choice/backplates/,assets/runtime/ui/interfaces/crystal_card_choice/,当前运行 UI / Current Runtime UI,正在使用 1 / Active,1,1,1,—,art/ui_slices/2026-08-05/item-choice-modal-backplates-v01,否；改 production 或图集源后重建 / No; edit production or atlas source then rebuild,按子目录；atlas_regions/atlases/ 必须通过构建脚本维护
282,5,assets/runtime/ui/interfaces/crystal_card_choice/buttons/,assets/runtime/ui/interfaces/crystal_card_choice/,当前运行 UI / Current Runtime UI,正在使用 1 / Active,1,1,1,—,art/ui_slices/2026-08-05/item-choice-modal-backplates-v01,否；改 production 或图集源后重建 / No; edit production or atlas source then rebuild,按子目录；atlas_regions/atlases/ 必须通过构建脚本维护
283,5,assets/runtime/ui/interfaces/crystal_card_choice/decorations/,assets/runtime/ui/interfaces/crystal_card_choice/,当前运行 UI / Current Runtime UI,正在使用 2 / Active,2,2,2,—,art/ui_slices/2026-08-05/item-choice-modal-backplates-v01,否；改 production 或图集源后重建 / No; edit production or atlas source then rebuild,按子目录；atlas_regions/atlases/ 必须通过构建脚本维护
284,4,assets/runtime/ui/interfaces/daily_program/,assets/runtime/ui/interfaces/,当前运行 UI / Current Runtime UI,在用待审核 26（其中待审 26） / Active pending review,1,26,26,art/production/ui/daily_program_composition/2026-08-16_cutouts_v02/cutouts/backplates | art/production/ui/daily_program_composition/2026-08-16_cutouts_v01/cutouts/backplates/daily_signin_card_default_v01.png | art/production/ui/daily_program_composition/2026-08-16_cutouts_v02/cutouts/backplates | art/production/ui/daily_program_composition/2026-08-16_cutouts_v01/cutouts/backplates/daily_signin_card_premium_v01.png | art/production/ui/daily_program_composition/2026-08-16_cutouts_v02/cutouts/backplates,art/production/ui/daily_program_composition/2026-08-16_cutouts_v01,否；改 production 或图集源后重建 / No; edit production or atlas source then rebuild,按子目录；atlas_regions/atlases/ 必须通过构建脚本维护
285,5,assets/runtime/ui/interfaces/daily_program/backplates/,assets/runtime/ui/interfaces/daily_program/,当前运行 UI / Current Runtime UI,在用待审核 16（其中待审 16） / Active pending review,16,16,16,art/production/ui/daily_program_composition/2026-08-16_cutouts_v02/cutouts/backplates | art/production/ui/daily_program_composition/2026-08-16_cutouts_v01/cutouts/backplates/daily_signin_card_default_v01.png | art/production/ui/daily_program_composition/2026-08-16_cutouts_v02/cutouts/backplates | art/production/ui/daily_program_composition/2026-08-16_cutouts_v01/cutouts/backplates/daily_signin_card_premium_v01.png | art/production/ui/daily_program_composition/2026-08-16_cutouts_v02/cutouts/backplates,art/production/ui/daily_program_composition/2026-08-16_cutouts_v01,否；改 production 或图集源后重建 / No; edit production or atlas source then rebuild,按子目录；atlas_regions/atlases/ 必须通过构建脚本维护
286,5,assets/runtime/ui/interfaces/daily_program/icons/,assets/runtime/ui/interfaces/daily_program/,当前运行 UI / Current Runtime UI,在用待审核 10（其中待审 10） / Active pending review,10,10,10,art/production/ui/daily_program_composition/2026-08-16_cutouts_v02/cutouts/icons | art/production/ui/daily_program_composition/2026-08-16_cutouts_v02/cutouts/icons/daily_icon_chest_v01.png | art/production/ui/daily_signin/2026-08-14_cutouts_v01/cutouts/signin_reward_chest_v01.png | art/production/ui/daily_signin/2026-08-14_cutouts_v01/daily_signin_cutouts_v01/cutouts | art/production/ui/daily_program_composition/2026-08-16_cutouts_v02/cutouts/icons/daily_icon_coin_v01.png | art/production/ui/daily_signin/2026-08-14_cutouts_v01/cutouts/signin_reward_coin_v01.png | art/production/ui/daily_signin/2026-08-14_cutouts_v01/daily_signin_cutouts_v01/cutouts,art/production/ui/daily_program_composition/2026-08-16_cutouts_v01,否；改 production 或图集源后重建 / No; edit production or atlas source then rebuild,按子目录；atlas_regions/atlases/ 必须通过构建脚本维护
287,4,assets/runtime/ui/interfaces/exit_confirm/,assets/runtime/ui/interfaces/,当前运行 UI / Current Runtime UI,在用待审核 1（其中待审 1） / Active pending review,0,1,1,art/production/ui/chapter01/2026-08-13_centered_interfaces_runtime_v04/qa/edge,—,否；改 production 或图集源后重建 / No; edit production or atlas source then rebuild,按子目录；atlas_regions/atlases/ 必须通过构建脚本维护
288,5,assets/runtime/ui/interfaces/exit_confirm/backplates/,assets/runtime/ui/interfaces/exit_confirm/,当前运行 UI / Current Runtime UI,在用待审核 1（其中待审 1） / Active pending review,1,1,1,art/production/ui/chapter01/2026-08-13_centered_interfaces_runtime_v04/qa/edge,—,否；改 production 或图集源后重建 / No; edit production or atlas source then rebuild,按子目录；atlas_regions/atlases/ 必须通过构建脚本维护
289,4,assets/runtime/ui/interfaces/first_purchase/,assets/runtime/ui/interfaces/,当前运行 UI / Current Runtime UI,在用待审核 3（其中待审 3） / Active pending review,0,3,3,art/production/ui/chapter01/2026-08-13_centered_interfaces_runtime_v04/qa/edge | art/production/ui/chapter01/2026-08-13_centered_interfaces_complete_v02/cutouts/elements/pages/commerce,—,否；改 production 或图集源后重建 / No; edit production or atlas source then rebuild,按子目录；atlas_regions/atlases/ 必须通过构建脚本维护
290,5,assets/runtime/ui/interfaces/first_purchase/backplates/,assets/runtime/ui/interfaces/first_purchase/,当前运行 UI / Current Runtime UI,在用待审核 1（其中待审 1） / Active pending review,1,1,1,art/production/ui/chapter01/2026-08-13_centered_interfaces_runtime_v04/qa/edge,—,否；改 production 或图集源后重建 / No; edit production or atlas source then rebuild,按子目录；atlas_regions/atlases/ 必须通过构建脚本维护
291,5,assets/runtime/ui/interfaces/first_purchase/decorations/,assets/runtime/ui/interfaces/first_purchase/,当前运行 UI / Current Runtime UI,在用待审核 1（其中待审 1） / Active pending review,1,1,1,art/production/ui/chapter01/2026-08-13_centered_interfaces_complete_v02/cutouts/elements/pages/commerce,—,否；改 production 或图集源后重建 / No; edit production or atlas source then rebuild,按子目录；atlas_regions/atlases/ 必须通过构建脚本维护
292,5,assets/runtime/ui/interfaces/first_purchase/rewards/,assets/runtime/ui/interfaces/first_purchase/,当前运行 UI / Current Runtime UI,在用待审核 1（其中待审 1） / Active pending review,1,1,1,art/production/ui/chapter01/2026-08-13_centered_interfaces_complete_v02/cutouts/elements/pages/commerce,—,否；改 production 或图集源后重建 / No; edit production or atlas source then rebuild,按子目录；atlas_regions/atlases/ 必须通过构建脚本维护
293,4,assets/runtime/ui/interfaces/imprint_choice/,assets/runtime/ui/interfaces/,当前运行 UI / Current Runtime UI,正在使用 5 / Active,0,5,5,—,art/ui_slices/2026-07-30/item-choice-modal-v01/production,否；改 production 或图集源后重建 / No; edit production or atlas source then rebuild,按子目录；atlas_regions/atlases/ 必须通过构建脚本维护
294,5,assets/runtime/ui/interfaces/imprint_choice/backplates/,assets/runtime/ui/interfaces/imprint_choice/,当前运行 UI / Current Runtime UI,正在使用 1 / Active,1,1,1,—,art/ui_slices/2026-07-30/item-choice-modal-v01/production,否；改 production 或图集源后重建 / No; edit production or atlas source then rebuild,按子目录；atlas_regions/atlases/ 必须通过构建脚本维护
295,5,assets/runtime/ui/interfaces/imprint_choice/buttons/,assets/runtime/ui/interfaces/imprint_choice/,当前运行 UI / Current Runtime UI,正在使用 2 / Active,2,2,2,—,art/ui_slices/2026-07-30/item-choice-modal-v01/production,否；改 production 或图集源后重建 / No; edit production or atlas source then rebuild,按子目录；atlas_regions/atlases/ 必须通过构建脚本维护
296,5,assets/runtime/ui/interfaces/imprint_choice/decorations/,assets/runtime/ui/interfaces/imprint_choice/,当前运行 UI / Current Runtime UI,正在使用 2 / Active,2,2,2,—,art/ui_slices/2026-07-30/item-choice-modal-v01/production,否；改 production 或图集源后重建 / No; edit production or atlas source then rebuild,按子目录；atlas_regions/atlases/ 必须通过构建脚本维护
297,4,assets/runtime/ui/interfaces/legacy_runtime_controls/,assets/runtime/ui/interfaces/,当前运行 UI / Current Runtime UI,正在使用 6 / Active,0,6,6,—,—,否；改 production 或图集源后重建 / No; edit production or atlas source then rebuild,按子目录；atlas_regions/atlases/ 必须通过构建脚本维护
298,5,assets/runtime/ui/interfaces/legacy_runtime_controls/backplates/,assets/runtime/ui/interfaces/legacy_runtime_controls/,当前运行 UI / Current Runtime UI,正在使用 1 / Active,1,1,1,—,—,否；改 production 或图集源后重建 / No; edit production or atlas source then rebuild,按子目录；atlas_regions/atlases/ 必须通过构建脚本维护
299,5,assets/runtime/ui/interfaces/legacy_runtime_controls/buttons/,assets/runtime/ui/interfaces/legacy_runtime_controls/,当前运行 UI / Current Runtime UI,正在使用 5 / Active,5,5,5,—,—,否；改 production 或图集源后重建 / No; edit production or atlas source then rebuild,按子目录；atlas_regions/atlases/ 必须通过构建脚本维护
300,4,assets/runtime/ui/interfaces/loading/,assets/runtime/ui/interfaces/,当前运行 UI / Current Runtime UI,正在使用 3 / Active,0,3,3,—,art/ui_slices/2026-08-05/loading-bar-v01 | art/ai_generated/flyne/2026-08-12/130100_imprint-choice-modal/references/01_style_loading_background_clean_hd_941x1672_v01.png | art/ai_generated/flyne/2026-08-12/130200_minimal-battle-hub/references/01_style_loading_background_clean_hd_941x1672_v01.png | art/ai_generated/flyne/2026-08-12/130300_combat-hud-and-imprint/references/01_style_loading_background_clean_hd_941x1672_v01.png | art/ui_slices/2026-08-05/loading-bar-v01,否；改 production 或图集源后重建 / No; edit production or atlas source then rebuild,按子目录；atlas_regions/atlases/ 必须通过构建脚本维护
301,5,assets/runtime/ui/interfaces/loading/progress/,assets/runtime/ui/interfaces/loading/,当前运行 UI / Current Runtime UI,正在使用 2 / Active,2,2,2,—,art/ui_slices/2026-08-05/loading-bar-v01,否；改 production 或图集源后重建 / No; edit production or atlas source then rebuild,按子目录；atlas_regions/atlases/ 必须通过构建脚本维护
302,5,assets/runtime/ui/interfaces/loading/standalone/,assets/runtime/ui/interfaces/loading/,当前运行 UI / Current Runtime UI,正在使用 1 / Active,1,1,1,—,art/ai_generated/flyne/2026-08-12/130100_imprint-choice-modal/references/01_style_loading_background_clean_hd_941x1672_v01.png | art/ai_generated/flyne/2026-08-12/130200_minimal-battle-hub/references/01_style_loading_background_clean_hd_941x1672_v01.png | art/ai_generated/flyne/2026-08-12/130300_combat-hud-and-imprint/references/01_style_loading_background_clean_hd_941x1672_v01.png | art/ui_slices/2026-08-05/loading-bar-v01,否；改 production 或图集源后重建 / No; edit production or atlas source then rebuild,按子目录；atlas_regions/atlases/ 必须通过构建脚本维护
303,4,assets/runtime/ui/interfaces/main_hub/,assets/runtime/ui/interfaces/,当前运行 UI / Current Runtime UI,正在使用 13 / Active,0,13,13,art/production/lobby/2026-08-08_lobby_hd_reset_and_cutout_v01/cutouts/frames | art/production/lobby/2026-08-08_lobby_hd_reset_and_cutout_v01/cutouts,art/production/lobby/2026-08-08_lobby_hd_reset_and_cutout_v01/source | art/ai_generated/flyne/2026-08-12/130200_minimal-battle-hub/references/02_layout_lobby_background_clean_v01.png | art/ai_generated/imagegen/2026-08-08/235311_lobby_hd_reset,否；改 production 或图集源后重建 / No; edit production or atlas source then rebuild,按子目录；atlas_regions/atlases/ 必须通过构建脚本维护
304,5,assets/runtime/ui/interfaces/main_hub/backplates/,assets/runtime/ui/interfaces/main_hub/,当前运行 UI / Current Runtime UI,正在使用 11 / Active,11,11,11,art/production/lobby/2026-08-08_lobby_hd_reset_and_cutout_v01/cutouts/frames,art/production/lobby/2026-08-08_lobby_hd_reset_and_cutout_v01/source,否；改 production 或图集源后重建 / No; edit production or atlas source then rebuild,按子目录；atlas_regions/atlases/ 必须通过构建脚本维护
305,5,assets/runtime/ui/interfaces/main_hub/standalone/,assets/runtime/ui/interfaces/main_hub/,当前运行 UI / Current Runtime UI,正在使用 2 / Active,2,2,2,art/production/lobby/2026-08-08_lobby_hd_reset_and_cutout_v01/cutouts,art/ai_generated/flyne/2026-08-12/130200_minimal-battle-hub/references/02_layout_lobby_background_clean_v01.png | art/ai_generated/imagegen/2026-08-08/235311_lobby_hd_reset | art/production/lobby/2026-08-08_lobby_hd_reset_and_cutout_v01/source,否；改 production 或图集源后重建 / No; edit production or atlas source then rebuild,按子目录；atlas_regions/atlases/ 必须通过构建脚本维护
306,4,assets/runtime/ui/interfaces/max_level_success/,assets/runtime/ui/interfaces/,当前运行 UI / Current Runtime UI,正在使用 5 / Active,0,5,5,—,—,否；改 production 或图集源后重建 / No; edit production or atlas source then rebuild,按子目录；atlas_regions/atlases/ 必须通过构建脚本维护
307,5,assets/runtime/ui/interfaces/max_level_success/backplates/,assets/runtime/ui/interfaces/max_level_success/,当前运行 UI / Current Runtime UI,正在使用 1 / Active,1,1,1,—,—,否；改 production 或图集源后重建 / No; edit production or atlas source then rebuild,按子目录；atlas_regions/atlases/ 必须通过构建脚本维护
308,5,assets/runtime/ui/interfaces/max_level_success/buttons/,assets/runtime/ui/interfaces/max_level_success/,当前运行 UI / Current Runtime UI,正在使用 1 / Active,1,1,1,—,—,否；改 production 或图集源后重建 / No; edit production or atlas source then rebuild,按子目录；atlas_regions/atlases/ 必须通过构建脚本维护
309,5,assets/runtime/ui/interfaces/max_level_success/decorations/,assets/runtime/ui/interfaces/max_level_success/,当前运行 UI / Current Runtime UI,正在使用 2 / Active,2,2,2,—,—,否；改 production 或图集源后重建 / No; edit production or atlas source then rebuild,按子目录；atlas_regions/atlases/ 必须通过构建脚本维护
310,5,assets/runtime/ui/interfaces/max_level_success/icons/,assets/runtime/ui/interfaces/max_level_success/,当前运行 UI / Current Runtime UI,正在使用 1 / Active,1,1,1,—,—,否；改 production 或图集源后重建 / No; edit production or atlas source then rebuild,按子目录；atlas_regions/atlases/ 必须通过构建脚本维护
311,4,assets/runtime/ui/interfaces/piggy_bank/,assets/runtime/ui/interfaces/,当前运行 UI / Current Runtime UI,在用待审核 1（其中待审 1） / Active pending review,0,1,1,art/production/ui/chapter01/2026-08-13_centered_interfaces_runtime_v04/qa/edge,—,否；改 production 或图集源后重建 / No; edit production or atlas source then rebuild,按子目录；atlas_regions/atlases/ 必须通过构建脚本维护
312,5,assets/runtime/ui/interfaces/piggy_bank/backplates/,assets/runtime/ui/interfaces/piggy_bank/,当前运行 UI / Current Runtime UI,在用待审核 1（其中待审 1） / Active pending review,1,1,1,art/production/ui/chapter01/2026-08-13_centered_interfaces_runtime_v04/qa/edge,—,否；改 production 或图集源后重建 / No; edit production or atlas source then rebuild,按子目录；atlas_regions/atlases/ 必须通过构建脚本维护
313,4,assets/runtime/ui/interfaces/purchase_confirmation/,assets/runtime/ui/interfaces/,当前运行 UI / Current Runtime UI,空目录或仅含非总账文件 / Empty or non-catalog files only,0,0,0,—,—,否；改 production 或图集源后重建 / No; edit production or atlas source then rebuild,按子目录；atlas_regions/atlases/ 必须通过构建脚本维护
314,5,assets/runtime/ui/interfaces/purchase_confirmation/backplates/,assets/runtime/ui/interfaces/purchase_confirmation/,当前运行 UI / Current Runtime UI,空目录或仅含非总账文件 / Empty or non-catalog files only,6,0,0,—,—,否；改 production 或图集源后重建 / No; edit production or atlas source then rebuild,按子目录；atlas_regions/atlases/ 必须通过构建脚本维护
315,5,assets/runtime/ui/interfaces/purchase_confirmation/icons/,assets/runtime/ui/interfaces/purchase_confirmation/,当前运行 UI / Current Runtime UI,空目录或仅含非总账文件 / Empty or non-catalog files only,2,0,0,—,—,否；改 production 或图集源后重建 / No; edit production or atlas source then rebuild,按子目录；atlas_regions/atlases/ 必须通过构建脚本维护
316,4,assets/runtime/ui/interfaces/settings/,assets/runtime/ui/interfaces/,当前运行 UI / Current Runtime UI,在用待审核 3（其中待审 3） / Active pending review,0,3,3,art/production/ui/chapter01/2026-08-13_centered_interfaces_runtime_v04/qa/edge | art/production/ui/chapter01/2026-08-13_centered_interfaces_complete_v02/cutouts/elements/common,—,否；改 production 或图集源后重建 / No; edit production or atlas source then rebuild,按子目录；atlas_regions/atlases/ 必须通过构建脚本维护
317,5,assets/runtime/ui/interfaces/settings/backplates/,assets/runtime/ui/interfaces/settings/,当前运行 UI / Current Runtime UI,在用待审核 1（其中待审 1） / Active pending review,1,1,1,art/production/ui/chapter01/2026-08-13_centered_interfaces_runtime_v04/qa/edge,—,否；改 production 或图集源后重建 / No; edit production or atlas source then rebuild,按子目录；atlas_regions/atlases/ 必须通过构建脚本维护
318,5,assets/runtime/ui/interfaces/settings/controls/,assets/runtime/ui/interfaces/settings/,当前运行 UI / Current Runtime UI,在用待审核 2（其中待审 2） / Active pending review,2,2,2,art/production/ui/chapter01/2026-08-13_centered_interfaces_complete_v02/cutouts/elements/common,—,否；改 production 或图集源后重建 / No; edit production or atlas source then rebuild,按子目录；atlas_regions/atlases/ 必须通过构建脚本维护
319,4,assets/runtime/ui/interfaces/settlement/,assets/runtime/ui/interfaces/,当前运行 UI / Current Runtime UI,正在使用 26 / Active,0,26,26,—,—,否；改 production 或图集源后重建 / No; edit production or atlas source then rebuild,按子目录；atlas_regions/atlases/ 必须通过构建脚本维护
320,5,assets/runtime/ui/interfaces/settlement/backplates/,assets/runtime/ui/interfaces/settlement/,当前运行 UI / Current Runtime UI,正在使用 9 / Active,9,9,9,—,—,否；改 production 或图集源后重建 / No; edit production or atlas source then rebuild,按子目录；atlas_regions/atlases/ 必须通过构建脚本维护
321,5,assets/runtime/ui/interfaces/settlement/decorations/,assets/runtime/ui/interfaces/settlement/,当前运行 UI / Current Runtime UI,正在使用 3 / Active,3,3,3,—,—,否；改 production 或图集源后重建 / No; edit production or atlas source then rebuild,按子目录；atlas_regions/atlases/ 必须通过构建脚本维护
322,5,assets/runtime/ui/interfaces/settlement/icons/,assets/runtime/ui/interfaces/settlement/,当前运行 UI / Current Runtime UI,正在使用 12 / Active,12,12,12,—,—,否；改 production 或图集源后重建 / No; edit production or atlas source then rebuild,按子目录；atlas_regions/atlases/ 必须通过构建脚本维护
323,5,assets/runtime/ui/interfaces/settlement/tabs/,assets/runtime/ui/interfaces/settlement/,当前运行 UI / Current Runtime UI,正在使用 2 / Active,2,2,2,—,—,否；改 production 或图集源后重建 / No; edit production or atlas source then rebuild,按子目录；atlas_regions/atlases/ 必须通过构建脚本维护
324,4,assets/runtime/ui/interfaces/shop/,assets/runtime/ui/interfaces/,当前运行 UI / Current Runtime UI,在用待审核 5（其中待审 5） / Active pending review,0,5,5,art/production/ui/chapter01/2026-08-13_centered_interfaces_runtime_v04/qa/edge | art/production/ui/chapter01/2026-08-13_centered_interfaces_complete_v02/cutouts/elements/pages/shop | art/production/ui/chapter01/2026-08-13_centered_interfaces_complete_v02/cutouts/elements/icons,—,否；改 production 或图集源后重建 / No; edit production or atlas source then rebuild,按子目录；atlas_regions/atlases/ 必须通过构建脚本维护
325,5,assets/runtime/ui/interfaces/shop/backplates/,assets/runtime/ui/interfaces/shop/,当前运行 UI / Current Runtime UI,在用待审核 1（其中待审 1） / Active pending review,1,1,1,art/production/ui/chapter01/2026-08-13_centered_interfaces_runtime_v04/qa/edge,—,否；改 production 或图集源后重建 / No; edit production or atlas source then rebuild,按子目录；atlas_regions/atlases/ 必须通过构建脚本维护
326,5,assets/runtime/ui/interfaces/shop/icons/,assets/runtime/ui/interfaces/shop/,当前运行 UI / Current Runtime UI,在用待审核 4（其中待审 4） / Active pending review,4,4,4,art/production/ui/chapter01/2026-08-13_centered_interfaces_complete_v02/cutouts/elements/pages/shop | art/production/ui/chapter01/2026-08-13_centered_interfaces_complete_v02/cutouts/elements/icons,—,否；改 production 或图集源后重建 / No; edit production or atlas source then rebuild,按子目录；atlas_regions/atlases/ 必须通过构建脚本维护
327,3,assets/runtime/ui/screens/,assets/runtime/ui/,旧运行 UI 包 / Legacy Runtime UI Package,旧包；不作为当前入口 / Legacy package; not current intake,0,14,0,—,—,"否；仅审核，不作为新增资源入口 / No; review only, not an intake location",不新增图集 / No new atlas work
328,4,assets/runtime/ui/screens/main_hub_v2/,assets/runtime/ui/screens/,旧运行 UI 包 / Legacy Runtime UI Package,旧包；不作为当前入口 / Legacy package; not current intake,0,10,0,assets/runtime/ui/interfaces/main_hub/**；shared/meta_icons/**,—,"否；仅审核，不作为新增资源入口 / No; review only, not an intake location",不新增图集 / No new atlas work
329,5,assets/runtime/ui/screens/main_hub_v2/frames/,assets/runtime/ui/screens/main_hub_v2/,旧运行 UI 包 / Legacy Runtime UI Package,旧包；不作为当前入口 / Legacy package; not current intake,10,10,0,assets/runtime/ui/interfaces/main_hub/**；shared/meta_icons/**,—,"否；仅审核，不作为新增资源入口 / No; review only, not an intake location",不新增图集 / No new atlas work
330,5,assets/runtime/ui/screens/main_hub_v2/icons/,assets/runtime/ui/screens/main_hub_v2/,旧运行 UI 包 / Legacy Runtime UI Package,旧包；不作为当前入口 / Legacy package; not current intake,0,0,0,assets/runtime/ui/interfaces/main_hub/**；shared/meta_icons/**,—,"否；仅审核，不作为新增资源入口 / No; review only, not an intake location",不新增图集 / No new atlas work
331,4,assets/runtime/ui/screens/skill_choice/,assets/runtime/ui/screens/,旧运行 UI 包 / Legacy Runtime UI Package,旧包；不作为当前入口 / Legacy package; not current intake,3,3,0,assets/runtime/ui/interfaces/imprint_choice/**,—,"否；仅审核，不作为新增资源入口 / No; review only, not an intake location",不新增图集 / No new atlas work
332,4,assets/runtime/ui/screens/wave_choice/,assets/runtime/ui/screens/,旧运行 UI 包 / Legacy Runtime UI Package,旧包；不作为当前入口 / Legacy package; not current intake,1,1,0,assets/runtime/ui/interfaces/crystal_card_choice/**,—,"否；仅审核，不作为新增资源入口 / No; review only, not an intake location",不新增图集 / No new atlas work
333,3,assets/runtime/ui/secondary/,assets/runtime/ui/,旧运行 UI 包 / Legacy Runtime UI Package,旧包；不作为当前入口 / Legacy package; not current intake,14,14,0,assets/runtime/ui/interfaces/**；shared/**,—,"否；仅审核，不作为新增资源入口 / No; review only, not an intake location",不新增图集 / No new atlas work
334,3,assets/runtime/ui/secondary_centered_v04/,assets/runtime/ui/,旧运行 UI 包 / Legacy Runtime UI Package,旧包；不作为当前入口 / Legacy package; not current intake,0,84,0,"assets/runtime/ui/interfaces/{battle_pause,exit_confirm,settings,first_purchase,piggy_bank,shop}/**；shared/**",—,"否；仅审核，不作为新增资源入口 / No; review only, not an intake location",不新增图集 / No new atlas work
335,4,assets/runtime/ui/secondary_centered_v04/elements/,assets/runtime/ui/secondary_centered_v04/,旧运行 UI 包 / Legacy Runtime UI Package,旧包；不作为当前入口 / Legacy package; not current intake,0,79,0,"assets/runtime/ui/interfaces/{battle_pause,exit_confirm,settings,first_purchase,piggy_bank,shop}/**；shared/**",—,"否；仅审核，不作为新增资源入口 / No; review only, not an intake location",不新增图集 / No new atlas work
336,5,assets/runtime/ui/secondary_centered_v04/elements/common/,assets/runtime/ui/secondary_centered_v04/elements/,旧运行 UI 包 / Legacy Runtime UI Package,旧包；不作为当前入口 / Legacy package; not current intake,11,11,0,"assets/runtime/ui/interfaces/{battle_pause,exit_confirm,settings,first_purchase,piggy_bank,shop}/**；shared/**",—,"否；仅审核，不作为新增资源入口 / No; review only, not an intake location",不新增图集 / No new atlas work
337,5,assets/runtime/ui/secondary_centered_v04/elements/icons/,assets/runtime/ui/secondary_centered_v04/elements/,旧运行 UI 包 / Legacy Runtime UI Package,旧包；不作为当前入口 / Legacy package; not current intake,23,32,0,"assets/runtime/ui/interfaces/{battle_pause,exit_confirm,settings,first_purchase,piggy_bank,shop}/**；shared/**",—,"否；仅审核，不作为新增资源入口 / No; review only, not an intake location",不新增图集 / No new atlas work
338,6,assets/runtime/ui/secondary_centered_v04/elements/icons/settings/,assets/runtime/ui/secondary_centered_v04/elements/icons/,旧运行 UI 包 / Legacy Runtime UI Package,旧包；不作为当前入口 / Legacy package; not current intake,9,9,0,"assets/runtime/ui/interfaces/{battle_pause,exit_confirm,settings,first_purchase,piggy_bank,shop}/**；shared/**",—,"否；仅审核，不作为新增资源入口 / No; review only, not an intake location",不新增图集 / No new atlas work
339,5,assets/runtime/ui/secondary_centered_v04/elements/pages/,assets/runtime/ui/secondary_centered_v04/elements/,旧运行 UI 包 / Legacy Runtime UI Package,旧包；不作为当前入口 / Legacy package; not current intake,0,36,0,"assets/runtime/ui/interfaces/{battle_pause,exit_confirm,settings,first_purchase,piggy_bank,shop}/**；shared/**",—,"否；仅审核，不作为新增资源入口 / No; review only, not an intake location",不新增图集 / No new atlas work
340,6,assets/runtime/ui/secondary_centered_v04/elements/pages/commerce/,assets/runtime/ui/secondary_centered_v04/elements/pages/,旧运行 UI 包 / Legacy Runtime UI Package,旧包；不作为当前入口 / Legacy package; not current intake,10,10,0,"assets/runtime/ui/interfaces/{battle_pause,exit_confirm,settings,first_purchase,piggy_bank,shop}/**；shared/**",—,"否；仅审核，不作为新增资源入口 / No; review only, not an intake location",不新增图集 / No new atlas work
341,6,assets/runtime/ui/secondary_centered_v04/elements/pages/daily/,assets/runtime/ui/secondary_centered_v04/elements/pages/,旧运行 UI 包 / Legacy Runtime UI Package,旧包；不作为当前入口 / Legacy package; not current intake,9,9,0,"assets/runtime/ui/interfaces/{battle_pause,exit_confirm,settings,first_purchase,piggy_bank,shop}/**；shared/**",—,"否；仅审核，不作为新增资源入口 / No; review only, not an intake location",不新增图集 / No new atlas work
342,6,assets/runtime/ui/secondary_centered_v04/elements/pages/pause/,assets/runtime/ui/secondary_centered_v04/elements/pages/,旧运行 UI 包 / Legacy Runtime UI Package,旧包；不作为当前入口 / Legacy package; not current intake,2,2,0,"assets/runtime/ui/interfaces/{battle_pause,exit_confirm,settings,first_purchase,piggy_bank,shop}/**；shared/**",—,"否；仅审核，不作为新增资源入口 / No; review only, not an intake location",不新增图集 / No new atlas work
343,6,assets/runtime/ui/secondary_centered_v04/elements/pages/shop/,assets/runtime/ui/secondary_centered_v04/elements/pages/,旧运行 UI 包 / Legacy Runtime UI Package,旧包；不作为当前入口 / Legacy package; not current intake,15,15,0,"assets/runtime/ui/interfaces/{battle_pause,exit_confirm,settings,first_purchase,piggy_bank,shop}/**；shared/**",—,"否；仅审核，不作为新增资源入口 / No; review only, not an intake location",不新增图集 / No new atlas work
344,4,assets/runtime/ui/secondary_centered_v04/frames/,assets/runtime/ui/secondary_centered_v04/,旧运行 UI 包 / Legacy Runtime UI Package,旧包；不作为当前入口 / Legacy package; not current intake,5,5,0,"assets/runtime/ui/interfaces/{battle_pause,exit_confirm,settings,first_purchase,piggy_bank,shop}/**；shared/**",—,"否；仅审核，不作为新增资源入口 / No; review only, not an intake location",不新增图集 / No new atlas work
345,3,assets/runtime/ui/shared/,assets/runtime/ui/,当前运行 UI / Current Runtime UI,在用待审核 25（其中待审 8） / Active pending review,0,25,25,art/production/ui/chapter01/2026-08-13_centered_interfaces_complete_v02/cutouts/elements/common | art/production/ui/chapter01/2026-08-13_centered_interfaces_runtime_v04/qa/edge,art/production/lobby/2026-08-08_lobby_hd_reset_and_cutout_v01/source,否；改 production 或图集源后重建 / No; edit production or atlas source then rebuild,按子目录；atlas_regions/atlases/ 必须通过构建脚本维护
346,4,assets/runtime/ui/shared/app/,assets/runtime/ui/shared/,当前运行 UI / Current Runtime UI,正在使用 1 / Active,0,1,1,—,—,否；改 production 或图集源后重建 / No; edit production or atlas source then rebuild,按子目录；atlas_regions/atlases/ 必须通过构建脚本维护
347,5,assets/runtime/ui/shared/app/icons/,assets/runtime/ui/shared/app/,当前运行 UI / Current Runtime UI,正在使用 1 / Active,1,1,1,—,—,否；改 production 或图集源后重建 / No; edit production or atlas source then rebuild,按子目录；atlas_regions/atlases/ 必须通过构建脚本维护
348,4,assets/runtime/ui/shared/backplates/,assets/runtime/ui/shared/,当前运行 UI / Current Runtime UI,在用待审核 1（其中待审 1） / Active pending review,0,1,1,art/production/ui/chapter01/2026-08-13_centered_interfaces_complete_v02/cutouts/elements/common,—,否；改 production 或图集源后重建 / No; edit production or atlas source then rebuild,按子目录；atlas_regions/atlases/ 必须通过构建脚本维护
349,5,assets/runtime/ui/shared/backplates/panels/,assets/runtime/ui/shared/backplates/,当前运行 UI / Current Runtime UI,在用待审核 1（其中待审 1） / Active pending review,1,1,1,art/production/ui/chapter01/2026-08-13_centered_interfaces_complete_v02/cutouts/elements/common,—,否；改 production 或图集源后重建 / No; edit production or atlas source then rebuild,按子目录；atlas_regions/atlases/ 必须通过构建脚本维护
350,4,assets/runtime/ui/shared/buttons/,assets/runtime/ui/shared/,当前运行 UI / Current Runtime UI,在用待审核 5（其中待审 5） / Active pending review,0,5,5,art/production/ui/chapter01/2026-08-13_centered_interfaces_complete_v02/cutouts/elements/common,—,否；改 production 或图集源后重建 / No; edit production or atlas source then rebuild,按子目录；atlas_regions/atlases/ 必须通过构建脚本维护
351,5,assets/runtime/ui/shared/buttons/states/,assets/runtime/ui/shared/buttons/,当前运行 UI / Current Runtime UI,在用待审核 5（其中待审 5） / Active pending review,5,5,5,art/production/ui/chapter01/2026-08-13_centered_interfaces_complete_v02/cutouts/elements/common,—,否；改 production 或图集源后重建 / No; edit production or atlas source then rebuild,按子目录；atlas_regions/atlases/ 必须通过构建脚本维护
352,4,assets/runtime/ui/shared/confirmation/,assets/runtime/ui/shared/,当前运行 UI / Current Runtime UI,在用待审核 1（其中待审 1） / Active pending review,0,1,1,art/production/ui/chapter01/2026-08-13_centered_interfaces_runtime_v04/qa/edge,—,否；改 production 或图集源后重建 / No; edit production or atlas source then rebuild,按子目录；atlas_regions/atlases/ 必须通过构建脚本维护
353,5,assets/runtime/ui/shared/confirmation/backplates/,assets/runtime/ui/shared/confirmation/,当前运行 UI / Current Runtime UI,在用待审核 1（其中待审 1） / Active pending review,1,1,1,art/production/ui/chapter01/2026-08-13_centered_interfaces_runtime_v04/qa/edge,—,否；改 production 或图集源后重建 / No; edit production or atlas source then rebuild,按子目录；atlas_regions/atlases/ 必须通过构建脚本维护
354,4,assets/runtime/ui/shared/decorations/,assets/runtime/ui/shared/,当前运行 UI / Current Runtime UI,在用待审核 1（其中待审 1） / Active pending review,0,1,1,art/production/ui/chapter01/2026-08-13_centered_interfaces_complete_v02/cutouts/elements/common,—,否；改 production 或图集源后重建 / No; edit production or atlas source then rebuild,按子目录；atlas_regions/atlases/ 必须通过构建脚本维护
355,5,assets/runtime/ui/shared/decorations/titles/,assets/runtime/ui/shared/decorations/,当前运行 UI / Current Runtime UI,在用待审核 1（其中待审 1） / Active pending review,1,1,1,art/production/ui/chapter01/2026-08-13_centered_interfaces_complete_v02/cutouts/elements/common,—,否；改 production 或图集源后重建 / No; edit production or atlas source then rebuild,按子目录；atlas_regions/atlases/ 必须通过构建脚本维护
356,4,assets/runtime/ui/shared/meta_icons/,assets/runtime/ui/shared/,当前运行 UI / Current Runtime UI,正在使用 16 / Active,0,16,16,—,art/production/lobby/2026-08-08_lobby_hd_reset_and_cutout_v01/source,否；改 production 或图集源后重建 / No; edit production or atlas source then rebuild,按子目录；atlas_regions/atlases/ 必须通过构建脚本维护
357,5,assets/runtime/ui/shared/meta_icons/atlas_regions/,assets/runtime/ui/shared/meta_icons/,当前运行 UI / Current Runtime UI,正在使用 15 / Active,15,15,15,—,art/production/lobby/2026-08-08_lobby_hd_reset_and_cutout_v01/source,否；改 production 或图集源后重建 / No; edit production or atlas source then rebuild,按子目录；atlas_regions/atlases/ 必须通过构建脚本维护
358,5,assets/runtime/ui/shared/meta_icons/atlases/,assets/runtime/ui/shared/meta_icons/,当前运行 UI / Current Runtime UI,正在使用 1 / Active,1,1,1,—,art/production/lobby/2026-08-08_lobby_hd_reset_and_cutout_v01/source,否；改 production 或图集源后重建 / No; edit production or atlas source then rebuild,按子目录；atlas_regions/atlases/ 必须通过构建脚本维护
359,0,shaders/,—,运行 Shader / Runtime Shader,正在使用 4 / Active,6,6,4,—,—,是；修改后必须运行材质与主场景校验 / Yes; run material and main-scene checks,不适用 / N/A
