审核行号 / Review Row ID,原总账行号 / Catalog Row ID,资源中文名 / Asset Name CN,资源英文名 / Asset Name EN,模块中文 / Module CN,模块英文 / Module EN,当前路径 / Current Path,静态引用证据 / Static Reference Evidence,动态加载证据 / Dynamic Loading Evidence,替代资源 / Exact Replacement,替代包候选 / Replacement Package Candidate,替代证据 / Replacement Evidence,来源可信度 / Provenance Confidence,建议处理 / Recommended Disposition,责任人 / Owner,需要审批 / Approval Required,原始备注 / Original Notes
1,964,待命名（Board Card Back）,Board Card Back,卡牌界面,Card UI,assets/runtime/ui/cards/backs/board_card_back.png,当前静态扫描未发现引用 / No current static reference found,旧函数或不可达分支线索；须人工确认动态加载 / Legacy or unreachable-branch evidence; confirm dynamic loading manually,,assets/runtime/ui/components/card_icons/**,模块级候选，非逐文件映射 / Package-level candidate only: assets/runtime/ui/components/card_icons/**,HIGH / 高,已替代，归档候选 / Superseded Archive Candidate,资源工程复核 / Resource Engineering Review,是 / Yes,仅在旧函数或不可达分支中出现；确认去留。 / Mentioned only by a legacy function or unreachable branch; confirm disposition. 原始来源路径当前不存在，保持历史删除状态。 / An original-source path is currently missing; preserve its deletion state.
2,965,待命名（Board Card Front）,Board Card Front,卡牌界面,Card UI,assets/runtime/ui/cards/backs/board_card_front.png,当前静态扫描未发现引用 / No current static reference found,旧函数或不可达分支线索；须人工确认动态加载 / Legacy or unreachable-branch evidence; confirm dynamic loading manually,,assets/runtime/ui/components/card_icons/**,模块级候选，非逐文件映射 / Package-level candidate only: assets/runtime/ui/components/card_icons/**,HIGH / 高,已替代，归档候选 / Superseded Archive Candidate,资源工程复核 / Resource Engineering Review,是 / Yes,仅在旧函数或不可达分支中出现；确认去留。 / Mentioned only by a legacy function or unreachable branch; confirm disposition. 原始来源路径当前不存在，保持历史删除状态。 / An original-source path is currently missing; preserve its deletion state.
3,966,待命名（Crystal Card Front）,Crystal Card Front,卡牌界面,Card UI,assets/runtime/ui/cards/backs/crystal_card_front.png,当前静态扫描未发现引用 / No current static reference found,旧函数或不可达分支线索；须人工确认动态加载 / Legacy or unreachable-branch evidence; confirm dynamic loading manually,,assets/runtime/ui/components/card_icons/**,模块级候选，非逐文件映射 / Package-level candidate only: assets/runtime/ui/components/card_icons/**,HIGH / 高,已替代，归档候选 / Superseded Archive Candidate,资源工程复核 / Resource Engineering Review,是 / Yes,仅在旧函数或不可达分支中出现；确认去留。 / Mentioned only by a legacy function or unreachable branch; confirm disposition. 原始来源路径当前不存在，保持历史删除状态。 / An original-source path is currently missing; preserve its deletion state.
4,967,徽记新,Badge New,卡牌界面,Card UI,assets/runtime/ui/cards/frames/badge_new.png,当前静态扫描未发现引用 / No current static reference found,旧函数或不可达分支线索；须人工确认动态加载 / Legacy or unreachable-branch evidence; confirm dynamic loading manually,,assets/runtime/ui/components/card_icons/**,模块级候选，非逐文件映射 / Package-level candidate only: assets/runtime/ui/components/card_icons/**,HIGH / 高,已替代，归档候选 / Superseded Archive Candidate,资源工程复核 / Resource Engineering Review,是 / Yes,仅在旧函数或不可达分支中出现；确认去留。 / Mentioned only by a legacy function or unreachable branch; confirm disposition. 原始来源路径当前不存在，保持历史删除状态。 / An original-source path is currently missing; preserve its deletion state.
5,1040,每日按钮领取v01,Daily Button Claim v01,日常任务与签到,Daily Program UI,assets/runtime/ui/daily_program_composition_v01/backplates/daily_button_claim_v01.png,当前静态扫描未发现引用 / No current static reference found,旧函数或不可达分支线索；须人工确认动态加载 / Legacy or unreachable-branch evidence; confirm dynamic loading manually,assets/runtime/ui/interfaces/daily_program,assets/runtime/ui/interfaces/daily_program/**,明确替代 / Exact replacement: assets/runtime/ui/interfaces/daily_program,LOW / 低,已替代，归档候选 / Superseded Archive Candidate,资源工程复核 / Resource Engineering Review,是 / Yes,未发现当前运行引用；确认动态使用后再清理。 / No current runtime reference found; confirm dynamic use before cleanup. 来源链需人工复核。 / Provenance chain requires manual review.
6,1041,每日按钮已领取v01,Daily Button Claimed v01,日常任务与签到,Daily Program UI,assets/runtime/ui/daily_program_composition_v01/backplates/daily_button_claimed_v01.png,当前静态扫描未发现引用 / No current static reference found,旧函数或不可达分支线索；须人工确认动态加载 / Legacy or unreachable-branch evidence; confirm dynamic loading manually,assets/runtime/ui/interfaces/daily_program,assets/runtime/ui/interfaces/daily_program/**,明确替代 / Exact replacement: assets/runtime/ui/interfaces/daily_program,LOW / 低,已替代，归档候选 / Superseded Archive Candidate,资源工程复核 / Resource Engineering Review,是 / Yes,未发现当前运行引用；确认动态使用后再清理。 / No current runtime reference found; confirm dynamic use before cleanup. 来源链需人工复核。 / Provenance chain requires manual review.
7,1042,每日按钮禁用v01,Daily Button Disabled v01,日常任务与签到,Daily Program UI,assets/runtime/ui/daily_program_composition_v01/backplates/daily_button_disabled_v01.png,当前静态扫描未发现引用 / No current static reference found,旧函数或不可达分支线索；须人工确认动态加载 / Legacy or unreachable-branch evidence; confirm dynamic loading manually,assets/runtime/ui/interfaces/daily_program,assets/runtime/ui/interfaces/daily_program/**,明确替代 / Exact replacement: assets/runtime/ui/interfaces/daily_program,LOW / 低,已替代，归档候选 / Superseded Archive Candidate,资源工程复核 / Resource Engineering Review,是 / Yes,未发现当前运行引用；确认动态使用后再清理。 / No current runtime reference found; confirm dynamic use before cleanup. 来源链需人工复核。 / Provenance chain requires manual review.
8,1043,每日关闭按钮v01,Daily Close Button v01,日常任务与签到,Daily Program UI,assets/runtime/ui/daily_program_composition_v01/backplates/daily_close_button_v01.png,当前静态扫描未发现引用 / No current static reference found,旧函数或不可达分支线索；须人工确认动态加载 / Legacy or unreachable-branch evidence; confirm dynamic loading manually,assets/runtime/ui/interfaces/daily_program,assets/runtime/ui/interfaces/daily_program/**,明确替代 / Exact replacement: assets/runtime/ui/interfaces/daily_program,LOW / 低,已替代，归档候选 / Superseded Archive Candidate,资源工程复核 / Resource Engineering Review,是 / Yes,未发现当前运行引用；确认动态使用后再清理。 / No current runtime reference found; confirm dynamic use before cleanup. 来源链需人工复核。 / Provenance chain requires manual review.
9,1044,每日图标槽位选中v01,Daily Icon Slot Selected v01,日常任务与签到,Daily Program UI,assets/runtime/ui/daily_program_composition_v01/backplates/daily_icon_slot_selected_v01.png,当前静态扫描未发现引用 / No current static reference found,旧函数或不可达分支线索；须人工确认动态加载 / Legacy or unreachable-branch evidence; confirm dynamic loading manually,assets/runtime/ui/interfaces/daily_program,assets/runtime/ui/interfaces/daily_program/**,明确替代 / Exact replacement: assets/runtime/ui/interfaces/daily_program,LOW / 低,已替代，归档候选 / Superseded Archive Candidate,资源工程复核 / Resource Engineering Review,是 / Yes,未发现当前运行引用；确认动态使用后再清理。 / No current runtime reference found; confirm dynamic use before cleanup. 来源链需人工复核。 / Provenance chain requires manual review.
10,1045,每日图标槽位v01,Daily Icon Slot v01,日常任务与签到,Daily Program UI,assets/runtime/ui/daily_program_composition_v01/backplates/daily_icon_slot_v01.png,当前静态扫描未发现引用 / No current static reference found,旧函数或不可达分支线索；须人工确认动态加载 / Legacy or unreachable-branch evidence; confirm dynamic loading manually,assets/runtime/ui/interfaces/daily_program,assets/runtime/ui/interfaces/daily_program/**,明确替代 / Exact replacement: assets/runtime/ui/interfaces/daily_program,LOW / 低,已替代，归档候选 / Superseded Archive Candidate,资源工程复核 / Resource Engineering Review,是 / Yes,未发现当前运行引用；确认动态使用后再清理。 / No current runtime reference found; confirm dynamic use before cleanup. 来源链需人工复核。 / Provenance chain requires manual review.
11,1046,每日进度填充v01,Daily Progress Fill v01,日常任务与签到,Daily Program UI,assets/runtime/ui/daily_program_composition_v01/backplates/daily_progress_fill_v01.png,当前静态扫描未发现引用 / No current static reference found,旧函数或不可达分支线索；须人工确认动态加载 / Legacy or unreachable-branch evidence; confirm dynamic loading manually,assets/runtime/ui/interfaces/daily_program,assets/runtime/ui/interfaces/daily_program/**,明确替代 / Exact replacement: assets/runtime/ui/interfaces/daily_program,LOW / 低,已替代，归档候选 / Superseded Archive Candidate,资源工程复核 / Resource Engineering Review,是 / Yes,未发现当前运行引用；确认动态使用后再清理。 / No current runtime reference found; confirm dynamic use before cleanup. 来源链需人工复核。 / Provenance chain requires manual review.
12,1047,每日进度轨道v01,Daily Progress Track v01,日常任务与签到,Daily Program UI,assets/runtime/ui/daily_program_composition_v01/backplates/daily_progress_track_v01.png,当前静态扫描未发现引用 / No current static reference found,旧函数或不可达分支线索；须人工确认动态加载 / Legacy or unreachable-branch evidence; confirm dynamic loading manually,assets/runtime/ui/interfaces/daily_program,assets/runtime/ui/interfaces/daily_program/**,明确替代 / Exact replacement: assets/runtime/ui/interfaces/daily_program,LOW / 低,已替代，归档候选 / Superseded Archive Candidate,资源工程复核 / Resource Engineering Review,是 / Yes,未发现当前运行引用；确认动态使用后再清理。 / No current runtime reference found; confirm dynamic use before cleanup. 来源链需人工复核。 / Provenance chain requires manual review.
13,1048,每日签到卡牌默认v01,Daily Signin Card Default v01,日常任务与签到,Daily Program UI,assets/runtime/ui/daily_program_composition_v01/backplates/daily_signin_card_default_v01.png,当前静态扫描未发现引用 / No current static reference found,旧函数或不可达分支线索；须人工确认动态加载 / Legacy or unreachable-branch evidence; confirm dynamic loading manually,assets/runtime/ui/interfaces/daily_program,assets/runtime/ui/interfaces/daily_program/**,明确替代 / Exact replacement: assets/runtime/ui/interfaces/daily_program,LOW / 低,已替代，归档候选 / Superseded Archive Candidate,资源工程复核 / Resource Engineering Review,是 / Yes,未发现当前运行引用；确认动态使用后再清理。 / No current runtime reference found; confirm dynamic use before cleanup. 来源链需人工复核。 / Provenance chain requires manual review.
14,1049,每日签到卡牌premiumv01,Daily Signin Card Premium v01,日常任务与签到,Daily Program UI,assets/runtime/ui/daily_program_composition_v01/backplates/daily_signin_card_premium_v01.png,当前静态扫描未发现引用 / No current static reference found,旧函数或不可达分支线索；须人工确认动态加载 / Legacy or unreachable-branch evidence; confirm dynamic loading manually,assets/runtime/ui/interfaces/daily_program,assets/runtime/ui/interfaces/daily_program/**,明确替代 / Exact replacement: assets/runtime/ui/interfaces/daily_program,LOW / 低,已替代，归档候选 / Superseded Archive Candidate,资源工程复核 / Resource Engineering Review,是 / Yes,未发现当前运行引用；确认动态使用后再清理。 / No current runtime reference found; confirm dynamic use before cleanup. 来源链需人工复核。 / Provenance chain requires manual review.
15,1050,每日签到卡牌选中v01,Daily Signin Card Selected v01,日常任务与签到,Daily Program UI,assets/runtime/ui/daily_program_composition_v01/backplates/daily_signin_card_selected_v01.png,当前静态扫描未发现引用 / No current static reference found,旧函数或不可达分支线索；须人工确认动态加载 / Legacy or unreachable-branch evidence; confirm dynamic loading manually,assets/runtime/ui/interfaces/daily_program,assets/runtime/ui/interfaces/daily_program/**,明确替代 / Exact replacement: assets/runtime/ui/interfaces/daily_program,LOW / 低,已替代，归档候选 / Superseded Archive Candidate,资源工程复核 / Resource Engineering Review,是 / Yes,未发现当前运行引用；确认动态使用后再清理。 / No current runtime reference found; confirm dynamic use before cleanup. 来源链需人工复核。 / Provenance chain requires manual review.
16,1051,每日签到面板外框固定v01,Daily Signin Panel Shell Fixed v01,日常任务与签到,Daily Program UI,assets/runtime/ui/daily_program_composition_v01/backplates/daily_signin_panel_shell_fixed_v01.png,当前静态扫描未发现引用 / No current static reference found,旧函数或不可达分支线索；须人工确认动态加载 / Legacy or unreachable-branch evidence; confirm dynamic loading manually,assets/runtime/ui/interfaces/daily_program,assets/runtime/ui/interfaces/daily_program/**,明确替代 / Exact replacement: assets/runtime/ui/interfaces/daily_program,LOW / 低,已替代，归档候选 / Superseded Archive Candidate,资源工程复核 / Resource Engineering Review,是 / Yes,未发现当前运行引用；确认动态使用后再清理。 / No current runtime reference found; confirm dynamic use before cleanup. 来源链需人工复核。 / Provenance chain requires manual review.
17,1052,每日任务面板外框固定v01,Daily Task Panel Shell Fixed v01,日常任务与签到,Daily Program UI,assets/runtime/ui/daily_program_composition_v01/backplates/daily_task_panel_shell_fixed_v01.png,当前静态扫描未发现引用 / No current static reference found,旧函数或不可达分支线索；须人工确认动态加载 / Legacy or unreachable-branch evidence; confirm dynamic loading manually,assets/runtime/ui/interfaces/daily_program,assets/runtime/ui/interfaces/daily_program/**,明确替代 / Exact replacement: assets/runtime/ui/interfaces/daily_program,LOW / 低,已替代，归档候选 / Superseded Archive Candidate,资源工程复核 / Resource Engineering Review,是 / Yes,未发现当前运行引用；确认动态使用后再清理。 / No current runtime reference found; confirm dynamic use before cleanup. 来源链需人工复核。 / Provenance chain requires manual review.
18,1053,每日任务行默认v01,Daily Task Row Default v01,日常任务与签到,Daily Program UI,assets/runtime/ui/daily_program_composition_v01/backplates/daily_task_row_default_v01.png,当前静态扫描未发现引用 / No current static reference found,旧函数或不可达分支线索；须人工确认动态加载 / Legacy or unreachable-branch evidence; confirm dynamic loading manually,assets/runtime/ui/interfaces/daily_program,assets/runtime/ui/interfaces/daily_program/**,明确替代 / Exact replacement: assets/runtime/ui/interfaces/daily_program,LOW / 低,已替代，归档候选 / Superseded Archive Candidate,资源工程复核 / Resource Engineering Review,是 / Yes,未发现当前运行引用；确认动态使用后再清理。 / No current runtime reference found; confirm dynamic use before cleanup. 来源链需人工复核。 / Provenance chain requires manual review.
19,1054,每日任务行选中v01,Daily Task Row Selected v01,日常任务与签到,Daily Program UI,assets/runtime/ui/daily_program_composition_v01/backplates/daily_task_row_selected_v01.png,当前静态扫描未发现引用 / No current static reference found,旧函数或不可达分支线索；须人工确认动态加载 / Legacy or unreachable-branch evidence; confirm dynamic loading manually,assets/runtime/ui/interfaces/daily_program,assets/runtime/ui/interfaces/daily_program/**,明确替代 / Exact replacement: assets/runtime/ui/interfaces/daily_program,LOW / 低,已替代，归档候选 / Superseded Archive Candidate,资源工程复核 / Resource Engineering Review,是 / Yes,未发现当前运行引用；确认动态使用后再清理。 / No current runtime reference found; confirm dynamic use before cleanup. 来源链需人工复核。 / Provenance chain requires manual review.
20,1055,每日标题tabv01,Daily Title Tab v01,日常任务与签到,Daily Program UI,assets/runtime/ui/daily_program_composition_v01/backplates/daily_title_tab_v01.png,当前静态扫描未发现引用 / No current static reference found,旧函数或不可达分支线索；须人工确认动态加载 / Legacy or unreachable-branch evidence; confirm dynamic loading manually,assets/runtime/ui/interfaces/daily_program,assets/runtime/ui/interfaces/daily_program/**,明确替代 / Exact replacement: assets/runtime/ui/interfaces/daily_program,LOW / 低,已替代，归档候选 / Superseded Archive Candidate,资源工程复核 / Resource Engineering Review,是 / Yes,未发现当前运行引用；确认动态使用后再清理。 / No current runtime reference found; confirm dynamic use before cleanup. 来源链需人工复核。 / Provenance chain requires manual review.
21,1056,每日图标活跃星阶v01,Daily Icon Activity Star v01,日常任务与签到,Daily Program UI,assets/runtime/ui/daily_program_composition_v01/icons/daily_icon_activity_star_v01.png,当前静态扫描未发现引用 / No current static reference found,旧函数或不可达分支线索；须人工确认动态加载 / Legacy or unreachable-branch evidence; confirm dynamic loading manually,assets/runtime/ui/interfaces/daily_program,assets/runtime/ui/interfaces/daily_program/**,明确替代 / Exact replacement: assets/runtime/ui/interfaces/daily_program,HIGH / 高,已替代，归档候选 / Superseded Archive Candidate,资源工程复核 / Resource Engineering Review,是 / Yes,未发现当前运行引用；确认动态使用后再清理。 / No current runtime reference found; confirm dynamic use before cleanup.
22,1057,每日图标挑战v01,Daily Icon Challenge v01,日常任务与签到,Daily Program UI,assets/runtime/ui/daily_program_composition_v01/icons/daily_icon_challenge_v01.png,当前静态扫描未发现引用 / No current static reference found,旧函数或不可达分支线索；须人工确认动态加载 / Legacy or unreachable-branch evidence; confirm dynamic loading manually,assets/runtime/ui/interfaces/daily_program,assets/runtime/ui/interfaces/daily_program/**,明确替代 / Exact replacement: assets/runtime/ui/interfaces/daily_program,HIGH / 高,已替代，归档候选 / Superseded Archive Candidate,资源工程复核 / Resource Engineering Review,是 / Yes,未发现当前运行引用；确认动态使用后再清理。 / No current runtime reference found; confirm dynamic use before cleanup.
23,1058,每日图标宝箱v01,Daily Icon Chest v01,日常任务与签到,Daily Program UI,assets/runtime/ui/daily_program_composition_v01/icons/daily_icon_chest_v01.png,当前静态扫描未发现引用 / No current static reference found,旧函数或不可达分支线索；须人工确认动态加载 / Legacy or unreachable-branch evidence; confirm dynamic loading manually,assets/runtime/ui/interfaces/daily_program,assets/runtime/ui/interfaces/daily_program/**,明确替代 / Exact replacement: assets/runtime/ui/interfaces/daily_program,LOW / 低,已替代，归档候选 / Superseded Archive Candidate,资源工程复核 / Resource Engineering Review,是 / Yes,未发现当前运行引用；确认动态使用后再清理。 / No current runtime reference found; confirm dynamic use before cleanup. 来源链需人工复核。 / Provenance chain requires manual review.
24,1059,每日图标已领取checkv01,Daily Icon Claimed Check v01,日常任务与签到,Daily Program UI,assets/runtime/ui/daily_program_composition_v01/icons/daily_icon_claimed_check_v01.png,当前静态扫描未发现引用 / No current static reference found,旧函数或不可达分支线索；须人工确认动态加载 / Legacy or unreachable-branch evidence; confirm dynamic loading manually,assets/runtime/ui/interfaces/daily_program,assets/runtime/ui/interfaces/daily_program/**,明确替代 / Exact replacement: assets/runtime/ui/interfaces/daily_program,HIGH / 高,已替代，归档候选 / Superseded Archive Candidate,资源工程复核 / Resource Engineering Review,是 / Yes,未发现当前运行引用；确认动态使用后再清理。 / No current runtime reference found; confirm dynamic use before cleanup.
25,1060,每日图标金币v01,Daily Icon Coin v01,日常任务与签到,Daily Program UI,assets/runtime/ui/daily_program_composition_v01/icons/daily_icon_coin_v01.png,当前静态扫描未发现引用 / No current static reference found,旧函数或不可达分支线索；须人工确认动态加载 / Legacy or unreachable-branch evidence; confirm dynamic loading manually,assets/runtime/ui/interfaces/daily_program,assets/runtime/ui/interfaces/daily_program/**,明确替代 / Exact replacement: assets/runtime/ui/interfaces/daily_program,HIGH / 高,已替代，归档候选 / Superseded Archive Candidate,资源工程复核 / Resource Engineering Review,是 / Yes,未发现当前运行引用；确认动态使用后再清理。 / No current runtime reference found; confirm dynamic use before cleanup.
26,1061,每日图标宝石v01,Daily Icon Gem v01,日常任务与签到,Daily Program UI,assets/runtime/ui/daily_program_composition_v01/icons/daily_icon_gem_v01.png,当前静态扫描未发现引用 / No current static reference found,旧函数或不可达分支线索；须人工确认动态加载 / Legacy or unreachable-branch evidence; confirm dynamic loading manually,assets/runtime/ui/interfaces/daily_program,assets/runtime/ui/interfaces/daily_program/**,明确替代 / Exact replacement: assets/runtime/ui/interfaces/daily_program,HIGH / 高,已替代，归档候选 / Superseded Archive Candidate,资源工程复核 / Resource Engineering Review,是 / Yes,未发现当前运行引用；确认动态使用后再清理。 / No current runtime reference found; confirm dynamic use before cleanup.
27,1062,每日图标登录v01,Daily Icon Login v01,日常任务与签到,Daily Program UI,assets/runtime/ui/daily_program_composition_v01/icons/daily_icon_login_v01.png,当前静态扫描未发现引用 / No current static reference found,旧函数或不可达分支线索；须人工确认动态加载 / Legacy or unreachable-branch evidence; confirm dynamic loading manually,assets/runtime/ui/interfaces/daily_program,assets/runtime/ui/interfaces/daily_program/**,明确替代 / Exact replacement: assets/runtime/ui/interfaces/daily_program,HIGH / 高,已替代，归档候选 / Superseded Archive Candidate,资源工程复核 / Resource Engineering Review,是 / Yes,未发现当前运行引用；确认动态使用后再清理。 / No current runtime reference found; confirm dynamic use before cleanup.
28,1063,每日图标合成v01,Daily Icon Merge v01,日常任务与签到,Daily Program UI,assets/runtime/ui/daily_program_composition_v01/icons/daily_icon_merge_v01.png,当前静态扫描未发现引用 / No current static reference found,旧函数或不可达分支线索；须人工确认动态加载 / Legacy or unreachable-branch evidence; confirm dynamic loading manually,assets/runtime/ui/interfaces/daily_program,assets/runtime/ui/interfaces/daily_program/**,明确替代 / Exact replacement: assets/runtime/ui/interfaces/daily_program,HIGH / 高,已替代，归档候选 / Superseded Archive Candidate,资源工程复核 / Resource Engineering Review,是 / Yes,未发现当前运行引用；确认动态使用后再清理。 / No current runtime reference found; confirm dynamic use before cleanup.
29,1064,每日图标怪物v01,Daily Icon Monster v01,日常任务与签到,Daily Program UI,assets/runtime/ui/daily_program_composition_v01/icons/daily_icon_monster_v01.png,当前静态扫描未发现引用 / No current static reference found,旧函数或不可达分支线索；须人工确认动态加载 / Legacy or unreachable-branch evidence; confirm dynamic loading manually,assets/runtime/ui/interfaces/daily_program,assets/runtime/ui/interfaces/daily_program/**,明确替代 / Exact replacement: assets/runtime/ui/interfaces/daily_program,HIGH / 高,已替代，归档候选 / Superseded Archive Candidate,资源工程复核 / Resource Engineering Review,是 / Yes,未发现当前运行引用；确认动态使用后再清理。 / No current runtime reference found; confirm dynamic use before cleanup.
30,1065,签到卡牌默认v01,Signin Card Default v01,每日签到,Daily Sign-In UI,assets/runtime/ui/daily_signin_hd_v01/signin_card_default_v01.png,当前静态扫描未发现引用 / No current static reference found,旧函数或不可达分支线索；须人工确认动态加载 / Legacy or unreachable-branch evidence; confirm dynamic loading manually,assets/runtime/ui/interfaces/daily_program,assets/runtime/ui/interfaces/daily_program/**,明确替代 / Exact replacement: assets/runtime/ui/interfaces/daily_program,MEDIUM / 中,已替代，归档候选 / Superseded Archive Candidate,资源工程复核 / Resource Engineering Review,是 / Yes,仅在旧函数或不可达分支中出现；确认去留。 / Mentioned only by a legacy function or unreachable branch; confirm disposition.
31,1066,签到卡牌premiumv01,Signin Card Premium v01,每日签到,Daily Sign-In UI,assets/runtime/ui/daily_signin_hd_v01/signin_card_premium_v01.png,当前静态扫描未发现引用 / No current static reference found,旧函数或不可达分支线索；须人工确认动态加载 / Legacy or unreachable-branch evidence; confirm dynamic loading manually,assets/runtime/ui/interfaces/daily_program,assets/runtime/ui/interfaces/daily_program/**,明确替代 / Exact replacement: assets/runtime/ui/interfaces/daily_program,MEDIUM / 中,已替代，归档候选 / Superseded Archive Candidate,资源工程复核 / Resource Engineering Review,是 / Yes,仅在旧函数或不可达分支中出现；确认去留。 / Mentioned only by a legacy function or unreachable branch; confirm disposition.
32,1067,签到卡牌选中v01,Signin Card Selected v01,每日签到,Daily Sign-In UI,assets/runtime/ui/daily_signin_hd_v01/signin_card_selected_v01.png,当前静态扫描未发现引用 / No current static reference found,旧函数或不可达分支线索；须人工确认动态加载 / Legacy or unreachable-branch evidence; confirm dynamic loading manually,assets/runtime/ui/interfaces/daily_program,assets/runtime/ui/interfaces/daily_program/**,明确替代 / Exact replacement: assets/runtime/ui/interfaces/daily_program,MEDIUM / 中,已替代，归档候选 / Superseded Archive Candidate,资源工程复核 / Resource Engineering Review,是 / Yes,仅在旧函数或不可达分支中出现；确认去留。 / Mentioned only by a legacy function or unreachable branch; confirm disposition.
33,1068,签到领取按钮默认v01,Signin Claim Button Default v01,每日签到,Daily Sign-In UI,assets/runtime/ui/daily_signin_hd_v01/signin_claim_button_default_v01.png,当前静态扫描未发现引用 / No current static reference found,旧函数或不可达分支线索；须人工确认动态加载 / Legacy or unreachable-branch evidence; confirm dynamic loading manually,assets/runtime/ui/interfaces/daily_program,assets/runtime/ui/interfaces/daily_program/**,明确替代 / Exact replacement: assets/runtime/ui/interfaces/daily_program,MEDIUM / 中,已替代，归档候选 / Superseded Archive Candidate,资源工程复核 / Resource Engineering Review,是 / Yes,仅在旧函数或不可达分支中出现；确认去留。 / Mentioned only by a legacy function or unreachable branch; confirm disposition.
34,1069,签到已领取checkv01,Signin Claimed Check v01,每日签到,Daily Sign-In UI,assets/runtime/ui/daily_signin_hd_v01/signin_claimed_check_v01.png,当前静态扫描未发现引用 / No current static reference found,旧函数或不可达分支线索；须人工确认动态加载 / Legacy or unreachable-branch evidence; confirm dynamic loading manually,assets/runtime/ui/interfaces/daily_program,assets/runtime/ui/interfaces/daily_program/**,明确替代 / Exact replacement: assets/runtime/ui/interfaces/daily_program,MEDIUM / 中,已替代，归档候选 / Superseded Archive Candidate,资源工程复核 / Resource Engineering Review,是 / Yes,仅在旧函数或不可达分支中出现；确认去留。 / Mentioned only by a legacy function or unreachable branch; confirm disposition.
35,1070,签到关闭按钮bgv01,Signin Close Button Bg v01,每日签到,Daily Sign-In UI,assets/runtime/ui/daily_signin_hd_v01/signin_close_button_bg_v01.png,当前静态扫描未发现引用 / No current static reference found,旧函数或不可达分支线索；须人工确认动态加载 / Legacy or unreachable-branch evidence; confirm dynamic loading manually,assets/runtime/ui/interfaces/daily_program,assets/runtime/ui/interfaces/daily_program/**,明确替代 / Exact replacement: assets/runtime/ui/interfaces/daily_program,MEDIUM / 中,已替代，归档候选 / Superseded Archive Candidate,资源工程复核 / Resource Engineering Review,是 / Yes,仅在旧函数或不可达分支中出现；确认去留。 / Mentioned only by a legacy function or unreachable branch; confirm disposition.
36,1071,签到关闭图标v01,Signin Close Icon v01,每日签到,Daily Sign-In UI,assets/runtime/ui/daily_signin_hd_v01/signin_close_icon_v01.png,当前静态扫描未发现引用 / No current static reference found,旧函数或不可达分支线索；须人工确认动态加载 / Legacy or unreachable-branch evidence; confirm dynamic loading manually,assets/runtime/ui/interfaces/daily_program,assets/runtime/ui/interfaces/daily_program/**,明确替代 / Exact replacement: assets/runtime/ui/interfaces/daily_program,MEDIUM / 中,已替代，归档候选 / Superseded Archive Candidate,资源工程复核 / Resource Engineering Review,是 / Yes,仅在旧函数或不可达分支中出现；确认去留。 / Mentioned only by a legacy function or unreachable branch; confirm disposition.
37,1072,签到面板外框裁切v01,Signin Panel Shell Cropped v01,每日签到,Daily Sign-In UI,assets/runtime/ui/daily_signin_hd_v01/signin_panel_shell_cropped_v01.tres,当前静态扫描未发现引用 / No current static reference found,旧函数或不可达分支线索；须人工确认动态加载 / Legacy or unreachable-branch evidence; confirm dynamic loading manually,assets/runtime/ui/interfaces/daily_program,assets/runtime/ui/interfaces/daily_program/**,明确替代 / Exact replacement: assets/runtime/ui/interfaces/daily_program,LOW / 低,已替代，归档候选 / Superseded Archive Candidate,资源工程复核 / Resource Engineering Review,是 / Yes,仅在旧函数或不可达分支中出现；确认去留。 / Mentioned only by a legacy function or unreachable branch; confirm disposition. 来源链需人工复核。 / Provenance chain requires manual review.
38,1073,签到面板外框固定v01,Signin Panel Shell Fixed v01,每日签到,Daily Sign-In UI,assets/runtime/ui/daily_signin_hd_v01/signin_panel_shell_fixed_v01.png,当前静态扫描未发现引用 / No current static reference found,旧函数或不可达分支线索；须人工确认动态加载 / Legacy or unreachable-branch evidence; confirm dynamic loading manually,assets/runtime/ui/interfaces/daily_program,assets/runtime/ui/interfaces/daily_program/**,明确替代 / Exact replacement: assets/runtime/ui/interfaces/daily_program,MEDIUM / 中,已替代，归档候选 / Superseded Archive Candidate,资源工程复核 / Resource Engineering Review,是 / Yes,仅在旧函数或不可达分支中出现；确认去留。 / Mentioned only by a legacy function or unreachable branch; confirm disposition.
39,1074,签到奖励宝箱v01,Signin Reward Chest v01,每日签到,Daily Sign-In UI,assets/runtime/ui/daily_signin_hd_v01/signin_reward_chest_v01.png,当前静态扫描未发现引用 / No current static reference found,旧函数或不可达分支线索；须人工确认动态加载 / Legacy or unreachable-branch evidence; confirm dynamic loading manually,assets/runtime/ui/interfaces/daily_program,assets/runtime/ui/interfaces/daily_program/**,明确替代 / Exact replacement: assets/runtime/ui/interfaces/daily_program,MEDIUM / 中,已替代，归档候选 / Superseded Archive Candidate,资源工程复核 / Resource Engineering Review,是 / Yes,仅在旧函数或不可达分支中出现；确认去留。 / Mentioned only by a legacy function or unreachable branch; confirm disposition.
40,1075,签到奖励金币v01,Signin Reward Coin v01,每日签到,Daily Sign-In UI,assets/runtime/ui/daily_signin_hd_v01/signin_reward_coin_v01.png,当前静态扫描未发现引用 / No current static reference found,旧函数或不可达分支线索；须人工确认动态加载 / Legacy or unreachable-branch evidence; confirm dynamic loading manually,assets/runtime/ui/interfaces/daily_program,assets/runtime/ui/interfaces/daily_program/**,明确替代 / Exact replacement: assets/runtime/ui/interfaces/daily_program,MEDIUM / 中,已替代，归档候选 / Superseded Archive Candidate,资源工程复核 / Resource Engineering Review,是 / Yes,仅在旧函数或不可达分支中出现；确认去留。 / Mentioned only by a legacy function or unreachable branch; confirm disposition.
41,1076,签到奖励宝石v01,Signin Reward Gem v01,每日签到,Daily Sign-In UI,assets/runtime/ui/daily_signin_hd_v01/signin_reward_gem_v01.png,当前静态扫描未发现引用 / No current static reference found,旧函数或不可达分支线索；须人工确认动态加载 / Legacy or unreachable-branch evidence; confirm dynamic loading manually,assets/runtime/ui/interfaces/daily_program,assets/runtime/ui/interfaces/daily_program/**,明确替代 / Exact replacement: assets/runtime/ui/interfaces/daily_program,MEDIUM / 中,已替代，归档候选 / Superseded Archive Candidate,资源工程复核 / Resource Engineering Review,是 / Yes,仅在旧函数或不可达分支中出现；确认去留。 / Mentioned only by a legacy function or unreachable branch; confirm disposition.
42,1077,签到选中rimv01,Signin Selected Rim v01,每日签到,Daily Sign-In UI,assets/runtime/ui/daily_signin_hd_v01/signin_selected_rim_v01.png,当前静态扫描未发现引用 / No current static reference found,旧函数或不可达分支线索；须人工确认动态加载 / Legacy or unreachable-branch evidence; confirm dynamic loading manually,assets/runtime/ui/interfaces/daily_program,assets/runtime/ui/interfaces/daily_program/**,明确替代 / Exact replacement: assets/runtime/ui/interfaces/daily_program,MEDIUM / 中,已替代，归档候选 / Superseded Archive Candidate,资源工程复核 / Resource Engineering Review,是 / Yes,仅在旧函数或不可达分支中出现；确认去留。 / Mentioned only by a legacy function or unreachable branch; confirm disposition.
43,1078,签到tab未激活v01,Signin Tab Inactive v01,每日签到,Daily Sign-In UI,assets/runtime/ui/daily_signin_hd_v01/signin_tab_inactive_v01.png,当前静态扫描未发现引用 / No current static reference found,旧函数或不可达分支线索；须人工确认动态加载 / Legacy or unreachable-branch evidence; confirm dynamic loading manually,assets/runtime/ui/interfaces/daily_program,assets/runtime/ui/interfaces/daily_program/**,明确替代 / Exact replacement: assets/runtime/ui/interfaces/daily_program,MEDIUM / 中,已替代，归档候选 / Superseded Archive Candidate,资源工程复核 / Resource Engineering Review,是 / Yes,仅在旧函数或不可达分支中出现；确认去留。 / Mentioned only by a legacy function or unreachable branch; confirm disposition.
44,1079,签到tab选中v01,Signin Tab Selected v01,每日签到,Daily Sign-In UI,assets/runtime/ui/daily_signin_hd_v01/signin_tab_selected_v01.png,当前静态扫描未发现引用 / No current static reference found,旧函数或不可达分支线索；须人工确认动态加载 / Legacy or unreachable-branch evidence; confirm dynamic loading manually,assets/runtime/ui/interfaces/daily_program,assets/runtime/ui/interfaces/daily_program/**,明确替代 / Exact replacement: assets/runtime/ui/interfaces/daily_program,MEDIUM / 中,已替代，归档候选 / Superseded Archive Candidate,资源工程复核 / Resource Engineering Review,是 / Yes,仅在旧函数或不可达分支中出现；确认去留。 / Mentioned only by a legacy function or unreachable branch; confirm disposition.
45,1080,每日按钮领取默认v01,Daily Btn Claim Default v01,日常任务,Daily Tasks UI,assets/runtime/ui/daily_tasks_hd_v01/daily_btn_claim_default_v01.png,当前静态扫描未发现引用 / No current static reference found,旧函数或不可达分支线索；须人工确认动态加载 / Legacy or unreachable-branch evidence; confirm dynamic loading manually,assets/runtime/ui/interfaces/daily_program,assets/runtime/ui/interfaces/daily_program/**,明确替代 / Exact replacement: assets/runtime/ui/interfaces/daily_program,MEDIUM / 中,已替代，归档候选 / Superseded Archive Candidate,资源工程复核 / Resource Engineering Review,是 / Yes,仅在旧函数或不可达分支中出现；确认去留。 / Mentioned only by a legacy function or unreachable branch; confirm disposition.
46,1081,每日按钮领取默认v01,Daily Btn Claim Default v01,日常任务,Daily Tasks UI,assets/runtime/ui/daily_tasks_hd_v01/daily_btn_claim_default_v01.tres,当前静态扫描未发现引用 / No current static reference found,旧函数或不可达分支线索；须人工确认动态加载 / Legacy or unreachable-branch evidence; confirm dynamic loading manually,assets/runtime/ui/interfaces/daily_program,assets/runtime/ui/interfaces/daily_program/**,明确替代 / Exact replacement: assets/runtime/ui/interfaces/daily_program,LOW / 低,已替代，归档候选 / Superseded Archive Candidate,资源工程复核 / Resource Engineering Review,是 / Yes,仅在旧函数或不可达分支中出现；确认去留。 / Mentioned only by a legacy function or unreachable branch; confirm disposition. 来源链需人工复核。 / Provenance chain requires manual review.
47,1082,每日按钮已领取禁用v01,Daily Btn Claimed Disabled v01,日常任务,Daily Tasks UI,assets/runtime/ui/daily_tasks_hd_v01/daily_btn_claimed_disabled_v01.png,当前静态扫描未发现引用 / No current static reference found,旧函数或不可达分支线索；须人工确认动态加载 / Legacy or unreachable-branch evidence; confirm dynamic loading manually,assets/runtime/ui/interfaces/daily_program,assets/runtime/ui/interfaces/daily_program/**,明确替代 / Exact replacement: assets/runtime/ui/interfaces/daily_program,MEDIUM / 中,已替代，归档候选 / Superseded Archive Candidate,资源工程复核 / Resource Engineering Review,是 / Yes,仅在旧函数或不可达分支中出现；确认去留。 / Mentioned only by a legacy function or unreachable branch; confirm disposition.
48,1083,每日按钮已领取禁用v01,Daily Btn Claimed Disabled v01,日常任务,Daily Tasks UI,assets/runtime/ui/daily_tasks_hd_v01/daily_btn_claimed_disabled_v01.tres,当前静态扫描未发现引用 / No current static reference found,旧函数或不可达分支线索；须人工确认动态加载 / Legacy or unreachable-branch evidence; confirm dynamic loading manually,assets/runtime/ui/interfaces/daily_program,assets/runtime/ui/interfaces/daily_program/**,明确替代 / Exact replacement: assets/runtime/ui/interfaces/daily_program,LOW / 低,已替代，归档候选 / Superseded Archive Candidate,资源工程复核 / Resource Engineering Review,是 / Yes,仅在旧函数或不可达分支中出现；确认去留。 / Mentioned only by a legacy function or unreachable branch; confirm disposition. 来源链需人工复核。 / Provenance chain requires manual review.
49,1084,每日按钮关闭v01,Daily Btn Close v01,日常任务,Daily Tasks UI,assets/runtime/ui/daily_tasks_hd_v01/daily_btn_close_v01.png,当前静态扫描未发现引用 / No current static reference found,旧函数或不可达分支线索；须人工确认动态加载 / Legacy or unreachable-branch evidence; confirm dynamic loading manually,assets/runtime/ui/interfaces/daily_program,assets/runtime/ui/interfaces/daily_program/**,明确替代 / Exact replacement: assets/runtime/ui/interfaces/daily_program,MEDIUM / 中,已替代，归档候选 / Superseded Archive Candidate,资源工程复核 / Resource Engineering Review,是 / Yes,仅在旧函数或不可达分支中出现；确认去留。 / Mentioned only by a legacy function or unreachable branch; confirm disposition.
50,1085,每日按钮前往默认v01,Daily Btn Go Default v01,日常任务,Daily Tasks UI,assets/runtime/ui/daily_tasks_hd_v01/daily_btn_go_default_v01.png,当前静态扫描未发现引用 / No current static reference found,旧函数或不可达分支线索；须人工确认动态加载 / Legacy or unreachable-branch evidence; confirm dynamic loading manually,assets/runtime/ui/interfaces/daily_program,assets/runtime/ui/interfaces/daily_program/**,明确替代 / Exact replacement: assets/runtime/ui/interfaces/daily_program,MEDIUM / 中,已替代，归档候选 / Superseded Archive Candidate,资源工程复核 / Resource Engineering Review,是 / Yes,仅在旧函数或不可达分支中出现；确认去留。 / Mentioned only by a legacy function or unreachable branch; confirm disposition.
51,1086,每日按钮前往默认v01,Daily Btn Go Default v01,日常任务,Daily Tasks UI,assets/runtime/ui/daily_tasks_hd_v01/daily_btn_go_default_v01.tres,当前静态扫描未发现引用 / No current static reference found,旧函数或不可达分支线索；须人工确认动态加载 / Legacy or unreachable-branch evidence; confirm dynamic loading manually,assets/runtime/ui/interfaces/daily_program,assets/runtime/ui/interfaces/daily_program/**,明确替代 / Exact replacement: assets/runtime/ui/interfaces/daily_program,LOW / 低,已替代，归档候选 / Superseded Archive Candidate,资源工程复核 / Resource Engineering Review,是 / Yes,仅在旧函数或不可达分支中出现；确认去留。 / Mentioned only by a legacy function or unreachable branch; confirm disposition. 来源链需人工复核。 / Provenance chain requires manual review.
52,1087,每日宝箱锁定v01,Daily Chest Locked v01,日常任务,Daily Tasks UI,assets/runtime/ui/daily_tasks_hd_v01/daily_chest_locked_v01.png,当前静态扫描未发现引用 / No current static reference found,旧函数或不可达分支线索；须人工确认动态加载 / Legacy or unreachable-branch evidence; confirm dynamic loading manually,assets/runtime/ui/interfaces/daily_program,assets/runtime/ui/interfaces/daily_program/**,明确替代 / Exact replacement: assets/runtime/ui/interfaces/daily_program,MEDIUM / 中,已替代，归档候选 / Superseded Archive Candidate,资源工程复核 / Resource Engineering Review,是 / Yes,仅在旧函数或不可达分支中出现；确认去留。 / Mentioned only by a legacy function or unreachable branch; confirm disposition.
53,1088,每日宝箱readyv01,Daily Chest Ready v01,日常任务,Daily Tasks UI,assets/runtime/ui/daily_tasks_hd_v01/daily_chest_ready_v01.png,当前静态扫描未发现引用 / No current static reference found,旧函数或不可达分支线索；须人工确认动态加载 / Legacy or unreachable-branch evidence; confirm dynamic loading manually,assets/runtime/ui/interfaces/daily_program,assets/runtime/ui/interfaces/daily_program/**,明确替代 / Exact replacement: assets/runtime/ui/interfaces/daily_program,MEDIUM / 中,已替代，归档候选 / Superseded Archive Candidate,资源工程复核 / Resource Engineering Review,是 / Yes,仅在旧函数或不可达分支中出现；确认去留。 / Mentioned only by a legacy function or unreachable branch; confirm disposition.
54,1089,每日进度填充v01,Daily Progress Fill v01,日常任务,Daily Tasks UI,assets/runtime/ui/daily_tasks_hd_v01/daily_progress_fill_v01.png,当前静态扫描未发现引用 / No current static reference found,旧函数或不可达分支线索；须人工确认动态加载 / Legacy or unreachable-branch evidence; confirm dynamic loading manually,assets/runtime/ui/interfaces/daily_program,assets/runtime/ui/interfaces/daily_program/**,明确替代 / Exact replacement: assets/runtime/ui/interfaces/daily_program,MEDIUM / 中,已替代，归档候选 / Superseded Archive Candidate,资源工程复核 / Resource Engineering Review,是 / Yes,仅在旧函数或不可达分支中出现；确认去留。 / Mentioned only by a legacy function or unreachable branch; confirm disposition.
55,1090,每日进度填充v01,Daily Progress Fill v01,日常任务,Daily Tasks UI,assets/runtime/ui/daily_tasks_hd_v01/daily_progress_fill_v01.tres,当前静态扫描未发现引用 / No current static reference found,旧函数或不可达分支线索；须人工确认动态加载 / Legacy or unreachable-branch evidence; confirm dynamic loading manually,assets/runtime/ui/interfaces/daily_program,assets/runtime/ui/interfaces/daily_program/**,明确替代 / Exact replacement: assets/runtime/ui/interfaces/daily_program,LOW / 低,已替代，归档候选 / Superseded Archive Candidate,资源工程复核 / Resource Engineering Review,是 / Yes,仅在旧函数或不可达分支中出现；确认去留。 / Mentioned only by a legacy function or unreachable branch; confirm disposition. 来源链需人工复核。 / Provenance chain requires manual review.
56,1091,每日进度轨道v01,Daily Progress Track v01,日常任务,Daily Tasks UI,assets/runtime/ui/daily_tasks_hd_v01/daily_progress_track_v01.png,当前静态扫描未发现引用 / No current static reference found,旧函数或不可达分支线索；须人工确认动态加载 / Legacy or unreachable-branch evidence; confirm dynamic loading manually,assets/runtime/ui/interfaces/daily_program,assets/runtime/ui/interfaces/daily_program/**,明确替代 / Exact replacement: assets/runtime/ui/interfaces/daily_program,MEDIUM / 中,已替代，归档候选 / Superseded Archive Candidate,资源工程复核 / Resource Engineering Review,是 / Yes,仅在旧函数或不可达分支中出现；确认去留。 / Mentioned only by a legacy function or unreachable branch; confirm disposition.
57,1092,每日进度轨道v01,Daily Progress Track v01,日常任务,Daily Tasks UI,assets/runtime/ui/daily_tasks_hd_v01/daily_progress_track_v01.tres,当前静态扫描未发现引用 / No current static reference found,旧函数或不可达分支线索；须人工确认动态加载 / Legacy or unreachable-branch evidence; confirm dynamic loading manually,assets/runtime/ui/interfaces/daily_program,assets/runtime/ui/interfaces/daily_program/**,明确替代 / Exact replacement: assets/runtime/ui/interfaces/daily_program,LOW / 低,已替代，归档候选 / Superseded Archive Candidate,资源工程复核 / Resource Engineering Review,是 / Yes,仅在旧函数或不可达分支中出现；确认去留。 / Mentioned only by a legacy function or unreachable branch; confirm disposition. 来源链需人工复核。 / Provenance chain requires manual review.
58,1093,每日任务哥布林头像v01,Daily Task Goblin Portrait v01,日常任务,Daily Tasks UI,assets/runtime/ui/daily_tasks_hd_v01/daily_task_goblin_portrait_v01.tres,当前静态扫描未发现引用 / No current static reference found,旧函数或不可达分支线索；须人工确认动态加载 / Legacy or unreachable-branch evidence; confirm dynamic loading manually,assets/runtime/ui/interfaces/daily_program,assets/runtime/ui/interfaces/daily_program/**,明确替代 / Exact replacement: assets/runtime/ui/interfaces/daily_program,LOW / 低,已替代，归档候选 / Superseded Archive Candidate,资源工程复核 / Resource Engineering Review,是 / Yes,仅在旧函数或不可达分支中出现；确认去留。 / Mentioned only by a legacy function or unreachable branch; confirm disposition. 来源链需人工复核。 / Provenance chain requires manual review.
59,1094,每日任务图标槽位v01,Daily Task Icon Slot v01,日常任务,Daily Tasks UI,assets/runtime/ui/daily_tasks_hd_v01/daily_task_icon_slot_v01.png,当前静态扫描未发现引用 / No current static reference found,旧函数或不可达分支线索；须人工确认动态加载 / Legacy or unreachable-branch evidence; confirm dynamic loading manually,assets/runtime/ui/interfaces/daily_program,assets/runtime/ui/interfaces/daily_program/**,明确替代 / Exact replacement: assets/runtime/ui/interfaces/daily_program,MEDIUM / 中,已替代，归档候选 / Superseded Archive Candidate,资源工程复核 / Resource Engineering Review,是 / Yes,仅在旧函数或不可达分支中出现；确认去留。 / Mentioned only by a legacy function or unreachable branch; confirm disposition.
60,1095,每日任务合成图标v01,Daily Task Merge Icon v01,日常任务,Daily Tasks UI,assets/runtime/ui/daily_tasks_hd_v01/daily_task_merge_icon_v01.png,当前静态扫描未发现引用 / No current static reference found,旧函数或不可达分支线索；须人工确认动态加载 / Legacy or unreachable-branch evidence; confirm dynamic loading manually,assets/runtime/ui/interfaces/daily_program,assets/runtime/ui/interfaces/daily_program/**,明确替代 / Exact replacement: assets/runtime/ui/interfaces/daily_program,MEDIUM / 中,已替代，归档候选 / Superseded Archive Candidate,资源工程复核 / Resource Engineering Review,是 / Yes,仅在旧函数或不可达分支中出现；确认去留。 / Mentioned only by a legacy function or unreachable branch; confirm disposition.
61,1096,每日任务外框固定v01底部,Daily Tasks Shell Fixed v01 Bottom,日常任务,Daily Tasks UI,assets/runtime/ui/daily_tasks_hd_v01/daily_tasks_shell_fixed_v01_bottom.png,当前静态扫描未发现引用 / No current static reference found,旧函数或不可达分支线索；须人工确认动态加载 / Legacy or unreachable-branch evidence; confirm dynamic loading manually,assets/runtime/ui/interfaces/daily_program,assets/runtime/ui/interfaces/daily_program/**,明确替代 / Exact replacement: assets/runtime/ui/interfaces/daily_program,LOW / 低,已替代，归档候选 / Superseded Archive Candidate,资源工程复核 / Resource Engineering Review,是 / Yes,仅在旧函数或不可达分支中出现；确认去留。 / Mentioned only by a legacy function or unreachable branch; confirm disposition. 来源链需人工复核。 / Provenance chain requires manual review.
62,1097,每日任务外框固定v01middle,Daily Tasks Shell Fixed v01 Middle,日常任务,Daily Tasks UI,assets/runtime/ui/daily_tasks_hd_v01/daily_tasks_shell_fixed_v01_middle.png,当前静态扫描未发现引用 / No current static reference found,旧函数或不可达分支线索；须人工确认动态加载 / Legacy or unreachable-branch evidence; confirm dynamic loading manually,assets/runtime/ui/interfaces/daily_program,assets/runtime/ui/interfaces/daily_program/**,明确替代 / Exact replacement: assets/runtime/ui/interfaces/daily_program,LOW / 低,已替代，归档候选 / Superseded Archive Candidate,资源工程复核 / Resource Engineering Review,是 / Yes,仅在旧函数或不可达分支中出现；确认去留。 / Mentioned only by a legacy function or unreachable branch; confirm disposition. 来源链需人工复核。 / Provenance chain requires manual review.
63,1098,每日任务外框固定v01顶部,Daily Tasks Shell Fixed v01 Top,日常任务,Daily Tasks UI,assets/runtime/ui/daily_tasks_hd_v01/daily_tasks_shell_fixed_v01_top.png,当前静态扫描未发现引用 / No current static reference found,旧函数或不可达分支线索；须人工确认动态加载 / Legacy or unreachable-branch evidence; confirm dynamic loading manually,assets/runtime/ui/interfaces/daily_program,assets/runtime/ui/interfaces/daily_program/**,明确替代 / Exact replacement: assets/runtime/ui/interfaces/daily_program,LOW / 低,已替代，归档候选 / Superseded Archive Candidate,资源工程复核 / Resource Engineering Review,是 / Yes,仅在旧函数或不可达分支中出现；确认去留。 / Mentioned only by a legacy function or unreachable branch; confirm disposition. 来源链需人工复核。 / Provenance chain requires manual review.
64,952,主默认,Primary Default,印记选择界面,Imprint Choice UI,assets/runtime/ui/battle/prompts/imprint_choice/button/primary_default.png,当前静态扫描未发现引用 / No current static reference found,旧函数或不可达分支线索；须人工确认动态加载 / Legacy or unreachable-branch evidence; confirm dynamic loading manually,,assets/runtime/ui/interfaces/imprint_choice/**,模块级候选，非逐文件映射 / Package-level candidate only: assets/runtime/ui/interfaces/imprint_choice/**,LOW / 低,已替代，归档候选 / Superseded Archive Candidate,资源工程复核 / Resource Engineering Review,是 / Yes,仅在旧函数或不可达分支中出现；确认去留。 / Mentioned only by a legacy function or unreachable branch; confirm disposition. 来源链需人工复核。 / Provenance chain requires manual review.
65,953,主禁用,Primary Disabled,印记选择界面,Imprint Choice UI,assets/runtime/ui/battle/prompts/imprint_choice/button/primary_disabled.png,当前静态扫描未发现引用 / No current static reference found,旧函数或不可达分支线索；须人工确认动态加载 / Legacy or unreachable-branch evidence; confirm dynamic loading manually,,assets/runtime/ui/interfaces/imprint_choice/**,模块级候选，非逐文件映射 / Package-level candidate only: assets/runtime/ui/interfaces/imprint_choice/**,LOW / 低,已替代，归档候选 / Superseded Archive Candidate,资源工程复核 / Resource Engineering Review,是 / Yes,仅在旧函数或不可达分支中出现；确认去留。 / Mentioned only by a legacy function or unreachable branch; confirm disposition. 来源链需人工复核。 / Provenance chain requires manual review.
66,954,主按下,Primary Pressed,印记选择界面,Imprint Choice UI,assets/runtime/ui/battle/prompts/imprint_choice/button/primary_pressed.png,当前静态扫描未发现引用 / No current static reference found,旧函数或不可达分支线索；须人工确认动态加载 / Legacy or unreachable-branch evidence; confirm dynamic loading manually,,assets/runtime/ui/interfaces/imprint_choice/**,模块级候选，非逐文件映射 / Package-level candidate only: assets/runtime/ui/interfaces/imprint_choice/**,LOW / 低,已替代，归档候选 / Superseded Archive Candidate,资源工程复核 / Resource Engineering Review,是 / Yes,仅在旧函数或不可达分支中出现；确认去留。 / Mentioned only by a legacy function or unreachable branch; confirm disposition. 来源链需人工复核。 / Provenance chain requires manual review.
67,955,广告播放,Ad Play,印记选择界面,Imprint Choice UI,assets/runtime/ui/battle/prompts/imprint_choice/overlay/ad_play.png,当前静态扫描未发现引用 / No current static reference found,旧函数或不可达分支线索；须人工确认动态加载 / Legacy or unreachable-branch evidence; confirm dynamic loading manually,,assets/runtime/ui/interfaces/imprint_choice/**,模块级候选，非逐文件映射 / Package-level candidate only: assets/runtime/ui/interfaces/imprint_choice/**,LOW / 低,已替代，归档候选 / Superseded Archive Candidate,资源工程复核 / Resource Engineering Review,是 / Yes,仅在旧函数或不可达分支中出现；确认去留。 / Mentioned only by a legacy function or unreachable branch; confirm disposition. 来源链需人工复核。 / Provenance chain requires manual review.
68,956,关闭,Close,印记选择界面,Imprint Choice UI,assets/runtime/ui/battle/prompts/imprint_choice/overlay/close.png,当前静态扫描未发现引用 / No current static reference found,旧函数或不可达分支线索；须人工确认动态加载 / Legacy or unreachable-branch evidence; confirm dynamic loading manually,,assets/runtime/ui/interfaces/imprint_choice/**,模块级候选，非逐文件映射 / Package-level candidate only: assets/runtime/ui/interfaces/imprint_choice/**,LOW / 低,已替代，归档候选 / Superseded Archive Candidate,资源工程复核 / Resource Engineering Review,是 / Yes,未发现当前运行引用；确认动态使用后再清理。 / No current runtime reference found; confirm dynamic use before cleanup. 来源链需人工复核。 / Provenance chain requires manual review.
69,957,待命名（Lock）,Lock,印记选择界面,Imprint Choice UI,assets/runtime/ui/battle/prompts/imprint_choice/overlay/lock.png,当前静态扫描未发现引用 / No current static reference found,旧函数或不可达分支线索；须人工确认动态加载 / Legacy or unreachable-branch evidence; confirm dynamic loading manually,,assets/runtime/ui/interfaces/imprint_choice/**,模块级候选，非逐文件映射 / Package-level candidate only: assets/runtime/ui/interfaces/imprint_choice/**,LOW / 低,已替代，归档候选 / Superseded Archive Candidate,资源工程复核 / Resource Engineering Review,是 / Yes,仅在旧函数或不可达分支中出现；确认去留。 / Mentioned only by a legacy function or unreachable branch; confirm disposition. 来源链需人工复核。 / Provenance chain requires manual review.
70,958,待命名（Selected Check）,Selected Check,印记选择界面,Imprint Choice UI,assets/runtime/ui/battle/prompts/imprint_choice/overlay/selected_check.png,当前静态扫描未发现引用 / No current static reference found,旧函数或不可达分支线索；须人工确认动态加载 / Legacy or unreachable-branch evidence; confirm dynamic loading manually,,assets/runtime/ui/interfaces/imprint_choice/**,模块级候选，非逐文件映射 / Package-level candidate only: assets/runtime/ui/interfaces/imprint_choice/**,LOW / 低,已替代，归档候选 / Superseded Archive Candidate,资源工程复核 / Resource Engineering Review,是 / Yes,仅在旧函数或不可达分支中出现；确认去留。 / Mentioned only by a legacy function or unreachable branch; confirm disposition. 来源链需人工复核。 / Provenance chain requires manual review.
71,959,选中光环,Selected Ring,印记选择界面,Imprint Choice UI,assets/runtime/ui/battle/prompts/imprint_choice/overlay/selected_ring.png,当前静态扫描未发现引用 / No current static reference found,旧函数或不可达分支线索；须人工确认动态加载 / Legacy or unreachable-branch evidence; confirm dynamic loading manually,,assets/runtime/ui/interfaces/imprint_choice/**,模块级候选，非逐文件映射 / Package-level candidate only: assets/runtime/ui/interfaces/imprint_choice/**,LOW / 低,已替代，归档候选 / Superseded Archive Candidate,资源工程复核 / Resource Engineering Review,是 / Yes,仅在旧函数或不可达分支中出现；确认去留。 / Mentioned only by a legacy function or unreachable branch; confirm disposition. 来源链需人工复核。 / Provenance chain requires manual review.
72,960,说明面板,Description Panel,印记选择界面,Imprint Choice UI,assets/runtime/ui/battle/prompts/imprint_choice/panel/description_panel.png,当前静态扫描未发现引用 / No current static reference found,旧函数或不可达分支线索；须人工确认动态加载 / Legacy or unreachable-branch evidence; confirm dynamic loading manually,,assets/runtime/ui/interfaces/imprint_choice/**,模块级候选，非逐文件映射 / Package-level candidate only: assets/runtime/ui/interfaces/imprint_choice/**,LOW / 低,已替代，归档候选 / Superseded Archive Candidate,资源工程复核 / Resource Engineering Review,是 / Yes,仅在旧函数或不可达分支中出现；确认去留。 / Mentioned only by a legacy function or unreachable branch; confirm disposition. 来源链需人工复核。 / Provenance chain requires manual review.
73,961,待命名（Modal Panel）,Modal Panel,印记选择界面,Imprint Choice UI,assets/runtime/ui/battle/prompts/imprint_choice/panel/modal_panel.png,当前静态扫描未发现引用 / No current static reference found,旧函数或不可达分支线索；须人工确认动态加载 / Legacy or unreachable-branch evidence; confirm dynamic loading manually,,assets/runtime/ui/interfaces/imprint_choice/**,模块级候选，非逐文件映射 / Package-level candidate only: assets/runtime/ui/interfaces/imprint_choice/**,LOW / 低,已替代，归档候选 / Superseded Archive Candidate,资源工程复核 / Resource Engineering Review,是 / Yes,仅在旧函数或不可达分支中出现；确认去留。 / Mentioned only by a legacy function or unreachable branch; confirm disposition. 来源链需人工复核。 / Provenance chain requires manual review.
74,962,待命名（Title Plate）,Title Plate,印记选择界面,Imprint Choice UI,assets/runtime/ui/battle/prompts/imprint_choice/panel/title_plate.png,当前静态扫描未发现引用 / No current static reference found,旧函数或不可达分支线索；须人工确认动态加载 / Legacy or unreachable-branch evidence; confirm dynamic loading manually,,assets/runtime/ui/interfaces/imprint_choice/**,模块级候选，非逐文件映射 / Package-level candidate only: assets/runtime/ui/interfaces/imprint_choice/**,LOW / 低,已替代，归档候选 / Superseded Archive Candidate,资源工程复核 / Resource Engineering Review,是 / Yes,仅在旧函数或不可达分支中出现；确认去留。 / Mentioned only by a legacy function or unreachable branch; confirm disposition. 来源链需人工复核。 / Provenance chain requires manual review.
75,963,槽位默认,Slot Default,印记选择界面,Imprint Choice UI,assets/runtime/ui/battle/prompts/imprint_choice/slot/slot_default.png,当前静态扫描未发现引用 / No current static reference found,旧函数或不可达分支线索；须人工确认动态加载 / Legacy or unreachable-branch evidence; confirm dynamic loading manually,,assets/runtime/ui/interfaces/imprint_choice/**,模块级候选，非逐文件映射 / Package-level candidate only: assets/runtime/ui/interfaces/imprint_choice/**,LOW / 低,已替代，归档候选 / Superseded Archive Candidate,资源工程复核 / Resource Engineering Review,是 / Yes,仅在旧函数或不可达分支中出现；确认去留。 / Mentioned only by a legacy function or unreachable branch; confirm disposition. 来源链需人工复核。 / Provenance chain requires manual review.
76,1237,大厅底部navigation背景v01,Lobby Bottom Navigation Background v01,大厅界面,Main Hub UI,assets/runtime/ui/screens/main_hub_v2/frames/lobby_bottom_navigation_background_v01.png,当前静态扫描未发现引用 / No current static reference found,旧函数或不可达分支线索；须人工确认动态加载 / Legacy or unreachable-branch evidence; confirm dynamic loading manually,,assets/runtime/ui/interfaces/main_hub/**,模块级候选，非逐文件映射 / Package-level candidate only: assets/runtime/ui/interfaces/main_hub/**,HIGH / 高,已替代，归档候选 / Superseded Archive Candidate,资源工程复核 / Resource Engineering Review,是 / Yes,未发现当前运行引用；确认动态使用后再清理。 / No current runtime reference found; confirm dynamic use before cleanup.
77,1238,大厅货币counter面板默认v01,Lobby Currency Counter Panel Default v01,大厅界面,Main Hub UI,assets/runtime/ui/screens/main_hub_v2/frames/lobby_currency_counter_panel_default_v01.png,当前静态扫描未发现引用 / No current static reference found,旧函数或不可达分支线索；须人工确认动态加载 / Legacy or unreachable-branch evidence; confirm dynamic loading manually,,assets/runtime/ui/interfaces/main_hub/**,模块级候选，非逐文件映射 / Package-level candidate only: assets/runtime/ui/interfaces/main_hub/**,HIGH / 高,已替代，归档候选 / Superseded Archive Candidate,资源工程复核 / Resource Engineering Review,是 / Yes,未发现当前运行引用；确认动态使用后再清理。 / No current runtime reference found; confirm dynamic use before cleanup.
78,1239,大厅mission面板带奖励槽位默认v01,Lobby Mission Panel With Reward Slot Default v01,大厅界面,Main Hub UI,assets/runtime/ui/screens/main_hub_v2/frames/lobby_mission_panel_with_reward_slot_default_v01.png,当前静态扫描未发现引用 / No current static reference found,旧函数或不可达分支线索；须人工确认动态加载 / Legacy or unreachable-branch evidence; confirm dynamic loading manually,,assets/runtime/ui/interfaces/main_hub/**,模块级候选，非逐文件映射 / Package-level candidate only: assets/runtime/ui/interfaces/main_hub/**,HIGH / 高,已替代，归档候选 / Superseded Archive Candidate,资源工程复核 / Resource Engineering Review,是 / Yes,未发现当前运行引用；确认动态使用后再清理。 / No current runtime reference found; confirm dynamic use before cleanup.
79,1240,待命名（Lobby Navigation Tab Selected v01）,Lobby Navigation Tab Selected v01,大厅界面,Main Hub UI,assets/runtime/ui/screens/main_hub_v2/frames/lobby_navigation_tab_selected_v01.png,当前静态扫描未发现引用 / No current static reference found,旧函数或不可达分支线索；须人工确认动态加载 / Legacy or unreachable-branch evidence; confirm dynamic loading manually,,assets/runtime/ui/interfaces/main_hub/**,模块级候选，非逐文件映射 / Package-level candidate only: assets/runtime/ui/interfaces/main_hub/**,HIGH / 高,已替代，归档候选 / Superseded Archive Candidate,资源工程复核 / Resource Engineering Review,是 / Yes,未发现当前运行引用；确认动态使用后再清理。 / No current runtime reference found; confirm dynamic use before cleanup.
80,1241,大厅主level按钮默认v01,Lobby Primary Level Button Default v01,大厅界面,Main Hub UI,assets/runtime/ui/screens/main_hub_v2/frames/lobby_primary_level_button_default_v01.png,当前静态扫描未发现引用 / No current static reference found,旧函数或不可达分支线索；须人工确认动态加载 / Legacy or unreachable-branch evidence; confirm dynamic loading manually,,assets/runtime/ui/interfaces/main_hub/**,模块级候选，非逐文件映射 / Package-level candidate only: assets/runtime/ui/interfaces/main_hub/**,HIGH / 高,已替代，归档候选 / Superseded Archive Candidate,资源工程复核 / Resource Engineering Review,是 / Yes,未发现当前运行引用；确认动态使用后再清理。 / No current runtime reference found; confirm dynamic use before cleanup.
81,1242,大厅进度填充greenv01,Lobby Progress Fill Green v01,大厅界面,Main Hub UI,assets/runtime/ui/screens/main_hub_v2/frames/lobby_progress_fill_green_v01.png,当前静态扫描未发现引用 / No current static reference found,旧函数或不可达分支线索；须人工确认动态加载 / Legacy or unreachable-branch evidence; confirm dynamic loading manually,,assets/runtime/ui/interfaces/main_hub/**,模块级候选，非逐文件映射 / Package-level candidate only: assets/runtime/ui/interfaces/main_hub/**,HIGH / 高,已替代，归档候选 / Superseded Archive Candidate,资源工程复核 / Resource Engineering Review,是 / Yes,未发现当前运行引用；确认动态使用后再清理。 / No current runtime reference found; confirm dynamic use before cleanup.
82,1243,大厅进度轨道默认v01,Lobby Progress Track Default v01,大厅界面,Main Hub UI,assets/runtime/ui/screens/main_hub_v2/frames/lobby_progress_track_default_v01.png,当前静态扫描未发现引用 / No current static reference found,旧函数或不可达分支线索；须人工确认动态加载 / Legacy or unreachable-branch evidence; confirm dynamic loading manually,,assets/runtime/ui/interfaces/main_hub/**,模块级候选，非逐文件映射 / Package-level candidate only: assets/runtime/ui/interfaces/main_hub/**,HIGH / 高,已替代，归档候选 / Superseded Archive Candidate,资源工程复核 / Resource Engineering Review,是 / Yes,未发现当前运行引用；确认动态使用后再清理。 / No current runtime reference found; confirm dynamic use before cleanup.
83,1244,大厅奖励槽位purple默认v02,Lobby Reward Slot Purple Default v02,大厅界面,Main Hub UI,assets/runtime/ui/screens/main_hub_v2/frames/lobby_reward_slot_purple_default_v02.png,当前静态扫描未发现引用 / No current static reference found,旧函数或不可达分支线索；须人工确认动态加载 / Legacy or unreachable-branch evidence; confirm dynamic loading manually,,assets/runtime/ui/interfaces/main_hub/**,模块级候选，非逐文件映射 / Package-level candidate only: assets/runtime/ui/interfaces/main_hub/**,HIGH / 高,已替代，归档候选 / Superseded Archive Candidate,资源工程复核 / Resource Engineering Review,是 / Yes,未发现当前运行引用；确认动态使用后再清理。 / No current runtime reference found; confirm dynamic use before cleanup.
84,1245,大厅设置按钮框默认v01,Lobby Settings Button Frame Default v01,大厅界面,Main Hub UI,assets/runtime/ui/screens/main_hub_v2/frames/lobby_settings_button_frame_default_v01.png,当前静态扫描未发现引用 / No current static reference found,旧函数或不可达分支线索；须人工确认动态加载 / Legacy or unreachable-branch evidence; confirm dynamic loading manually,,assets/runtime/ui/interfaces/main_hub/**,模块级候选，非逐文件映射 / Package-level candidate only: assets/runtime/ui/interfaces/main_hub/**,HIGH / 高,已替代，归档候选 / Superseded Archive Candidate,资源工程复核 / Resource Engineering Review,是 / Yes,未发现当前运行引用；确认动态使用后再清理。 / No current runtime reference found; confirm dynamic use before cleanup.
85,1246,大厅sidemenu按钮框默认v01,Lobby Side Menu Button Frame Default v01,大厅界面,Main Hub UI,assets/runtime/ui/screens/main_hub_v2/frames/lobby_side_menu_button_frame_default_v01.png,当前静态扫描未发现引用 / No current static reference found,旧函数或不可达分支线索；须人工确认动态加载 / Legacy or unreachable-branch evidence; confirm dynamic loading manually,,assets/runtime/ui/interfaces/main_hub/**,模块级候选，非逐文件映射 / Package-level candidate only: assets/runtime/ui/interfaces/main_hub/**,HIGH / 高,已替代，归档候选 / Superseded Archive Candidate,资源工程复核 / Resource Engineering Review,是 / Yes,未发现当前运行引用；确认动态使用后再清理。 / No current runtime reference found; confirm dynamic use before cleanup.
86,1251,待命名（Badge Red Dot）,Badge Red Dot,二级弹窗,Secondary UI,assets/runtime/ui/secondary_centered_v04/elements/common/badge_red_dot.png,当前静态扫描未发现引用 / No current static reference found,旧函数或不可达分支线索；须人工确认动态加载 / Legacy or unreachable-branch evidence; confirm dynamic loading manually,,assets/runtime/ui/interfaces/** and assets/runtime/ui/shared/**,模块级候选，非逐文件映射 / Package-level candidate only: assets/runtime/ui/interfaces/** and assets/runtime/ui/shared/**,HIGH / 高,已替代，归档候选 / Superseded Archive Candidate,资源工程复核 / Resource Engineering Review,是 / Yes,仅在旧函数或不可达分支中出现；确认去留。 / Mentioned only by a legacy function or unreachable branch; confirm disposition.
87,1252,待命名（Button Green Default）,Button Green Default,二级弹窗,Secondary UI,assets/runtime/ui/secondary_centered_v04/elements/common/button_green_default.png,当前静态扫描未发现引用 / No current static reference found,旧函数或不可达分支线索；须人工确认动态加载 / Legacy or unreachable-branch evidence; confirm dynamic loading manually,,assets/runtime/ui/interfaces/** and assets/runtime/ui/shared/**,模块级候选，非逐文件映射 / Package-level candidate only: assets/runtime/ui/interfaces/** and assets/runtime/ui/shared/**,HIGH / 高,已替代，归档候选 / Superseded Archive Candidate,资源工程复核 / Resource Engineering Review,是 / Yes,仅在旧函数或不可达分支中出现；确认去留。 / Mentioned only by a legacy function or unreachable branch; confirm disposition.
88,1253,待命名（Button Red Default）,Button Red Default,二级弹窗,Secondary UI,assets/runtime/ui/secondary_centered_v04/elements/common/button_red_default.png,当前静态扫描未发现引用 / No current static reference found,旧函数或不可达分支线索；须人工确认动态加载 / Legacy or unreachable-branch evidence; confirm dynamic loading manually,,assets/runtime/ui/interfaces/** and assets/runtime/ui/shared/**,模块级候选，非逐文件映射 / Package-level candidate only: assets/runtime/ui/interfaces/** and assets/runtime/ui/shared/**,HIGH / 高,已替代，归档候选 / Superseded Archive Candidate,资源工程复核 / Resource Engineering Review,是 / Yes,仅在旧函数或不可达分支中出现；确认去留。 / Mentioned only by a legacy function or unreachable branch; confirm disposition.
89,1254,待命名（Button Red Pressed）,Button Red Pressed,二级弹窗,Secondary UI,assets/runtime/ui/secondary_centered_v04/elements/common/button_red_pressed.png,当前静态扫描未发现引用 / No current static reference found,旧函数或不可达分支线索；须人工确认动态加载 / Legacy or unreachable-branch evidence; confirm dynamic loading manually,,assets/runtime/ui/interfaces/** and assets/runtime/ui/shared/**,模块级候选，非逐文件映射 / Package-level candidate only: assets/runtime/ui/interfaces/** and assets/runtime/ui/shared/**,HIGH / 高,已替代，归档候选 / Superseded Archive Candidate,资源工程复核 / Resource Engineering Review,是 / Yes,仅在旧函数或不可达分支中出现；确认去留。 / Mentioned only by a legacy function or unreachable branch; confirm disposition.
90,1255,待命名（Divider Diamond）,Divider Diamond,二级弹窗,Secondary UI,assets/runtime/ui/secondary_centered_v04/elements/common/divider_diamond.png,当前静态扫描未发现引用 / No current static reference found,旧函数或不可达分支线索；须人工确认动态加载 / Legacy or unreachable-branch evidence; confirm dynamic loading manually,,assets/runtime/ui/interfaces/** and assets/runtime/ui/shared/**,模块级候选，非逐文件映射 / Package-level candidate only: assets/runtime/ui/interfaces/** and assets/runtime/ui/shared/**,HIGH / 高,已替代，归档候选 / Superseded Archive Candidate,资源工程复核 / Resource Engineering Review,是 / Yes,仅在旧函数或不可达分支中出现；确认去留。 / Mentioned only by a legacy function or unreachable branch; confirm disposition.
91,1256,待命名（Panel Dark）,Panel Dark,二级弹窗,Secondary UI,assets/runtime/ui/secondary_centered_v04/elements/common/panel_dark.png,当前静态扫描未发现引用 / No current static reference found,旧函数或不可达分支线索；须人工确认动态加载 / Legacy or unreachable-branch evidence; confirm dynamic loading manually,,assets/runtime/ui/interfaces/** and assets/runtime/ui/shared/**,模块级候选，非逐文件映射 / Package-level candidate only: assets/runtime/ui/interfaces/** and assets/runtime/ui/shared/**,HIGH / 高,已替代，归档候选 / Superseded Archive Candidate,资源工程复核 / Resource Engineering Review,是 / Yes,仅在旧函数或不可达分支中出现；确认去留。 / Mentioned only by a legacy function or unreachable branch; confirm disposition.
92,1257,进度填充,Progress Fill,二级弹窗,Secondary UI,assets/runtime/ui/secondary_centered_v04/elements/common/progress_fill.png,当前静态扫描未发现引用 / No current static reference found,旧函数或不可达分支线索；须人工确认动态加载 / Legacy or unreachable-branch evidence; confirm dynamic loading manually,,assets/runtime/ui/interfaces/** and assets/runtime/ui/shared/**,模块级候选，非逐文件映射 / Package-level candidate only: assets/runtime/ui/interfaces/** and assets/runtime/ui/shared/**,HIGH / 高,已替代，归档候选 / Superseded Archive Candidate,资源工程复核 / Resource Engineering Review,是 / Yes,仅在旧函数或不可达分支中出现；确认去留。 / Mentioned only by a legacy function or unreachable branch; confirm disposition.
93,1258,进度轨道,Progress Track,二级弹窗,Secondary UI,assets/runtime/ui/secondary_centered_v04/elements/common/progress_track.png,当前静态扫描未发现引用 / No current static reference found,旧函数或不可达分支线索；须人工确认动态加载 / Legacy or unreachable-branch evidence; confirm dynamic loading manually,,assets/runtime/ui/interfaces/** and assets/runtime/ui/shared/**,模块级候选，非逐文件映射 / Package-level candidate only: assets/runtime/ui/interfaces/** and assets/runtime/ui/shared/**,HIGH / 高,已替代，归档候选 / Superseded Archive Candidate,资源工程复核 / Resource Engineering Review,是 / Yes,仅在旧函数或不可达分支中出现；确认去留。 / Mentioned only by a legacy function or unreachable branch; confirm disposition.
94,1259,待命名（Row Light）,Row Light,二级弹窗,Secondary UI,assets/runtime/ui/secondary_centered_v04/elements/common/row_light.png,当前静态扫描未发现引用 / No current static reference found,旧函数或不可达分支线索；须人工确认动态加载 / Legacy or unreachable-branch evidence; confirm dynamic loading manually,,assets/runtime/ui/interfaces/** and assets/runtime/ui/shared/**,模块级候选，非逐文件映射 / Package-level candidate only: assets/runtime/ui/interfaces/** and assets/runtime/ui/shared/**,HIGH / 高,已替代，归档候选 / Superseded Archive Candidate,资源工程复核 / Resource Engineering Review,是 / Yes,仅在旧函数或不可达分支中出现；确认去留。 / Mentioned only by a legacy function or unreachable branch; confirm disposition.
95,1260,待命名（Tab Default）,Tab Default,二级弹窗,Secondary UI,assets/runtime/ui/secondary_centered_v04/elements/common/tab_default.png,当前静态扫描未发现引用 / No current static reference found,旧函数或不可达分支线索；须人工确认动态加载 / Legacy or unreachable-branch evidence; confirm dynamic loading manually,,assets/runtime/ui/interfaces/** and assets/runtime/ui/shared/**,模块级候选，非逐文件映射 / Package-level candidate only: assets/runtime/ui/interfaces/** and assets/runtime/ui/shared/**,HIGH / 高,已替代，归档候选 / Superseded Archive Candidate,资源工程复核 / Resource Engineering Review,是 / Yes,仅在旧函数或不可达分支中出现；确认去留。 / Mentioned only by a legacy function or unreachable branch; confirm disposition.
96,1261,待命名（Tab Selected）,Tab Selected,二级弹窗,Secondary UI,assets/runtime/ui/secondary_centered_v04/elements/common/tab_selected.png,当前静态扫描未发现引用 / No current static reference found,旧函数或不可达分支线索；须人工确认动态加载 / Legacy or unreachable-branch evidence; confirm dynamic loading manually,,assets/runtime/ui/interfaces/** and assets/runtime/ui/shared/**,模块级候选，非逐文件映射 / Package-level candidate only: assets/runtime/ui/interfaces/** and assets/runtime/ui/shared/**,HIGH / 高,已替代，归档候选 / Superseded Archive Candidate,资源工程复核 / Resource Engineering Review,是 / Yes,仅在旧函数或不可达分支中出现；确认去留。 / Mentioned only by a legacy function or unreachable branch; confirm disposition.
97,1262,待命名（Ad Removed）,Ad Removed,二级弹窗,Secondary UI,assets/runtime/ui/secondary_centered_v04/elements/icons/ad_removed.png,当前静态扫描未发现引用 / No current static reference found,旧函数或不可达分支线索；须人工确认动态加载 / Legacy or unreachable-branch evidence; confirm dynamic loading manually,,assets/runtime/ui/interfaces/** and assets/runtime/ui/shared/**,模块级候选，非逐文件映射 / Package-level candidate only: assets/runtime/ui/interfaces/** and assets/runtime/ui/shared/**,HIGH / 高,已替代，归档候选 / Superseded Archive Candidate,资源工程复核 / Resource Engineering Review,是 / Yes,仅在旧函数或不可达分支中出现；确认去留。 / Mentioned only by a legacy function or unreachable branch; confirm disposition.
98,1263,待命名（Arrow Right）,Arrow Right,二级弹窗,Secondary UI,assets/runtime/ui/secondary_centered_v04/elements/icons/arrow_right.png,当前静态扫描未发现引用 / No current static reference found,旧函数或不可达分支线索；须人工确认动态加载 / Legacy or unreachable-branch evidence; confirm dynamic loading manually,,assets/runtime/ui/interfaces/** and assets/runtime/ui/shared/**,模块级候选，非逐文件映射 / Package-level candidate only: assets/runtime/ui/interfaces/** and assets/runtime/ui/shared/**,HIGH / 高,已替代，归档候选 / Superseded Archive Candidate,资源工程复核 / Resource Engineering Review,是 / Yes,仅在旧函数或不可达分支中出现；确认去留。 / Mentioned only by a legacy function or unreachable branch; confirm disposition.
99,1264,待命名（Back）,Back,二级弹窗,Secondary UI,assets/runtime/ui/secondary_centered_v04/elements/icons/back.png,当前静态扫描未发现引用 / No current static reference found,旧函数或不可达分支线索；须人工确认动态加载 / Legacy or unreachable-branch evidence; confirm dynamic loading manually,,assets/runtime/ui/interfaces/** and assets/runtime/ui/shared/**,模块级候选，非逐文件映射 / Package-level candidate only: assets/runtime/ui/interfaces/** and assets/runtime/ui/shared/**,HIGH / 高,已替代，归档候选 / Superseded Archive Candidate,资源工程复核 / Resource Engineering Review,是 / Yes,仅在旧函数或不可达分支中出现；确认去留。 / Mentioned only by a legacy function or unreachable branch; confirm disposition.
100,1265,待命名（Check）,Check,二级弹窗,Secondary UI,assets/runtime/ui/secondary_centered_v04/elements/icons/check.png,当前静态扫描未发现引用 / No current static reference found,旧函数或不可达分支线索；须人工确认动态加载 / Legacy or unreachable-branch evidence; confirm dynamic loading manually,,assets/runtime/ui/interfaces/** and assets/runtime/ui/shared/**,模块级候选，非逐文件映射 / Package-level candidate only: assets/runtime/ui/interfaces/** and assets/runtime/ui/shared/**,HIGH / 高,已替代，归档候选 / Superseded Archive Candidate,资源工程复核 / Resource Engineering Review,是 / Yes,仅在旧函数或不可达分支中出现；确认去留。 / Mentioned only by a legacy function or unreachable branch; confirm disposition.
101,1266,宝箱,Chest,二级弹窗,Secondary UI,assets/runtime/ui/secondary_centered_v04/elements/icons/chest.png,当前静态扫描未发现引用 / No current static reference found,旧函数或不可达分支线索；须人工确认动态加载 / Legacy or unreachable-branch evidence; confirm dynamic loading manually,,assets/runtime/ui/interfaces/** and assets/runtime/ui/shared/**,模块级候选，非逐文件映射 / Package-level candidate only: assets/runtime/ui/interfaces/** and assets/runtime/ui/shared/**,HIGH / 高,已替代，归档候选 / Superseded Archive Candidate,资源工程复核 / Resource Engineering Review,是 / Yes,仅在旧函数或不可达分支中出现；确认去留。 / Mentioned only by a legacy function or unreachable branch; confirm disposition.
102,1267,金币,Coin,二级弹窗,Secondary UI,assets/runtime/ui/secondary_centered_v04/elements/icons/coin.png,当前静态扫描未发现引用 / No current static reference found,旧函数或不可达分支线索；须人工确认动态加载 / Legacy or unreachable-branch evidence; confirm dynamic loading manually,,assets/runtime/ui/interfaces/** and assets/runtime/ui/shared/**,模块级候选，非逐文件映射 / Package-level candidate only: assets/runtime/ui/interfaces/** and assets/runtime/ui/shared/**,HIGH / 高,已替代，归档候选 / Superseded Archive Candidate,资源工程复核 / Resource Engineering Review,是 / Yes,仅在旧函数或不可达分支中出现；确认去留。 / Mentioned only by a legacy function or unreachable branch; confirm disposition.
103,1268,双倍金币,Double Coin,二级弹窗,Secondary UI,assets/runtime/ui/secondary_centered_v04/elements/icons/double_coin.png,当前静态扫描未发现引用 / No current static reference found,旧函数或不可达分支线索；须人工确认动态加载 / Legacy or unreachable-branch evidence; confirm dynamic loading manually,,assets/runtime/ui/interfaces/** and assets/runtime/ui/shared/**,模块级候选，非逐文件映射 / Package-level candidate only: assets/runtime/ui/interfaces/** and assets/runtime/ui/shared/**,HIGH / 高,已替代，归档候选 / Superseded Archive Candidate,资源工程复核 / Resource Engineering Review,是 / Yes,仅在旧函数或不可达分支中出现；确认去留。 / Mentioned only by a legacy function or unreachable branch; confirm disposition.
104,1269,待命名（Exit Door）,Exit Door,二级弹窗,Secondary UI,assets/runtime/ui/secondary_centered_v04/elements/icons/exit_door.png,当前静态扫描未发现引用 / No current static reference found,旧函数或不可达分支线索；须人工确认动态加载 / Legacy or unreachable-branch evidence; confirm dynamic loading manually,,assets/runtime/ui/interfaces/** and assets/runtime/ui/shared/**,模块级候选，非逐文件映射 / Package-level candidate only: assets/runtime/ui/interfaces/** and assets/runtime/ui/shared/**,HIGH / 高,已替代，归档候选 / Superseded Archive Candidate,资源工程复核 / Resource Engineering Review,是 / Yes,仅在旧函数或不可达分支中出现；确认去留。 / Mentioned only by a legacy function or unreachable branch; confirm disposition.
105,1270,礼包,Gift,二级弹窗,Secondary UI,assets/runtime/ui/secondary_centered_v04/elements/icons/gift.png,当前静态扫描未发现引用 / No current static reference found,旧函数或不可达分支线索；须人工确认动态加载 / Legacy or unreachable-branch evidence; confirm dynamic loading manually,,assets/runtime/ui/interfaces/** and assets/runtime/ui/shared/**,模块级候选，非逐文件映射 / Package-level candidate only: assets/runtime/ui/interfaces/** and assets/runtime/ui/shared/**,HIGH / 高,已替代，归档候选 / Superseded Archive Candidate,资源工程复核 / Resource Engineering Review,是 / Yes,仅在旧函数或不可达分支中出现；确认去留。 / Mentioned only by a legacy function or unreachable branch; confirm disposition.
106,1271,待命名（Help）,Help,二级弹窗,Secondary UI,assets/runtime/ui/secondary_centered_v04/elements/icons/help.png,当前静态扫描未发现引用 / No current static reference found,旧函数或不可达分支线索；须人工确认动态加载 / Legacy or unreachable-branch evidence; confirm dynamic loading manually,,assets/runtime/ui/interfaces/** and assets/runtime/ui/shared/**,模块级候选，非逐文件映射 / Package-level candidate only: assets/runtime/ui/interfaces/** and assets/runtime/ui/shared/**,HIGH / 高,已替代，归档候选 / Superseded Archive Candidate,资源工程复核 / Resource Engineering Review,是 / Yes,仅在旧函数或不可达分支中出现；确认去留。 / Mentioned only by a legacy function or unreachable branch; confirm disposition.
107,1272,待命名（Lock）,Lock,二级弹窗,Secondary UI,assets/runtime/ui/secondary_centered_v04/elements/icons/lock.png,当前静态扫描未发现引用 / No current static reference found,旧函数或不可达分支线索；须人工确认动态加载 / Legacy or unreachable-branch evidence; confirm dynamic loading manually,,assets/runtime/ui/interfaces/** and assets/runtime/ui/shared/**,模块级候选，非逐文件映射 / Package-level candidate only: assets/runtime/ui/interfaces/** and assets/runtime/ui/shared/**,HIGH / 高,已替代，归档候选 / Superseded Archive Candidate,资源工程复核 / Resource Engineering Review,是 / Yes,仅在旧函数或不可达分支中出现；确认去留。 / Mentioned only by a legacy function or unreachable branch; confirm disposition.
108,1273,音乐,Music,二级弹窗,Secondary UI,assets/runtime/ui/secondary_centered_v04/elements/icons/music.png,当前静态扫描未发现引用 / No current static reference found,旧函数或不可达分支线索；须人工确认动态加载 / Legacy or unreachable-branch evidence; confirm dynamic loading manually,,assets/runtime/ui/interfaces/** and assets/runtime/ui/shared/**,模块级候选，非逐文件映射 / Package-level candidate only: assets/runtime/ui/interfaces/** and assets/runtime/ui/shared/**,HIGH / 高,已替代，归档候选 / Superseded Archive Candidate,资源工程复核 / Resource Engineering Review,是 / Yes,仅在旧函数或不可达分支中出现；确认去留。 / Mentioned only by a legacy function or unreachable branch; confirm disposition.
109,1274,待命名（Privacy Shield）,Privacy Shield,二级弹窗,Secondary UI,assets/runtime/ui/secondary_centered_v04/elements/icons/privacy_shield.png,当前静态扫描未发现引用 / No current static reference found,旧函数或不可达分支线索；须人工确认动态加载 / Legacy or unreachable-branch evidence; confirm dynamic loading manually,,assets/runtime/ui/interfaces/** and assets/runtime/ui/shared/**,模块级候选，非逐文件映射 / Package-level candidate only: assets/runtime/ui/interfaces/** and assets/runtime/ui/shared/**,HIGH / 高,已替代，归档候选 / Superseded Archive Candidate,资源工程复核 / Resource Engineering Review,是 / Yes,仅在旧函数或不可达分支中出现；确认去留。 / Mentioned only by a legacy function or unreachable branch; confirm disposition.
110,1275,待命名（Settings Gear）,Settings Gear,二级弹窗,Secondary UI,assets/runtime/ui/secondary_centered_v04/elements/icons/settings_gear.png,当前静态扫描未发现引用 / No current static reference found,旧函数或不可达分支线索；须人工确认动态加载 / Legacy or unreachable-branch evidence; confirm dynamic loading manually,,assets/runtime/ui/interfaces/** and assets/runtime/ui/shared/**,模块级候选，非逐文件映射 / Package-level candidate only: assets/runtime/ui/interfaces/** and assets/runtime/ui/shared/**,HIGH / 高,已替代，归档候选 / Superseded Archive Candidate,资源工程复核 / Resource Engineering Review,是 / Yes,仅在旧函数或不可达分支中出现；确认去留。 / Mentioned only by a legacy function or unreachable branch; confirm disposition.
111,1276,待命名（Arrow Right）,Arrow Right,二级弹窗,Secondary UI,assets/runtime/ui/secondary_centered_v04/elements/icons/settings/arrow_right.png,当前静态扫描未发现引用 / No current static reference found,旧函数或不可达分支线索；须人工确认动态加载 / Legacy or unreachable-branch evidence; confirm dynamic loading manually,,assets/runtime/ui/interfaces/** and assets/runtime/ui/shared/**,模块级候选，非逐文件映射 / Package-level candidate only: assets/runtime/ui/interfaces/** and assets/runtime/ui/shared/**,HIGH / 高,已替代，归档候选 / Superseded Archive Candidate,资源工程复核 / Resource Engineering Review,是 / Yes,仅在旧函数或不可达分支中出现；确认去留。 / Mentioned only by a legacy function or unreachable branch; confirm disposition.
112,1277,待命名（Back）,Back,二级弹窗,Secondary UI,assets/runtime/ui/secondary_centered_v04/elements/icons/settings/back.png,当前静态扫描未发现引用 / No current static reference found,旧函数或不可达分支线索；须人工确认动态加载 / Legacy or unreachable-branch evidence; confirm dynamic loading manually,,assets/runtime/ui/interfaces/** and assets/runtime/ui/shared/**,模块级候选，非逐文件映射 / Package-level candidate only: assets/runtime/ui/interfaces/** and assets/runtime/ui/shared/**,HIGH / 高,已替代，归档候选 / Superseded Archive Candidate,资源工程复核 / Resource Engineering Review,是 / Yes,仅在旧函数或不可达分支中出现；确认去留。 / Mentioned only by a legacy function or unreachable branch; confirm disposition.
113,1278,待命名（Exit Door）,Exit Door,二级弹窗,Secondary UI,assets/runtime/ui/secondary_centered_v04/elements/icons/settings/exit_door.png,当前静态扫描未发现引用 / No current static reference found,旧函数或不可达分支线索；须人工确认动态加载 / Legacy or unreachable-branch evidence; confirm dynamic loading manually,,assets/runtime/ui/interfaces/** and assets/runtime/ui/shared/**,模块级候选，非逐文件映射 / Package-level candidate only: assets/runtime/ui/interfaces/** and assets/runtime/ui/shared/**,HIGH / 高,已替代，归档候选 / Superseded Archive Candidate,资源工程复核 / Resource Engineering Review,是 / Yes,仅在旧函数或不可达分支中出现；确认去留。 / Mentioned only by a legacy function or unreachable branch; confirm disposition.
114,1279,待命名（Help）,Help,二级弹窗,Secondary UI,assets/runtime/ui/secondary_centered_v04/elements/icons/settings/help.png,当前静态扫描未发现引用 / No current static reference found,旧函数或不可达分支线索；须人工确认动态加载 / Legacy or unreachable-branch evidence; confirm dynamic loading manually,,assets/runtime/ui/interfaces/** and assets/runtime/ui/shared/**,模块级候选，非逐文件映射 / Package-level candidate only: assets/runtime/ui/interfaces/** and assets/runtime/ui/shared/**,HIGH / 高,已替代，归档候选 / Superseded Archive Candidate,资源工程复核 / Resource Engineering Review,是 / Yes,仅在旧函数或不可达分支中出现；确认去留。 / Mentioned only by a legacy function or unreachable branch; confirm disposition.
115,1280,音乐,Music,二级弹窗,Secondary UI,assets/runtime/ui/secondary_centered_v04/elements/icons/settings/music.png,当前静态扫描未发现引用 / No current static reference found,旧函数或不可达分支线索；须人工确认动态加载 / Legacy or unreachable-branch evidence; confirm dynamic loading manually,,assets/runtime/ui/interfaces/** and assets/runtime/ui/shared/**,模块级候选，非逐文件映射 / Package-level candidate only: assets/runtime/ui/interfaces/** and assets/runtime/ui/shared/**,HIGH / 高,已替代，归档候选 / Superseded Archive Candidate,资源工程复核 / Resource Engineering Review,是 / Yes,仅在旧函数或不可达分支中出现；确认去留。 / Mentioned only by a legacy function or unreachable branch; confirm disposition.
116,1281,待命名（Privacy Shield）,Privacy Shield,二级弹窗,Secondary UI,assets/runtime/ui/secondary_centered_v04/elements/icons/settings/privacy_shield.png,当前静态扫描未发现引用 / No current static reference found,旧函数或不可达分支线索；须人工确认动态加载 / Legacy or unreachable-branch evidence; confirm dynamic loading manually,,assets/runtime/ui/interfaces/** and assets/runtime/ui/shared/**,模块级候选，非逐文件映射 / Package-level candidate only: assets/runtime/ui/interfaces/** and assets/runtime/ui/shared/**,HIGH / 高,已替代，归档候选 / Superseded Archive Candidate,资源工程复核 / Resource Engineering Review,是 / Yes,仅在旧函数或不可达分支中出现；确认去留。 / Mentioned only by a legacy function or unreachable branch; confirm disposition.
117,1282,待命名（Settings Gear）,Settings Gear,二级弹窗,Secondary UI,assets/runtime/ui/secondary_centered_v04/elements/icons/settings/settings_gear.png,当前静态扫描未发现引用 / No current static reference found,旧函数或不可达分支线索；须人工确认动态加载 / Legacy or unreachable-branch evidence; confirm dynamic loading manually,,assets/runtime/ui/interfaces/** and assets/runtime/ui/shared/**,模块级候选，非逐文件映射 / Package-level candidate only: assets/runtime/ui/interfaces/** and assets/runtime/ui/shared/**,HIGH / 高,已替代，归档候选 / Superseded Archive Candidate,资源工程复核 / Resource Engineering Review,是 / Yes,仅在旧函数或不可达分支中出现；确认去留。 / Mentioned only by a legacy function or unreachable branch; confirm disposition.
118,1283,音效,Sound,二级弹窗,Secondary UI,assets/runtime/ui/secondary_centered_v04/elements/icons/settings/sound.png,当前静态扫描未发现引用 / No current static reference found,旧函数或不可达分支线索；须人工确认动态加载 / Legacy or unreachable-branch evidence; confirm dynamic loading manually,,assets/runtime/ui/interfaces/** and assets/runtime/ui/shared/**,模块级候选，非逐文件映射 / Package-level candidate only: assets/runtime/ui/interfaces/** and assets/runtime/ui/shared/**,HIGH / 高,已替代，归档候选 / Superseded Archive Candidate,资源工程复核 / Resource Engineering Review,是 / Yes,仅在旧函数或不可达分支中出现；确认去留。 / Mentioned only by a legacy function or unreachable branch; confirm disposition.
119,1284,待命名（Vibration）,Vibration,二级弹窗,Secondary UI,assets/runtime/ui/secondary_centered_v04/elements/icons/settings/vibration.png,当前静态扫描未发现引用 / No current static reference found,旧函数或不可达分支线索；须人工确认动态加载 / Legacy or unreachable-branch evidence; confirm dynamic loading manually,,assets/runtime/ui/interfaces/** and assets/runtime/ui/shared/**,模块级候选，非逐文件映射 / Package-level candidate only: assets/runtime/ui/interfaces/** and assets/runtime/ui/shared/**,HIGH / 高,已替代，归档候选 / Superseded Archive Candidate,资源工程复核 / Resource Engineering Review,是 / Yes,仅在旧函数或不可达分支中出现；确认去留。 / Mentioned only by a legacy function or unreachable branch; confirm disposition.
120,1285,商城,Shop,二级弹窗,Secondary UI,assets/runtime/ui/secondary_centered_v04/elements/icons/shop.png,当前静态扫描未发现引用 / No current static reference found,旧函数或不可达分支线索；须人工确认动态加载 / Legacy or unreachable-branch evidence; confirm dynamic loading manually,,assets/runtime/ui/interfaces/** and assets/runtime/ui/shared/**,模块级候选，非逐文件映射 / Package-level candidate only: assets/runtime/ui/interfaces/** and assets/runtime/ui/shared/**,HIGH / 高,已替代，归档候选 / Superseded Archive Candidate,资源工程复核 / Resource Engineering Review,是 / Yes,仅在旧函数或不可达分支中出现；确认去留。 / Mentioned only by a legacy function or unreachable branch; confirm disposition.
121,1286,售罄完,Sold Out,二级弹窗,Secondary UI,assets/runtime/ui/secondary_centered_v04/elements/icons/sold_out.png,当前静态扫描未发现引用 / No current static reference found,旧函数或不可达分支线索；须人工确认动态加载 / Legacy or unreachable-branch evidence; confirm dynamic loading manually,,assets/runtime/ui/interfaces/** and assets/runtime/ui/shared/**,模块级候选，非逐文件映射 / Package-level candidate only: assets/runtime/ui/interfaces/** and assets/runtime/ui/shared/**,HIGH / 高,已替代，归档候选 / Superseded Archive Candidate,资源工程复核 / Resource Engineering Review,是 / Yes,仅在旧函数或不可达分支中出现；确认去留。 / Mentioned only by a legacy function or unreachable branch; confirm disposition.
122,1287,音效,Sound,二级弹窗,Secondary UI,assets/runtime/ui/secondary_centered_v04/elements/icons/sound.png,当前静态扫描未发现引用 / No current static reference found,旧函数或不可达分支线索；须人工确认动态加载 / Legacy or unreachable-branch evidence; confirm dynamic loading manually,,assets/runtime/ui/interfaces/** and assets/runtime/ui/shared/**,模块级候选，非逐文件映射 / Package-level candidate only: assets/runtime/ui/interfaces/** and assets/runtime/ui/shared/**,HIGH / 高,已替代，归档候选 / Superseded Archive Candidate,资源工程复核 / Resource Engineering Review,是 / Yes,仅在旧函数或不可达分支中出现；确认去留。 / Mentioned only by a legacy function or unreachable branch; confirm disposition.
123,1288,待命名（Task Kill）,Task Kill,二级弹窗,Secondary UI,assets/runtime/ui/secondary_centered_v04/elements/icons/task_kill.png,当前静态扫描未发现引用 / No current static reference found,旧函数或不可达分支线索；须人工确认动态加载 / Legacy or unreachable-branch evidence; confirm dynamic loading manually,,assets/runtime/ui/interfaces/** and assets/runtime/ui/shared/**,模块级候选，非逐文件映射 / Package-level candidate only: assets/runtime/ui/interfaces/** and assets/runtime/ui/shared/**,HIGH / 高,已替代，归档候选 / Superseded Archive Candidate,资源工程复核 / Resource Engineering Review,是 / Yes,仅在旧函数或不可达分支中出现；确认去留。 / Mentioned only by a legacy function or unreachable branch; confirm disposition.
124,1289,任务登录,Task Login,二级弹窗,Secondary UI,assets/runtime/ui/secondary_centered_v04/elements/icons/task_login.png,当前静态扫描未发现引用 / No current static reference found,旧函数或不可达分支线索；须人工确认动态加载 / Legacy or unreachable-branch evidence; confirm dynamic loading manually,,assets/runtime/ui/interfaces/** and assets/runtime/ui/shared/**,模块级候选，非逐文件映射 / Package-level candidate only: assets/runtime/ui/interfaces/** and assets/runtime/ui/shared/**,HIGH / 高,已替代，归档候选 / Superseded Archive Candidate,资源工程复核 / Resource Engineering Review,是 / Yes,仅在旧函数或不可达分支中出现；确认去留。 / Mentioned only by a legacy function or unreachable branch; confirm disposition.
125,1290,任务合成,Task Merge,二级弹窗,Secondary UI,assets/runtime/ui/secondary_centered_v04/elements/icons/task_merge.png,当前静态扫描未发现引用 / No current static reference found,旧函数或不可达分支线索；须人工确认动态加载 / Legacy or unreachable-branch evidence; confirm dynamic loading manually,,assets/runtime/ui/interfaces/** and assets/runtime/ui/shared/**,模块级候选，非逐文件映射 / Package-level candidate only: assets/runtime/ui/interfaces/** and assets/runtime/ui/shared/**,HIGH / 高,已替代，归档候选 / Superseded Archive Candidate,资源工程复核 / Resource Engineering Review,是 / Yes,仅在旧函数或不可达分支中出现；确认去留。 / Mentioned only by a legacy function or unreachable branch; confirm disposition.
126,1291,任务星阶,Task Star,二级弹窗,Secondary UI,assets/runtime/ui/secondary_centered_v04/elements/icons/task_star.png,当前静态扫描未发现引用 / No current static reference found,旧函数或不可达分支线索；须人工确认动态加载 / Legacy or unreachable-branch evidence; confirm dynamic loading manually,,assets/runtime/ui/interfaces/** and assets/runtime/ui/shared/**,模块级候选，非逐文件映射 / Package-level candidate only: assets/runtime/ui/interfaces/** and assets/runtime/ui/shared/**,HIGH / 高,已替代，归档候选 / Superseded Archive Candidate,资源工程复核 / Resource Engineering Review,是 / Yes,仅在旧函数或不可达分支中出现；确认去留。 / Mentioned only by a legacy function or unreachable branch; confirm disposition.
127,1292,待命名（Task Swords）,Task Swords,二级弹窗,Secondary UI,assets/runtime/ui/secondary_centered_v04/elements/icons/task_swords.png,当前静态扫描未发现引用 / No current static reference found,旧函数或不可达分支线索；须人工确认动态加载 / Legacy or unreachable-branch evidence; confirm dynamic loading manually,,assets/runtime/ui/interfaces/** and assets/runtime/ui/shared/**,模块级候选，非逐文件映射 / Package-level candidate only: assets/runtime/ui/interfaces/** and assets/runtime/ui/shared/**,HIGH / 高,已替代，归档候选 / Superseded Archive Candidate,资源工程复核 / Resource Engineering Review,是 / Yes,仅在旧函数或不可达分支中出现；确认去留。 / Mentioned only by a legacy function or unreachable branch; confirm disposition.
128,1293,待命名（Vibration）,Vibration,二级弹窗,Secondary UI,assets/runtime/ui/secondary_centered_v04/elements/icons/vibration.png,当前静态扫描未发现引用 / No current static reference found,旧函数或不可达分支线索；须人工确认动态加载 / Legacy or unreachable-branch evidence; confirm dynamic loading manually,,assets/runtime/ui/interfaces/** and assets/runtime/ui/shared/**,模块级候选，非逐文件映射 / Package-level candidate only: assets/runtime/ui/interfaces/** and assets/runtime/ui/shared/**,HIGH / 高,已替代，归档候选 / Superseded Archive Candidate,资源工程复核 / Resource Engineering Review,是 / Yes,仅在旧函数或不可达分支中出现；确认去留。 / Mentioned only by a legacy function or unreachable branch; confirm disposition.
129,1294,徽记新无文字,Badge New Blank,二级弹窗,Secondary UI,assets/runtime/ui/secondary_centered_v04/elements/pages/commerce/badge_new_blank.png,当前静态扫描未发现引用 / No current static reference found,旧函数或不可达分支线索；须人工确认动态加载 / Legacy or unreachable-branch evidence; confirm dynamic loading manually,,assets/runtime/ui/interfaces/** and assets/runtime/ui/shared/**,模块级候选，非逐文件映射 / Package-level candidate only: assets/runtime/ui/interfaces/** and assets/runtime/ui/shared/**,HIGH / 高,已替代，归档候选 / Superseded Archive Candidate,资源工程复核 / Resource Engineering Review,是 / Yes,仅在旧函数或不可达分支中出现；确认去留。 / Mentioned only by a legacy function or unreachable branch; confirm disposition.
130,1295,徽记已拥有,Badge Owned,二级弹窗,Secondary UI,assets/runtime/ui/secondary_centered_v04/elements/pages/commerce/badge_owned.png,当前静态扫描未发现引用 / No current static reference found,旧函数或不可达分支线索；须人工确认动态加载 / Legacy or unreachable-branch evidence; confirm dynamic loading manually,,assets/runtime/ui/interfaces/** and assets/runtime/ui/shared/**,模块级候选，非逐文件映射 / Package-level candidate only: assets/runtime/ui/interfaces/** and assets/runtime/ui/shared/**,HIGH / 高,已替代，归档候选 / Superseded Archive Candidate,资源工程复核 / Resource Engineering Review,是 / Yes,仅在旧函数或不可达分支中出现；确认去留。 / Mentioned only by a legacy function or unreachable branch; confirm disposition.
131,1296,待命名（Benefit Card）,Benefit Card,二级弹窗,Secondary UI,assets/runtime/ui/secondary_centered_v04/elements/pages/commerce/benefit_card.png,当前静态扫描未发现引用 / No current static reference found,旧函数或不可达分支线索；须人工确认动态加载 / Legacy or unreachable-branch evidence; confirm dynamic loading manually,,assets/runtime/ui/interfaces/** and assets/runtime/ui/shared/**,模块级候选，非逐文件映射 / Package-level candidate only: assets/runtime/ui/interfaces/** and assets/runtime/ui/shared/**,HIGH / 高,已替代，归档候选 / Superseded Archive Candidate,资源工程复核 / Resource Engineering Review,是 / Yes,仅在旧函数或不可达分支中出现；确认去留。 / Mentioned only by a legacy function or unreachable branch; confirm disposition.
132,1297,待命名（First Chest Closed）,First Chest Closed,二级弹窗,Secondary UI,assets/runtime/ui/secondary_centered_v04/elements/pages/commerce/first_chest_closed.png,当前静态扫描未发现引用 / No current static reference found,旧函数或不可达分支线索；须人工确认动态加载 / Legacy or unreachable-branch evidence; confirm dynamic loading manually,,assets/runtime/ui/interfaces/** and assets/runtime/ui/shared/**,模块级候选，非逐文件映射 / Package-level candidate only: assets/runtime/ui/interfaces/** and assets/runtime/ui/shared/**,HIGH / 高,已替代，归档候选 / Superseded Archive Candidate,资源工程复核 / Resource Engineering Review,是 / Yes,仅在旧函数或不可达分支中出现；确认去留。 / Mentioned only by a legacy function or unreachable branch; confirm disposition.
133,1298,待命名（First Reward Altar）,First Reward Altar,二级弹窗,Secondary UI,assets/runtime/ui/secondary_centered_v04/elements/pages/commerce/first_reward_altar.png,当前静态扫描未发现引用 / No current static reference found,旧函数或不可达分支线索；须人工确认动态加载 / Legacy or unreachable-branch evidence; confirm dynamic loading manually,,assets/runtime/ui/interfaces/** and assets/runtime/ui/shared/**,模块级候选，非逐文件映射 / Package-level candidate only: assets/runtime/ui/interfaces/** and assets/runtime/ui/shared/**,HIGH / 高,已替代，归档候选 / Superseded Archive Candidate,资源工程复核 / Resource Engineering Review,是 / Yes,仅在旧函数或不可达分支中出现；确认去留。 / Mentioned only by a legacy function or unreachable branch; confirm disposition.
134,1299,待命名（Piggy Empty）,Piggy Empty,二级弹窗,Secondary UI,assets/runtime/ui/secondary_centered_v04/elements/pages/commerce/piggy_empty.png,当前静态扫描未发现引用 / No current static reference found,旧函数或不可达分支线索；须人工确认动态加载 / Legacy or unreachable-branch evidence; confirm dynamic loading manually,,assets/runtime/ui/interfaces/** and assets/runtime/ui/shared/**,模块级候选，非逐文件映射 / Package-level candidate only: assets/runtime/ui/interfaces/** and assets/runtime/ui/shared/**,HIGH / 高,已替代，归档候选 / Superseded Archive Candidate,资源工程复核 / Resource Engineering Review,是 / Yes,仅在旧函数或不可达分支中出现；确认去留。 / Mentioned only by a legacy function or unreachable branch; confirm disposition.
135,1300,待命名（Piggy Filling）,Piggy Filling,二级弹窗,Secondary UI,assets/runtime/ui/secondary_centered_v04/elements/pages/commerce/piggy_filling.png,当前静态扫描未发现引用 / No current static reference found,旧函数或不可达分支线索；须人工确认动态加载 / Legacy or unreachable-branch evidence; confirm dynamic loading manually,,assets/runtime/ui/interfaces/** and assets/runtime/ui/shared/**,模块级候选，非逐文件映射 / Package-level candidate only: assets/runtime/ui/interfaces/** and assets/runtime/ui/shared/**,HIGH / 高,已替代，归档候选 / Superseded Archive Candidate,资源工程复核 / Resource Engineering Review,是 / Yes,仅在旧函数或不可达分支中出现；确认去留。 / Mentioned only by a legacy function or unreachable branch; confirm disposition.
136,1301,待命名（Piggy Full）,Piggy Full,二级弹窗,Secondary UI,assets/runtime/ui/secondary_centered_v04/elements/pages/commerce/piggy_full.png,当前静态扫描未发现引用 / No current static reference found,旧函数或不可达分支线索；须人工确认动态加载 / Legacy or unreachable-branch evidence; confirm dynamic loading manually,,assets/runtime/ui/interfaces/** and assets/runtime/ui/shared/**,模块级候选，非逐文件映射 / Package-level candidate only: assets/runtime/ui/interfaces/** and assets/runtime/ui/shared/**,HIGH / 高,已替代，归档候选 / Superseded Archive Candidate,资源工程复核 / Resource Engineering Review,是 / Yes,仅在旧函数或不可达分支中出现；确认去留。 / Mentioned only by a legacy function or unreachable branch; confirm disposition.
137,1302,存钱已拥有,Piggy Owned,二级弹窗,Secondary UI,assets/runtime/ui/secondary_centered_v04/elements/pages/commerce/piggy_owned.png,当前静态扫描未发现引用 / No current static reference found,旧函数或不可达分支线索；须人工确认动态加载 / Legacy or unreachable-branch evidence; confirm dynamic loading manually,,assets/runtime/ui/interfaces/** and assets/runtime/ui/shared/**,模块级候选，非逐文件映射 / Package-level candidate only: assets/runtime/ui/interfaces/** and assets/runtime/ui/shared/**,HIGH / 高,已替代，归档候选 / Superseded Archive Candidate,资源工程复核 / Resource Engineering Review,是 / Yes,仅在旧函数或不可达分支中出现；确认去留。 / Mentioned only by a legacy function or unreachable branch; confirm disposition.
138,1303,待命名（Reward Slot Blue）,Reward Slot Blue,二级弹窗,Secondary UI,assets/runtime/ui/secondary_centered_v04/elements/pages/commerce/reward_slot_blue.png,当前静态扫描未发现引用 / No current static reference found,旧函数或不可达分支线索；须人工确认动态加载 / Legacy or unreachable-branch evidence; confirm dynamic loading manually,,assets/runtime/ui/interfaces/** and assets/runtime/ui/shared/**,模块级候选，非逐文件映射 / Package-level candidate only: assets/runtime/ui/interfaces/** and assets/runtime/ui/shared/**,HIGH / 高,已替代，归档候选 / Superseded Archive Candidate,资源工程复核 / Resource Engineering Review,是 / Yes,仅在旧函数或不可达分支中出现；确认去留。 / Mentioned only by a legacy function or unreachable branch; confirm disposition.
139,1304,活跃宝箱已领取,Activity Chest Claimed,二级弹窗,Secondary UI,assets/runtime/ui/secondary_centered_v04/elements/pages/daily/activity_chest_claimed.png,当前静态扫描未发现引用 / No current static reference found,旧函数或不可达分支线索；须人工确认动态加载 / Legacy or unreachable-branch evidence; confirm dynamic loading manually,,assets/runtime/ui/interfaces/** and assets/runtime/ui/shared/**,模块级候选，非逐文件映射 / Package-level candidate only: assets/runtime/ui/interfaces/** and assets/runtime/ui/shared/**,HIGH / 高,已替代，归档候选 / Superseded Archive Candidate,资源工程复核 / Resource Engineering Review,是 / Yes,仅在旧函数或不可达分支中出现；确认去留。 / Mentioned only by a legacy function or unreachable branch; confirm disposition.
140,1305,活跃宝箱锁定,Activity Chest Locked,二级弹窗,Secondary UI,assets/runtime/ui/secondary_centered_v04/elements/pages/daily/activity_chest_locked.png,当前静态扫描未发现引用 / No current static reference found,旧函数或不可达分支线索；须人工确认动态加载 / Legacy or unreachable-branch evidence; confirm dynamic loading manually,,assets/runtime/ui/interfaces/** and assets/runtime/ui/shared/**,模块级候选，非逐文件映射 / Package-level candidate only: assets/runtime/ui/interfaces/** and assets/runtime/ui/shared/**,HIGH / 高,已替代，归档候选 / Superseded Archive Candidate,资源工程复核 / Resource Engineering Review,是 / Yes,仅在旧函数或不可达分支中出现；确认去留。 / Mentioned only by a legacy function or unreachable branch; confirm disposition.
141,1306,待命名（Activity Chest Ready）,Activity Chest Ready,二级弹窗,Secondary UI,assets/runtime/ui/secondary_centered_v04/elements/pages/daily/activity_chest_ready.png,当前静态扫描未发现引用 / No current static reference found,旧函数或不可达分支线索；须人工确认动态加载 / Legacy or unreachable-branch evidence; confirm dynamic loading manually,,assets/runtime/ui/interfaces/** and assets/runtime/ui/shared/**,模块级候选，非逐文件映射 / Package-level candidate only: assets/runtime/ui/interfaces/** and assets/runtime/ui/shared/**,HIGH / 高,已替代，归档候选 / Superseded Archive Candidate,资源工程复核 / Resource Engineering Review,是 / Yes,仅在旧函数或不可达分支中出现；确认去留。 / Mentioned only by a legacy function or unreachable branch; confirm disposition.
142,1307,待命名（Signin Day Default）,Signin Day Default,二级弹窗,Secondary UI,assets/runtime/ui/secondary_centered_v04/elements/pages/daily/signin_day_default.png,当前静态扫描未发现引用 / No current static reference found,旧函数或不可达分支线索；须人工确认动态加载 / Legacy or unreachable-branch evidence; confirm dynamic loading manually,,assets/runtime/ui/interfaces/** and assets/runtime/ui/shared/**,模块级候选，非逐文件映射 / Package-level candidate only: assets/runtime/ui/interfaces/** and assets/runtime/ui/shared/**,HIGH / 高,已替代，归档候选 / Superseded Archive Candidate,资源工程复核 / Resource Engineering Review,是 / Yes,仅在旧函数或不可达分支中出现；确认去留。 / Mentioned only by a legacy function or unreachable branch; confirm disposition.
143,1308,待命名（Signin Day Today）,Signin Day Today,二级弹窗,Secondary UI,assets/runtime/ui/secondary_centered_v04/elements/pages/daily/signin_day_today.png,当前静态扫描未发现引用 / No current static reference found,旧函数或不可达分支线索；须人工确认动态加载 / Legacy or unreachable-branch evidence; confirm dynamic loading manually,,assets/runtime/ui/interfaces/** and assets/runtime/ui/shared/**,模块级候选，非逐文件映射 / Package-level candidate only: assets/runtime/ui/interfaces/** and assets/runtime/ui/shared/**,HIGH / 高,已替代，归档候选 / Superseded Archive Candidate,资源工程复核 / Resource Engineering Review,是 / Yes,仅在旧函数或不可达分支中出现；确认去留。 / Mentioned only by a legacy function or unreachable branch; confirm disposition.
144,1309,待命名（Status Claimable）,Status Claimable,二级弹窗,Secondary UI,assets/runtime/ui/secondary_centered_v04/elements/pages/daily/status_claimable.png,当前静态扫描未发现引用 / No current static reference found,旧函数或不可达分支线索；须人工确认动态加载 / Legacy or unreachable-branch evidence; confirm dynamic loading manually,,assets/runtime/ui/interfaces/** and assets/runtime/ui/shared/**,模块级候选，非逐文件映射 / Package-level candidate only: assets/runtime/ui/interfaces/** and assets/runtime/ui/shared/**,HIGH / 高,已替代，归档候选 / Superseded Archive Candidate,资源工程复核 / Resource Engineering Review,是 / Yes,仅在旧函数或不可达分支中出现；确认去留。 / Mentioned only by a legacy function or unreachable branch; confirm disposition.
145,1310,状态已领取,Status Claimed,二级弹窗,Secondary UI,assets/runtime/ui/secondary_centered_v04/elements/pages/daily/status_claimed.png,当前静态扫描未发现引用 / No current static reference found,旧函数或不可达分支线索；须人工确认动态加载 / Legacy or unreachable-branch evidence; confirm dynamic loading manually,,assets/runtime/ui/interfaces/** and assets/runtime/ui/shared/**,模块级候选，非逐文件映射 / Package-level candidate only: assets/runtime/ui/interfaces/** and assets/runtime/ui/shared/**,HIGH / 高,已替代，归档候选 / Superseded Archive Candidate,资源工程复核 / Resource Engineering Review,是 / Yes,仅在旧函数或不可达分支中出现；确认去留。 / Mentioned only by a legacy function or unreachable branch; confirm disposition.
146,1311,待命名（Status Incomplete）,Status Incomplete,二级弹窗,Secondary UI,assets/runtime/ui/secondary_centered_v04/elements/pages/daily/status_incomplete.png,当前静态扫描未发现引用 / No current static reference found,旧函数或不可达分支线索；须人工确认动态加载 / Legacy or unreachable-branch evidence; confirm dynamic loading manually,,assets/runtime/ui/interfaces/** and assets/runtime/ui/shared/**,模块级候选，非逐文件映射 / Package-level candidate only: assets/runtime/ui/interfaces/** and assets/runtime/ui/shared/**,HIGH / 高,已替代，归档候选 / Superseded Archive Candidate,资源工程复核 / Resource Engineering Review,是 / Yes,仅在旧函数或不可达分支中出现；确认去留。 / Mentioned only by a legacy function or unreachable branch; confirm disposition.
147,1312,任务行,Task Row,二级弹窗,Secondary UI,assets/runtime/ui/secondary_centered_v04/elements/pages/daily/task_row.png,当前静态扫描未发现引用 / No current static reference found,旧函数或不可达分支线索；须人工确认动态加载 / Legacy or unreachable-branch evidence; confirm dynamic loading manually,,assets/runtime/ui/interfaces/** and assets/runtime/ui/shared/**,模块级候选，非逐文件映射 / Package-level candidate only: assets/runtime/ui/interfaces/** and assets/runtime/ui/shared/**,HIGH / 高,已替代，归档候选 / Superseded Archive Candidate,资源工程复核 / Resource Engineering Review,是 / Yes,仅在旧函数或不可达分支中出现；确认去留。 / Mentioned only by a legacy function or unreachable branch; confirm disposition.
148,1313,待命名（Action Tile Blue）,Action Tile Blue,二级弹窗,Secondary UI,assets/runtime/ui/secondary_centered_v04/elements/pages/pause/action_tile_blue.png,当前静态扫描未发现引用 / No current static reference found,旧函数或不可达分支线索；须人工确认动态加载 / Legacy or unreachable-branch evidence; confirm dynamic loading manually,,assets/runtime/ui/interfaces/** and assets/runtime/ui/shared/**,模块级候选，非逐文件映射 / Package-level candidate only: assets/runtime/ui/interfaces/** and assets/runtime/ui/shared/**,HIGH / 高,已替代，归档候选 / Superseded Archive Candidate,资源工程复核 / Resource Engineering Review,是 / Yes,仅在旧函数或不可达分支中出现；确认去留。 / Mentioned only by a legacy function or unreachable branch; confirm disposition.
149,1314,待命名（Action Tile Red）,Action Tile Red,二级弹窗,Secondary UI,assets/runtime/ui/secondary_centered_v04/elements/pages/pause/action_tile_red.png,当前静态扫描未发现引用 / No current static reference found,旧函数或不可达分支线索；须人工确认动态加载 / Legacy or unreachable-branch evidence; confirm dynamic loading manually,,assets/runtime/ui/interfaces/** and assets/runtime/ui/shared/**,模块级候选，非逐文件映射 / Package-level candidate only: assets/runtime/ui/interfaces/** and assets/runtime/ui/shared/**,HIGH / 高,已替代，归档候选 / Superseded Archive Candidate,资源工程复核 / Resource Engineering Review,是 / Yes,仅在旧函数或不可达分支中出现；确认去留。 / Mentioned only by a legacy function or unreachable branch; confirm disposition.
150,1315,图标魔炮,Icon Cannon,二级弹窗,Secondary UI,assets/runtime/ui/secondary_centered_v04/elements/pages/shop/icon_cannon.png,当前静态扫描未发现引用 / No current static reference found,旧函数或不可达分支线索；须人工确认动态加载 / Legacy or unreachable-branch evidence; confirm dynamic loading manually,,assets/runtime/ui/interfaces/** and assets/runtime/ui/shared/**,模块级候选，非逐文件映射 / Package-level candidate only: assets/runtime/ui/interfaces/** and assets/runtime/ui/shared/**,HIGH / 高,已替代，归档候选 / Superseded Archive Candidate,资源工程复核 / Resource Engineering Review,是 / Yes,仅在旧函数或不可达分支中出现；确认去留。 / Mentioned only by a legacy function or unreachable branch; confirm disposition.
151,1316,图标发条,Icon Clockwork,二级弹窗,Secondary UI,assets/runtime/ui/secondary_centered_v04/elements/pages/shop/icon_clockwork.png,当前静态扫描未发现引用 / No current static reference found,旧函数或不可达分支线索；须人工确认动态加载 / Legacy or unreachable-branch evidence; confirm dynamic loading manually,,assets/runtime/ui/interfaces/** and assets/runtime/ui/shared/**,模块级候选，非逐文件映射 / Package-level candidate only: assets/runtime/ui/interfaces/** and assets/runtime/ui/shared/**,HIGH / 高,已替代，归档候选 / Superseded Archive Candidate,资源工程复核 / Resource Engineering Review,是 / Yes,仅在旧函数或不可达分支中出现；确认去留。 / Mentioned only by a legacy function or unreachable branch; confirm disposition.
152,1317,待命名（Icon Crystal Bundle）,Icon Crystal Bundle,二级弹窗,Secondary UI,assets/runtime/ui/secondary_centered_v04/elements/pages/shop/icon_crystal_bundle.png,当前静态扫描未发现引用 / No current static reference found,旧函数或不可达分支线索；须人工确认动态加载 / Legacy or unreachable-branch evidence; confirm dynamic loading manually,,assets/runtime/ui/interfaces/** and assets/runtime/ui/shared/**,模块级候选，非逐文件映射 / Package-level candidate only: assets/runtime/ui/interfaces/** and assets/runtime/ui/shared/**,HIGH / 高,已替代，归档候选 / Superseded Archive Candidate,资源工程复核 / Resource Engineering Review,是 / Yes,仅在旧函数或不可达分支中出现；确认去留。 / Mentioned only by a legacy function or unreachable branch; confirm disposition.
153,1318,图标火焰导管,Icon Fire Conduit,二级弹窗,Secondary UI,assets/runtime/ui/secondary_centered_v04/elements/pages/shop/icon_fire_conduit.png,当前静态扫描未发现引用 / No current static reference found,旧函数或不可达分支线索；须人工确认动态加载 / Legacy or unreachable-branch evidence; confirm dynamic loading manually,,assets/runtime/ui/interfaces/** and assets/runtime/ui/shared/**,模块级候选，非逐文件映射 / Package-level candidate only: assets/runtime/ui/interfaces/** and assets/runtime/ui/shared/**,HIGH / 高,已替代，归档候选 / Superseded Archive Candidate,资源工程复核 / Resource Engineering Review,是 / Yes,仅在旧函数或不可达分支中出现；确认去留。 / Mentioned only by a legacy function or unreachable branch; confirm disposition.
154,1319,图标棱镜,Icon Prism,二级弹窗,Secondary UI,assets/runtime/ui/secondary_centered_v04/elements/pages/shop/icon_prism.png,当前静态扫描未发现引用 / No current static reference found,旧函数或不可达分支线索；须人工确认动态加载 / Legacy or unreachable-branch evidence; confirm dynamic loading manually,,assets/runtime/ui/interfaces/** and assets/runtime/ui/shared/**,模块级候选，非逐文件映射 / Package-level candidate only: assets/runtime/ui/interfaces/** and assets/runtime/ui/shared/**,HIGH / 高,已替代，归档候选 / Superseded Archive Candidate,资源工程复核 / Resource Engineering Review,是 / Yes,仅在旧函数或不可达分支中出现；确认去留。 / Mentioned only by a legacy function or unreachable branch; confirm disposition.
155,1320,待命名（Icon Steam Furnace）,Icon Steam Furnace,二级弹窗,Secondary UI,assets/runtime/ui/secondary_centered_v04/elements/pages/shop/icon_steam_furnace.png,当前静态扫描未发现引用 / No current static reference found,旧函数或不可达分支线索；须人工确认动态加载 / Legacy or unreachable-branch evidence; confirm dynamic loading manually,,assets/runtime/ui/interfaces/** and assets/runtime/ui/shared/**,模块级候选，非逐文件映射 / Package-level candidate only: assets/runtime/ui/interfaces/** and assets/runtime/ui/shared/**,HIGH / 高,已替代，归档候选 / Superseded Archive Candidate,资源工程复核 / Resource Engineering Review,是 / Yes,仅在旧函数或不可达分支中出现；确认去留。 / Mentioned only by a legacy function or unreachable branch; confirm disposition.
156,1321,待命名（Price Strip Crystal）,Price Strip Crystal,二级弹窗,Secondary UI,assets/runtime/ui/secondary_centered_v04/elements/pages/shop/price_strip_crystal.png,当前静态扫描未发现引用 / No current static reference found,旧函数或不可达分支线索；须人工确认动态加载 / Legacy or unreachable-branch evidence; confirm dynamic loading manually,,assets/runtime/ui/interfaces/** and assets/runtime/ui/shared/**,模块级候选，非逐文件映射 / Package-level candidate only: assets/runtime/ui/interfaces/** and assets/runtime/ui/shared/**,HIGH / 高,已替代，归档候选 / Superseded Archive Candidate,资源工程复核 / Resource Engineering Review,是 / Yes,仅在旧函数或不可达分支中出现；确认去留。 / Mentioned only by a legacy function or unreachable branch; confirm disposition.
157,1322,待命名（Price Strip Money）,Price Strip Money,二级弹窗,Secondary UI,assets/runtime/ui/secondary_centered_v04/elements/pages/shop/price_strip_money.png,当前静态扫描未发现引用 / No current static reference found,旧函数或不可达分支线索；须人工确认动态加载 / Legacy or unreachable-branch evidence; confirm dynamic loading manually,,assets/runtime/ui/interfaces/** and assets/runtime/ui/shared/**,模块级候选，非逐文件映射 / Package-level candidate only: assets/runtime/ui/interfaces/** and assets/runtime/ui/shared/**,HIGH / 高,已替代，归档候选 / Superseded Archive Candidate,资源工程复核 / Resource Engineering Review,是 / Yes,仅在旧函数或不可达分支中出现；确认去留。 / Mentioned only by a legacy function or unreachable branch; confirm disposition.
158,1323,待命名（Product Slot Default）,Product Slot Default,二级弹窗,Secondary UI,assets/runtime/ui/secondary_centered_v04/elements/pages/shop/product_slot_default.png,当前静态扫描未发现引用 / No current static reference found,旧函数或不可达分支线索；须人工确认动态加载 / Legacy or unreachable-branch evidence; confirm dynamic loading manually,,assets/runtime/ui/interfaces/** and assets/runtime/ui/shared/**,模块级候选，非逐文件映射 / Package-level candidate only: assets/runtime/ui/interfaces/** and assets/runtime/ui/shared/**,HIGH / 高,已替代，归档候选 / Superseded Archive Candidate,资源工程复核 / Resource Engineering Review,是 / Yes,仅在旧函数或不可达分支中出现；确认去留。 / Mentioned only by a legacy function or unreachable branch; confirm disposition.
159,1324,待命名（Product Slot Unavailable）,Product Slot Unavailable,二级弹窗,Secondary UI,assets/runtime/ui/secondary_centered_v04/elements/pages/shop/product_slot_unavailable.png,当前静态扫描未发现引用 / No current static reference found,旧函数或不可达分支线索；须人工确认动态加载 / Legacy or unreachable-branch evidence; confirm dynamic loading manually,,assets/runtime/ui/interfaces/** and assets/runtime/ui/shared/**,模块级候选，非逐文件映射 / Package-level candidate only: assets/runtime/ui/interfaces/** and assets/runtime/ui/shared/**,HIGH / 高,已替代，归档候选 / Superseded Archive Candidate,资源工程复核 / Resource Engineering Review,是 / Yes,仅在旧函数或不可达分支中出现；确认去留。 / Mentioned only by a legacy function or unreachable branch; confirm disposition.
160,1325,待命名（Purchase Quantity Row）,Purchase Quantity Row,二级弹窗,Secondary UI,assets/runtime/ui/secondary_centered_v04/elements/pages/shop/purchase_quantity_row.png,当前静态扫描未发现引用 / No current static reference found,旧函数或不可达分支线索；须人工确认动态加载 / Legacy or unreachable-branch evidence; confirm dynamic loading manually,,assets/runtime/ui/interfaces/** and assets/runtime/ui/shared/**,模块级候选，非逐文件映射 / Package-level candidate only: assets/runtime/ui/interfaces/** and assets/runtime/ui/shared/**,HIGH / 高,已替代，归档候选 / Superseded Archive Candidate,资源工程复核 / Resource Engineering Review,是 / Yes,仅在旧函数或不可达分支中出现；确认去留。 / Mentioned only by a legacy function or unreachable branch; confirm disposition.
161,1326,状态每日限制,Status Daily Limit,二级弹窗,Secondary UI,assets/runtime/ui/secondary_centered_v04/elements/pages/shop/status_daily_limit.png,当前静态扫描未发现引用 / No current static reference found,旧函数或不可达分支线索；须人工确认动态加载 / Legacy or unreachable-branch evidence; confirm dynamic loading manually,,assets/runtime/ui/interfaces/** and assets/runtime/ui/shared/**,模块级候选，非逐文件映射 / Package-level candidate only: assets/runtime/ui/interfaces/** and assets/runtime/ui/shared/**,HIGH / 高,已替代，归档候选 / Superseded Archive Candidate,资源工程复核 / Resource Engineering Review,是 / Yes,仅在旧函数或不可达分支中出现；确认去留。 / Mentioned only by a legacy function or unreachable branch; confirm disposition.
162,1327,状态不足,Status Insufficient,二级弹窗,Secondary UI,assets/runtime/ui/secondary_centered_v04/elements/pages/shop/status_insufficient.png,当前静态扫描未发现引用 / No current static reference found,旧函数或不可达分支线索；须人工确认动态加载 / Legacy or unreachable-branch evidence; confirm dynamic loading manually,,assets/runtime/ui/interfaces/** and assets/runtime/ui/shared/**,模块级候选，非逐文件映射 / Package-level candidate only: assets/runtime/ui/interfaces/** and assets/runtime/ui/shared/**,HIGH / 高,已替代，归档候选 / Superseded Archive Candidate,资源工程复核 / Resource Engineering Review,是 / Yes,仅在旧函数或不可达分支中出现；确认去留。 / Mentioned only by a legacy function or unreachable branch; confirm disposition.
163,1328,状态已拥有,Status Owned,二级弹窗,Secondary UI,assets/runtime/ui/secondary_centered_v04/elements/pages/shop/status_owned.png,当前静态扫描未发现引用 / No current static reference found,旧函数或不可达分支线索；须人工确认动态加载 / Legacy or unreachable-branch evidence; confirm dynamic loading manually,,assets/runtime/ui/interfaces/** and assets/runtime/ui/shared/**,模块级候选，非逐文件映射 / Package-level candidate only: assets/runtime/ui/interfaces/** and assets/runtime/ui/shared/**,HIGH / 高,已替代，归档候选 / Superseded Archive Candidate,资源工程复核 / Resource Engineering Review,是 / Yes,仅在旧函数或不可达分支中出现；确认去留。 / Mentioned only by a legacy function or unreachable branch; confirm disposition.
164,1329,状态售罄完,Status Sold Out,二级弹窗,Secondary UI,assets/runtime/ui/secondary_centered_v04/elements/pages/shop/status_sold_out.png,当前静态扫描未发现引用 / No current static reference found,旧函数或不可达分支线索；须人工确认动态加载 / Legacy or unreachable-branch evidence; confirm dynamic loading manually,,assets/runtime/ui/interfaces/** and assets/runtime/ui/shared/**,模块级候选，非逐文件映射 / Package-level candidate only: assets/runtime/ui/interfaces/** and assets/runtime/ui/shared/**,HIGH / 高,已替代，归档候选 / Superseded Archive Candidate,资源工程复核 / Resource Engineering Review,是 / Yes,仅在旧函数或不可达分支中出现；确认去留。 / Mentioned only by a legacy function or unreachable branch; confirm disposition.
165,1330,界面权益外框v03,Ui Benefits Shell v03,二级弹窗,Secondary UI,assets/runtime/ui/secondary_centered_v04/frames/ui_benefits_shell_v03.png,当前静态扫描未发现引用 / No current static reference found,旧函数或不可达分支线索；须人工确认动态加载 / Legacy or unreachable-branch evidence; confirm dynamic loading manually,,assets/runtime/ui/interfaces/** and assets/runtime/ui/shared/**,模块级候选，非逐文件映射 / Package-level candidate only: assets/runtime/ui/interfaces/** and assets/runtime/ui/shared/**,LOW / 低,已替代，归档候选 / Superseded Archive Candidate,资源工程复核 / Resource Engineering Review,是 / Yes,仅在旧函数或不可达分支中出现；确认去留。 / Mentioned only by a legacy function or unreachable branch; confirm disposition. 来源链需人工复核。 / Provenance chain requires manual review.
166,1331,界面每日签到外框v03,Ui Daily Signin Shell v03,二级弹窗,Secondary UI,assets/runtime/ui/secondary_centered_v04/frames/ui_daily_signin_shell_v03.png,当前静态扫描未发现引用 / No current static reference found,旧函数或不可达分支线索；须人工确认动态加载 / Legacy or unreachable-branch evidence; confirm dynamic loading manually,,assets/runtime/ui/interfaces/** and assets/runtime/ui/shared/**,模块级候选，非逐文件映射 / Package-level candidate only: assets/runtime/ui/interfaces/** and assets/runtime/ui/shared/**,LOW / 低,已替代，归档候选 / Superseded Archive Candidate,资源工程复核 / Resource Engineering Review,是 / Yes,仅在旧函数或不可达分支中出现；确认去留。 / Mentioned only by a legacy function or unreachable branch; confirm disposition. 来源链需人工复核。 / Provenance chain requires manual review.
167,1332,界面每日任务外框v03底部,Ui Daily Tasks Shell v03 Bottom,二级弹窗,Secondary UI,assets/runtime/ui/secondary_centered_v04/frames/ui_daily_tasks_shell_v03_bottom.png,当前静态扫描未发现引用 / No current static reference found,旧函数或不可达分支线索；须人工确认动态加载 / Legacy or unreachable-branch evidence; confirm dynamic loading manually,,assets/runtime/ui/interfaces/** and assets/runtime/ui/shared/**,模块级候选，非逐文件映射 / Package-level candidate only: assets/runtime/ui/interfaces/** and assets/runtime/ui/shared/**,LOW / 低,已替代，归档候选 / Superseded Archive Candidate,资源工程复核 / Resource Engineering Review,是 / Yes,仅在旧函数或不可达分支中出现；确认去留。 / Mentioned only by a legacy function or unreachable branch; confirm disposition. 来源链需人工复核。 / Provenance chain requires manual review.
168,1333,界面每日任务外框v03middle,Ui Daily Tasks Shell v03 Middle,二级弹窗,Secondary UI,assets/runtime/ui/secondary_centered_v04/frames/ui_daily_tasks_shell_v03_middle.png,当前静态扫描未发现引用 / No current static reference found,旧函数或不可达分支线索；须人工确认动态加载 / Legacy or unreachable-branch evidence; confirm dynamic loading manually,,assets/runtime/ui/interfaces/** and assets/runtime/ui/shared/**,模块级候选，非逐文件映射 / Package-level candidate only: assets/runtime/ui/interfaces/** and assets/runtime/ui/shared/**,LOW / 低,已替代，归档候选 / Superseded Archive Candidate,资源工程复核 / Resource Engineering Review,是 / Yes,仅在旧函数或不可达分支中出现；确认去留。 / Mentioned only by a legacy function or unreachable branch; confirm disposition. 来源链需人工复核。 / Provenance chain requires manual review.
169,1334,界面每日任务外框v03顶部,Ui Daily Tasks Shell v03 Top,二级弹窗,Secondary UI,assets/runtime/ui/secondary_centered_v04/frames/ui_daily_tasks_shell_v03_top.png,当前静态扫描未发现引用 / No current static reference found,旧函数或不可达分支线索；须人工确认动态加载 / Legacy or unreachable-branch evidence; confirm dynamic loading manually,,assets/runtime/ui/interfaces/** and assets/runtime/ui/shared/**,模块级候选，非逐文件映射 / Package-level candidate only: assets/runtime/ui/interfaces/** and assets/runtime/ui/shared/**,LOW / 低,已替代，归档候选 / Superseded Archive Candidate,资源工程复核 / Resource Engineering Review,是 / Yes,仅在旧函数或不可达分支中出现；确认去留。 / Mentioned only by a legacy function or unreachable branch; confirm disposition. 来源链需人工复核。 / Provenance chain requires manual review.
170,1335,待命名（Badge Dot）,Badge Dot,二级弹窗,Secondary UI,assets/runtime/ui/secondary/badge_dot.svg,当前静态扫描未发现引用 / No current static reference found,旧函数或不可达分支线索；须人工确认动态加载 / Legacy or unreachable-branch evidence; confirm dynamic loading manually,,assets/runtime/ui/interfaces/** and assets/runtime/ui/shared/**,模块级候选，非逐文件映射 / Package-level candidate only: assets/runtime/ui/interfaces/** and assets/runtime/ui/shared/**,LOW / 低,已替代，归档候选 / Superseded Archive Candidate,资源工程复核 / Resource Engineering Review,是 / Yes,未发现当前运行引用；确认动态使用后再清理。 / No current runtime reference found; confirm dynamic use before cleanup. 来源链需人工复核。 / Provenance chain requires manual review.
171,1336,待命名（Button Blue）,Button Blue,二级弹窗,Secondary UI,assets/runtime/ui/secondary/button_blue.svg,当前静态扫描未发现引用 / No current static reference found,旧函数或不可达分支线索；须人工确认动态加载 / Legacy or unreachable-branch evidence; confirm dynamic loading manually,,assets/runtime/ui/interfaces/** and assets/runtime/ui/shared/**,模块级候选，非逐文件映射 / Package-level candidate only: assets/runtime/ui/interfaces/** and assets/runtime/ui/shared/**,LOW / 低,已替代，归档候选 / Superseded Archive Candidate,资源工程复核 / Resource Engineering Review,是 / Yes,未发现当前运行引用；确认动态使用后再清理。 / No current runtime reference found; confirm dynamic use before cleanup. 来源链需人工复核。 / Provenance chain requires manual review.
172,1337,待命名（Button Red）,Button Red,二级弹窗,Secondary UI,assets/runtime/ui/secondary/button_red.svg,当前静态扫描未发现引用 / No current static reference found,旧函数或不可达分支线索；须人工确认动态加载 / Legacy or unreachable-branch evidence; confirm dynamic loading manually,,assets/runtime/ui/interfaces/** and assets/runtime/ui/shared/**,模块级候选，非逐文件映射 / Package-level candidate only: assets/runtime/ui/interfaces/** and assets/runtime/ui/shared/**,LOW / 低,已替代，归档候选 / Superseded Archive Candidate,资源工程复核 / Resource Engineering Review,是 / Yes,未发现当前运行引用；确认动态使用后再清理。 / No current runtime reference found; confirm dynamic use before cleanup. 来源链需人工复核。 / Provenance chain requires manual review.
173,1338,待命名（Button Yellow）,Button Yellow,二级弹窗,Secondary UI,assets/runtime/ui/secondary/button_yellow.svg,当前静态扫描未发现引用 / No current static reference found,旧函数或不可达分支线索；须人工确认动态加载 / Legacy or unreachable-branch evidence; confirm dynamic loading manually,,assets/runtime/ui/interfaces/** and assets/runtime/ui/shared/**,模块级候选，非逐文件映射 / Package-level candidate only: assets/runtime/ui/interfaces/** and assets/runtime/ui/shared/**,LOW / 低,已替代，归档候选 / Superseded Archive Candidate,资源工程复核 / Resource Engineering Review,是 / Yes,未发现当前运行引用；确认动态使用后再清理。 / No current runtime reference found; confirm dynamic use before cleanup. 来源链需人工复核。 / Provenance chain requires manual review.
174,1339,待命名（Panel Dark）,Panel Dark,二级弹窗,Secondary UI,assets/runtime/ui/secondary/panel_dark.svg,当前静态扫描未发现引用 / No current static reference found,旧函数或不可达分支线索；须人工确认动态加载 / Legacy or unreachable-branch evidence; confirm dynamic loading manually,,assets/runtime/ui/interfaces/** and assets/runtime/ui/shared/**,模块级候选，非逐文件映射 / Package-level candidate only: assets/runtime/ui/interfaces/** and assets/runtime/ui/shared/**,LOW / 低,已替代，归档候选 / Superseded Archive Candidate,资源工程复核 / Resource Engineering Review,是 / Yes,未发现当前运行引用；确认动态使用后再清理。 / No current runtime reference found; confirm dynamic use before cleanup. 来源链需人工复核。 / Provenance chain requires manual review.
175,1340,面板外框,Panel Shell,二级弹窗,Secondary UI,assets/runtime/ui/secondary/panel_shell.svg,当前静态扫描未发现引用 / No current static reference found,旧函数或不可达分支线索；须人工确认动态加载 / Legacy or unreachable-branch evidence; confirm dynamic loading manually,,assets/runtime/ui/interfaces/** and assets/runtime/ui/shared/**,模块级候选，非逐文件映射 / Package-level candidate only: assets/runtime/ui/interfaces/** and assets/runtime/ui/shared/**,LOW / 低,已替代，归档候选 / Superseded Archive Candidate,资源工程复核 / Resource Engineering Review,是 / Yes,未发现当前运行引用；确认动态使用后再清理。 / No current runtime reference found; confirm dynamic use before cleanup. 来源链需人工复核。 / Provenance chain requires manual review.
176,1341,进度填充,Progress Fill,二级弹窗,Secondary UI,assets/runtime/ui/secondary/progress_fill.svg,当前静态扫描未发现引用 / No current static reference found,旧函数或不可达分支线索；须人工确认动态加载 / Legacy or unreachable-branch evidence; confirm dynamic loading manually,,assets/runtime/ui/interfaces/** and assets/runtime/ui/shared/**,模块级候选，非逐文件映射 / Package-level candidate only: assets/runtime/ui/interfaces/** and assets/runtime/ui/shared/**,LOW / 低,已替代，归档候选 / Superseded Archive Candidate,资源工程复核 / Resource Engineering Review,是 / Yes,未发现当前运行引用；确认动态使用后再清理。 / No current runtime reference found; confirm dynamic use before cleanup. 来源链需人工复核。 / Provenance chain requires manual review.
177,1342,进度轨道,Progress Track,二级弹窗,Secondary UI,assets/runtime/ui/secondary/progress_track.svg,当前静态扫描未发现引用 / No current static reference found,旧函数或不可达分支线索；须人工确认动态加载 / Legacy or unreachable-branch evidence; confirm dynamic loading manually,,assets/runtime/ui/interfaces/** and assets/runtime/ui/shared/**,模块级候选，非逐文件映射 / Package-level candidate only: assets/runtime/ui/interfaces/** and assets/runtime/ui/shared/**,LOW / 低,已替代，归档候选 / Superseded Archive Candidate,资源工程复核 / Resource Engineering Review,是 / Yes,未发现当前运行引用；确认动态使用后再清理。 / No current runtime reference found; confirm dynamic use before cleanup. 来源链需人工复核。 / Provenance chain requires manual review.
178,1343,行外框,Row Shell,二级弹窗,Secondary UI,assets/runtime/ui/secondary/row_shell.svg,当前静态扫描未发现引用 / No current static reference found,旧函数或不可达分支线索；须人工确认动态加载 / Legacy or unreachable-branch evidence; confirm dynamic loading manually,,assets/runtime/ui/interfaces/** and assets/runtime/ui/shared/**,模块级候选，非逐文件映射 / Package-level candidate only: assets/runtime/ui/interfaces/** and assets/runtime/ui/shared/**,LOW / 低,已替代，归档候选 / Superseded Archive Candidate,资源工程复核 / Resource Engineering Review,是 / Yes,未发现当前运行引用；确认动态使用后再清理。 / No current runtime reference found; confirm dynamic use before cleanup. 来源链需人工复核。 / Provenance chain requires manual review.
179,1344,槽位外框,Slot Shell,二级弹窗,Secondary UI,assets/runtime/ui/secondary/slot_shell.svg,当前静态扫描未发现引用 / No current static reference found,旧函数或不可达分支线索；须人工确认动态加载 / Legacy or unreachable-branch evidence; confirm dynamic loading manually,,assets/runtime/ui/interfaces/** and assets/runtime/ui/shared/**,模块级候选，非逐文件映射 / Package-level candidate only: assets/runtime/ui/interfaces/** and assets/runtime/ui/shared/**,LOW / 低,已替代，归档候选 / Superseded Archive Candidate,资源工程复核 / Resource Engineering Review,是 / Yes,未发现当前运行引用；确认动态使用后再清理。 / No current runtime reference found; confirm dynamic use before cleanup. 来源链需人工复核。 / Provenance chain requires manual review.
180,1345,待命名（Switch Off）,Switch Off,二级弹窗,Secondary UI,assets/runtime/ui/secondary/switch_off.svg,当前静态扫描未发现引用 / No current static reference found,旧函数或不可达分支线索；须人工确认动态加载 / Legacy or unreachable-branch evidence; confirm dynamic loading manually,,assets/runtime/ui/interfaces/** and assets/runtime/ui/shared/**,模块级候选，非逐文件映射 / Package-level candidate only: assets/runtime/ui/interfaces/** and assets/runtime/ui/shared/**,LOW / 低,已替代，归档候选 / Superseded Archive Candidate,资源工程复核 / Resource Engineering Review,是 / Yes,未发现当前运行引用；确认动态使用后再清理。 / No current runtime reference found; confirm dynamic use before cleanup. 来源链需人工复核。 / Provenance chain requires manual review.
181,1346,待命名（Switch On）,Switch On,二级弹窗,Secondary UI,assets/runtime/ui/secondary/switch_on.svg,当前静态扫描未发现引用 / No current static reference found,旧函数或不可达分支线索；须人工确认动态加载 / Legacy or unreachable-branch evidence; confirm dynamic loading manually,,assets/runtime/ui/interfaces/** and assets/runtime/ui/shared/**,模块级候选，非逐文件映射 / Package-level candidate only: assets/runtime/ui/interfaces/** and assets/runtime/ui/shared/**,LOW / 低,已替代，归档候选 / Superseded Archive Candidate,资源工程复核 / Resource Engineering Review,是 / Yes,未发现当前运行引用；确认动态使用后再清理。 / No current runtime reference found; confirm dynamic use before cleanup. 来源链需人工复核。 / Provenance chain requires manual review.
182,1347,待命名（Tab Shell）,Tab Shell,二级弹窗,Secondary UI,assets/runtime/ui/secondary/tab_shell.svg,当前静态扫描未发现引用 / No current static reference found,旧函数或不可达分支线索；须人工确认动态加载 / Legacy or unreachable-branch evidence; confirm dynamic loading manually,,assets/runtime/ui/interfaces/** and assets/runtime/ui/shared/**,模块级候选，非逐文件映射 / Package-level candidate only: assets/runtime/ui/interfaces/** and assets/runtime/ui/shared/**,LOW / 低,已替代，归档候选 / Superseded Archive Candidate,资源工程复核 / Resource Engineering Review,是 / Yes,未发现当前运行引用；确认动态使用后再清理。 / No current runtime reference found; confirm dynamic use before cleanup. 来源链需人工复核。 / Provenance chain requires manual review.
183,1348,待命名（Title Blue）,Title Blue,二级弹窗,Secondary UI,assets/runtime/ui/secondary/title_blue.svg,当前静态扫描未发现引用 / No current static reference found,旧函数或不可达分支线索；须人工确认动态加载 / Legacy or unreachable-branch evidence; confirm dynamic loading manually,,assets/runtime/ui/interfaces/** and assets/runtime/ui/shared/**,模块级候选，非逐文件映射 / Package-level candidate only: assets/runtime/ui/interfaces/** and assets/runtime/ui/shared/**,LOW / 低,已替代，归档候选 / Superseded Archive Candidate,资源工程复核 / Resource Engineering Review,是 / Yes,未发现当前运行引用；确认动态使用后再清理。 / No current runtime reference found; confirm dynamic use before cleanup. 来源链需人工复核。 / Provenance chain requires manual review.
184,1376,能量填充,Energy Fill,着色器,Shaders,shaders/energy_fill.gdshader,当前静态扫描未发现引用 / No current static reference found,旧函数或不可达分支线索；须人工确认动态加载 / Legacy or unreachable-branch evidence; confirm dynamic loading manually,,,未找到替代映射 / No replacement mapping found,LOW / 低,保留 / Retain,资源工程复核 / Resource Engineering Review,是 / Yes,未发现当前运行引用；确认动态使用后再清理。 / No current runtime reference found; confirm dynamic use before cleanup. 来源链需人工复核。 / Provenance chain requires manual review.
185,1379,待命名（Ui Locked Grayscale）,Ui Locked Grayscale,着色器,Shaders,shaders/ui_locked_grayscale.gdshader,当前静态扫描未发现引用 / No current static reference found,旧函数或不可达分支线索；须人工确认动态加载 / Legacy or unreachable-branch evidence; confirm dynamic loading manually,,,未找到替代映射 / No replacement mapping found,LOW / 低,保留 / Retain,资源工程复核 / Resource Engineering Review,是 / Yes,仅在旧函数或不可达分支中出现；确认去留。 / Mentioned only by a legacy function or unreachable branch; confirm disposition. 来源链需人工复核。 / Provenance chain requires manual review.
186,1247,按钮确认,Button Confirm,技能选择界面,Skill Choice UI,assets/runtime/ui/screens/skill_choice/button_confirm.png,当前静态扫描未发现引用 / No current static reference found,旧函数或不可达分支线索；须人工确认动态加载 / Legacy or unreachable-branch evidence; confirm dynamic loading manually,,assets/runtime/ui/interfaces/imprint_choice/**,模块级候选，非逐文件映射 / Package-level candidate only: assets/runtime/ui/interfaces/imprint_choice/**,HIGH / 高,已替代，归档候选 / Superseded Archive Candidate,资源工程复核 / Resource Engineering Review,是 / Yes,仅在旧函数或不可达分支中出现；确认去留。 / Mentioned only by a legacy function or unreachable branch; confirm disposition. 原始来源路径当前不存在，保持历史删除状态。 / An original-source path is currently missing; preserve its deletion state.
187,1248,面板,Panel,技能选择界面,Skill Choice UI,assets/runtime/ui/screens/skill_choice/panel.png,当前静态扫描未发现引用 / No current static reference found,旧函数或不可达分支线索；须人工确认动态加载 / Legacy or unreachable-branch evidence; confirm dynamic loading manually,,assets/runtime/ui/interfaces/imprint_choice/**,模块级候选，非逐文件映射 / Package-level candidate only: assets/runtime/ui/interfaces/imprint_choice/**,HIGH / 高,已替代，归档候选 / Superseded Archive Candidate,资源工程复核 / Resource Engineering Review,是 / Yes,仅在旧函数或不可达分支中出现；确认去留。 / Mentioned only by a legacy function or unreachable branch; confirm disposition. 原始来源路径当前不存在，保持历史删除状态。 / An original-source path is currently missing; preserve its deletion state.
188,1249,标题,Title,技能选择界面,Skill Choice UI,assets/runtime/ui/screens/skill_choice/title.png,当前静态扫描未发现引用 / No current static reference found,旧函数或不可达分支线索；须人工确认动态加载 / Legacy or unreachable-branch evidence; confirm dynamic loading manually,,assets/runtime/ui/interfaces/imprint_choice/**,模块级候选，非逐文件映射 / Package-level candidate only: assets/runtime/ui/interfaces/imprint_choice/**,HIGH / 高,已替代，归档候选 / Superseded Archive Candidate,资源工程复核 / Resource Engineering Review,是 / Yes,仅在旧函数或不可达分支中出现；确认去留。 / Mentioned only by a legacy function or unreachable branch; confirm disposition. 原始来源路径当前不存在，保持历史删除状态。 / An original-source path is currently missing; preserve its deletion state.
189,1250,标题,Title,波次选择界面,Wave Choice UI,assets/runtime/ui/screens/wave_choice/title.png,当前静态扫描未发现引用 / No current static reference found,旧函数或不可达分支线索；须人工确认动态加载 / Legacy or unreachable-branch evidence; confirm dynamic loading manually,,assets/runtime/ui/interfaces/crystal_card_choice/**,模块级候选，非逐文件映射 / Package-level candidate only: assets/runtime/ui/interfaces/crystal_card_choice/**,HIGH / 高,已替代，归档候选 / Superseded Archive Candidate,资源工程复核 / Resource Engineering Review,是 / Yes,仅在旧函数或不可达分支中出现；确认去留。 / Mentioned only by a legacy function or unreachable branch; confirm disposition. 原始来源路径当前不存在，保持历史删除状态。 / An original-source path is currently missing; preserve its deletion state.
